date,sku,store,qty_sold,selling_price
2026-08-18,ACC-BEL-231,HSR Layout,1,449
2026-08-18,AIR-LG-168,HSR Layout,1,32999
2026-08-18,AIR-LG-169,HSR Layout,1,28889
2026-08-18,AIR-LG-170,HSR Layout,1,29159
2026-08-18,AIR-LG-175,HSR Layout,1,43509
2026-08-18,CAM-CAN-213,HSR Layout,1,59599
2026-08-18,CAM-NIK-209,HSR Layout,1,61739
2026-08-18,GAM-NIN-229,HSR Layout,2,50199
2026-08-18,HEA-BOA-189,HSR Layout,1,20234
2026-08-18,HEA-BOA-191,HSR Layout,1,24999
2026-08-18,HEA-JBL-182,HSR Layout,1,23654
2026-08-18,HEA-SON-179,HSR Layout,1,5939
2026-08-18,HP-ANC-700,HSR Layout,2,18990
2026-08-18,LAP-DEL-123,HSR Layout,1,94904
2026-08-18,LAP-HP-119,HSR Layout,1,70399
2026-08-18,LAP-LEN-116,HSR Layout,1,90399
2026-08-18,LAP-LEN-125,HSR Layout,2,75714
2026-08-18,REF-LG-141,HSR Layout,1,84899
2026-08-18,REF-LG-144,HSR Layout,1,32599
2026-08-18,REF-LG-151,HSR Layout,1,51749
2026-08-18,SMA-APP-109,HSR Layout,1,43399
2026-08-18,SMA-APP-110,HSR Layout,1,22859
2026-08-18,SMA-APP-204,HSR Layout,2,42499
2026-08-18,SMA-NOI-195,HSR Layout,1,28799
2026-08-18,SMA-NOI-200,HSR Layout,1,30299
2026-08-18,SMA-SAM-101,HSR Layout,1,41939
2026-08-18,SMA-XIA-104,HSR Layout,1,65429
2026-08-18,TEL-SON-135,HSR Layout,1,46499
2026-08-18,TEL-XIA-136,HSR Layout,4,52154
2026-08-18,TV-55Q7,HSR Layout,2,58990
2026-08-18,WAS-LG-155,HSR Layout,1,41799
2026-08-18,WAS-LG-160,HSR Layout,1,36179
2026-08-18,WAS-WHI-154,HSR Layout,1,48399
2026-08-18,ACC-MI-243,Indiranagar,2,2599
2026-08-18,ACC-POR-242,Indiranagar,1,1424
2026-08-18,AIR-BLU-178,Indiranagar,1,35279
2026-08-18,AIR-DAI-172,Indiranagar,1,58799
2026-08-18,AIR-DAI-176,Indiranagar,1,46999
2026-08-18,AIR-LG-166,Indiranagar,1,50499
2026-08-18,CAM-CAN-210,Indiranagar,1,83899
2026-08-18,CAM-CAN-213,Indiranagar,2,59599
2026-08-18,CAM-NIK-209,Indiranagar,1,65169
2026-08-18,CAM-NIK-216,Indiranagar,1,81889
2026-08-18,CAM-SON-205,Indiranagar,1,57599
2026-08-18,GAM-MIC-227,Indiranagar,1,44899
2026-08-18,GAM-NIN-229,Indiranagar,4,50199
2026-08-18,GAM-SON-219,Indiranagar,1,46259
2026-08-18,HEA-BOA-189,Indiranagar,5,21299
2026-08-18,HEA-JBL-185,Indiranagar,2,11339
2026-08-18,HEA-JBL-187,Indiranagar,1,23899
2026-08-18,HEA-SON-179,Indiranagar,1,6599
2026-08-18,HP-ANC-700,Indiranagar,6,17991
2026-08-18,REF-LG-152,Indiranagar,1,68219
2026-08-18,SMA-APP-199,Indiranagar,1,35099
2026-08-18,SMA-ONE-103,Indiranagar,1,28499
2026-08-18,SMA-SAM-113,Indiranagar,2,46079
2026-08-18,SMA-SAM-196,Indiranagar,1,17099
2026-08-18,TEL-SAM-128,Indiranagar,1,113524
2026-08-18,TEL-SAM-133,Indiranagar,1,46454
2026-08-18,TEL-XIA-127,Indiranagar,1,18399
2026-08-18,ACC-BEL-231,Jayanagar,1,499
2026-08-18,ACC-BEL-234,Jayanagar,1,1349
2026-08-18,ACC-POR-235,Jayanagar,1,599
2026-08-18,AIR-BLU-173,Jayanagar,1,55399
2026-08-18,AIR-DAI-176,Jayanagar,2,46999
2026-08-18,CAM-CAN-213,Jayanagar,1,53639
2026-08-18,CAM-NIK-211,Jayanagar,1,95039
2026-08-18,CAM-NIK-216,Jayanagar,1,86199
2026-08-18,CAM-SON-208,Jayanagar,1,102124
2026-08-18,GAM-MIC-230,Jayanagar,3,30299
2026-08-18,GAM-SON-219,Jayanagar,1,46259
2026-08-18,GAM-SON-222,Jayanagar,1,54699
2026-08-18,HEA-BOS-190,Jayanagar,1,25919
2026-08-18,HEA-JBL-182,Jayanagar,1,24899
2026-08-18,LAP-DEL-121,Jayanagar,1,64299
2026-08-18,LAP-I5-G12,Jayanagar,1,54140
2026-08-18,LAP-LEN-116,Jayanagar,1,90399
2026-08-18,LAP-LEN-117,Jayanagar,1,53099
2026-08-18,REF-GOD-140,Jayanagar,3,28594
2026-08-18,REF-LG-149,Jayanagar,1,27699
2026-08-18,REF-LG-151,Jayanagar,1,57499
2026-08-18,REF-LG-152,Jayanagar,1,72009
2026-08-18,REF-WHI-145,Jayanagar,2,56999
2026-08-18,SMA-APP-198,Jayanagar,1,26099
2026-08-18,SMA-NOI-197,Jayanagar,1,8399
2026-08-18,SMA-SAM-113,Jayanagar,1,51199
2026-08-18,SMA-SAM-201,Jayanagar,1,4844
2026-08-18,TEL-SAM-133,Jayanagar,2,48899
2026-08-18,WAS-IFB-153,Jayanagar,1,22499
2026-08-18,WAS-IFB-157,Jayanagar,1,33499
2026-08-18,WAS-IFB-162,Jayanagar,1,15029
2026-08-18,WAS-LG-155,Jayanagar,2,43999
2026-08-18,WAS-SAM-163,Jayanagar,1,39804
2026-08-18,WM-FL-8KG,Jayanagar,2,33291
2026-08-18,ACC-ANK-232,Koramangala,1,2339
2026-08-18,ACC-MI-240,Koramangala,1,3899
2026-08-18,ACC-MI-243,Koramangala,1,2469
2026-08-18,AIR-BLU-167,Koramangala,1,61599
2026-08-18,AIR-DAI-172,Koramangala,1,55859
2026-08-18,AIR-LG-168,Koramangala,1,31349
2026-08-18,AIR-LG-170,Koramangala,1,32399
2026-08-18,CAM-NIK-215,Koramangala,2,40659
2026-08-18,CAM-SON-208,Koramangala,1,102124
2026-08-18,GAM-MIC-225,Koramangala,3,52399
2026-08-18,GAM-NIN-220,Koramangala,1,43599
2026-08-18,GAM-SON-222,Koramangala,2,54699
2026-08-18,HEA-JBL-182,Koramangala,1,24899
2026-08-18,LAP-DEL-115,Koramangala,1,112999
2026-08-18,LAP-DEL-123,Koramangala,1,89909
2026-08-18,LAP-LEN-116,Koramangala,1,90399
2026-08-18,REF-GOD-140,Koramangala,1,28594
2026-08-18,REF-GOD-143,Koramangala,3,51299
2026-08-18,REF-GOD-146,Koramangala,1,34399
2026-08-18,REF-LG-149,Koramangala,1,26314
2026-08-18,REF-SAM-147,Koramangala,1,45199
2026-08-18,SMA-APP-199,Koramangala,1,35099
2026-08-18,SMA-NOI-194,Koramangala,2,3599
2026-08-18,SMA-NOI-197,Koramangala,1,8399
2026-08-18,SMA-ONE-106,Koramangala,1,80084
2026-08-18,SMA-ONE-107,Koramangala,1,66499
2026-08-18,SMA-SAM-113,Koramangala,1,46079
2026-08-18,SMA-SAM-193,Koramangala,1,11499
2026-08-18,SMA-VIV-102,Koramangala,1,31859
2026-08-18,TEL-LG-138,Koramangala,2,90699
2026-08-18,TEL-SON-135,Koramangala,1,41849
2026-08-18,TEL-XIA-127,Koramangala,1,18399
2026-08-18,TEL-XIA-132,Koramangala,2,107599
2026-08-18,TV-55Q7,Koramangala,1,58990
2026-08-18,WAS-BOS-165,Koramangala,4,42299
2026-08-18,WAS-IFB-159,Koramangala,1,32964
2026-08-18,WAS-SAM-156,Koramangala,1,27199
2026-08-18,ACC-ANK-233,Malleshwaram,3,3399
2026-08-18,ACC-ANK-239,Malleshwaram,1,1079
2026-08-18,ACC-MI-243,Malleshwaram,1,2339
2026-08-18,AIR-BLU-167,Malleshwaram,1,61599
2026-08-18,AIR-BLU-173,Malleshwaram,1,49859
2026-08-18,AIR-BLU-178,Malleshwaram,1,39199
2026-08-18,AIR-LG-168,Malleshwaram,2,32999
2026-08-18,AIR-LG-170,Malleshwaram,3,32399
2026-08-18,CAM-CAN-206,Malleshwaram,3,67199
2026-08-18,CAM-NIK-215,Malleshwaram,3,42799
2026-08-18,CAM-NIK-217,Malleshwaram,2,59199
2026-08-18,GAM-MIC-223,Malleshwaram,1,48399
2026-08-18,GAM-MIC-227,Malleshwaram,1,44899
2026-08-18,GAM-NIN-224,Malleshwaram,1,31199
2026-08-18,GAM-NIN-226,Malleshwaram,1,34099
2026-08-18,GAM-NIN-229,Malleshwaram,1,47689
2026-08-18,HEA-BOA-183,Malleshwaram,3,4409
2026-08-18,HEA-BOS-190,Malleshwaram,1,25919
2026-08-18,HEA-JBL-187,Malleshwaram,2,21509
2026-08-18,LAP-ACE-118,Malleshwaram,1,52199
2026-08-18,LAP-ASU-120,Malleshwaram,2,73979
2026-08-18,LAP-DEL-123,Malleshwaram,1,99899
2026-08-18,LAP-I5-G12,Malleshwaram,1,56990
2026-08-18,LAP-LEN-117,Malleshwaram,1,58999
2026-08-18,REF-GOD-140,Malleshwaram,1,27089
2026-08-18,REF-WHI-145,Malleshwaram,3,56999
2026-08-18,SMA-APP-109,Malleshwaram,1,43399
2026-08-18,SMA-APP-199,Malleshwaram,1,38999
2026-08-18,SMA-APP-202,Malleshwaram,1,26199
2026-08-18,SMA-NOI-197,Malleshwaram,2,8399
2026-08-18,SMA-SAM-101,Malleshwaram,1,46599
2026-08-18,SMA-SAM-112,Malleshwaram,1,55099
2026-08-18,SMA-SAM-201,Malleshwaram,1,5099
2026-08-18,TEL-SAM-133,Malleshwaram,1,48899
2026-08-18,TEL-SON-135,Malleshwaram,1,44174
2026-08-18,TEL-SON-139,Malleshwaram,1,73299
2026-08-18,TEL-XIA-127,Malleshwaram,1,17479
2026-08-18,WAS-BOS-165,Malleshwaram,1,42299
2026-08-18,WAS-IFB-162,Malleshwaram,1,15864
2026-08-18,WAS-SAM-156,Malleshwaram,1,25839
2026-08-18,WAS-SAM-163,Malleshwaram,2,37709
2026-08-18,ACC-ANK-232,Whitefield,2,2469
2026-08-18,ACC-ANK-239,Whitefield,1,1139
2026-08-18,ACC-BEL-238,Whitefield,1,3039
2026-08-18,ACC-MI-243,Whitefield,1,2339
2026-08-18,ACC-POR-236,Whitefield,1,499
2026-08-18,ACC-POR-241,Whitefield,1,1599
2026-08-18,AIR-LG-175,Whitefield,1,45799
2026-08-18,AIR-VOL-177,Whitefield,1,34099
2026-08-18,CAM-NIK-209,Whitefield,1,65169
2026-08-18,CAM-NIK-212,Whitefield,1,94524
2026-08-18,CAM-NIK-215,Whitefield,1,42799
2026-08-18,GAM-NIN-220,Whitefield,2,43599
2026-08-18,GAM-NIN-226,Whitefield,1,34099
2026-08-18,GAM-NIN-229,Whitefield,1,50199
2026-08-18,GAM-SON-219,Whitefield,1,48829
2026-08-18,GAM-SON-222,Whitefield,2,54699
2026-08-18,HEA-BOA-183,Whitefield,1,4899
2026-08-18,HEA-BOS-181,Whitefield,1,9404
2026-08-18,HEA-JBL-180,Whitefield,1,20099
2026-08-18,HEA-JBL-184,Whitefield,1,23399
2026-08-18,HEA-JBL-185,Whitefield,1,11339
2026-08-18,LAP-ASU-120,Whitefield,1,73979
2026-08-18,LAP-DEL-124,Whitefield,1,71009
2026-08-18,LAP-I5-G12,Whitefield,2,54140
2026-08-18,LAP-LEN-126,Whitefield,1,110299
2026-08-18,REF-GOD-146,Whitefield,3,34399
2026-08-18,REF-LG-149,Whitefield,1,26314
2026-08-18,REF-LG-152,Whitefield,1,75799
2026-08-18,SMA-APP-109,Whitefield,3,43399
2026-08-18,SMA-APP-198,Whitefield,1,26099
2026-08-18,TEL-LG-138,Whitefield,2,86164
2026-08-18,TEL-SON-135,Whitefield,1,44174
2026-08-18,TEL-SON-139,Whitefield,2,73299
2026-08-18,TEL-XIA-136,Whitefield,1,54899
2026-08-18,WAS-IFB-153,Whitefield,1,22499
2026-08-18,WAS-IFB-162,Whitefield,1,16699
2026-08-18,WAS-WHI-154,Whitefield,1,48399
2026-08-18,WAS-WHI-164,Whitefield,1,17099
2026-08-19,ACC-ANK-233,HSR Layout,1,3229
2026-08-19,ACC-ANK-239,HSR Layout,1,1199
2026-08-19,ACC-POR-242,HSR Layout,2,1499
2026-08-19,AIR-BLU-167,HSR Layout,1,61599
2026-08-19,AIR-LG-166,HSR Layout,1,47974
2026-08-19,AIR-LG-168,HSR Layout,1,32999
2026-08-19,AIR-LG-175,HSR Layout,2,45799
2026-08-19,CAM-NIK-209,HSR Layout,1,68599
2026-08-19,GAM-NIN-220,HSR Layout,1,43599
2026-08-19,GAM-NIN-228,HSR Layout,2,49799
2026-08-19,GAM-SON-219,HSR Layout,2,46259
2026-08-19,HEA-BOA-191,HSR Layout,1,24999
2026-08-19,HEA-BOS-181,HSR Layout,1,9899
2026-08-19,HEA-BOS-190,HSR Layout,1,28799
2026-08-19,HEA-JBL-182,HSR Layout,1,23654
2026-08-19,LAP-I5-G12,HSR Layout,1,54140
2026-08-19,LAP-LEN-125,HSR Layout,1,79699
2026-08-19,REF-LG-150,HSR Layout,1,49399
2026-08-19,REF-LG-151,HSR Layout,1,51749
2026-08-19,SMA-AMA-192,HSR Layout,1,38284
2026-08-19,SMA-NOI-194,HSR Layout,2,3419
2026-08-19,SMA-NOI-195,HSR Layout,2,28799
2026-08-19,SMA-XIA-104,HSR Layout,1,69064
2026-08-19,TEL-SON-130,HSR Layout,1,58999
2026-08-19,TEL-XIA-136,HSR Layout,2,54899
2026-08-19,TV-55Q7,HSR Layout,1,58990
2026-08-19,WAS-BOS-165,HSR Layout,1,38069
2026-08-19,WAS-IFB-157,HSR Layout,1,30149
2026-08-19,WAS-IFB-159,HSR Layout,1,34699
2026-08-19,WAS-LG-155,HSR Layout,1,41799
2026-08-19,WAS-WHI-154,HSR Layout,5,48399
2026-08-19,WAS-WHI-164,HSR Layout,1,16244
2026-08-19,ACC-ANK-237,Indiranagar,1,2899
2026-08-19,ACC-BEL-238,Indiranagar,1,3199
2026-08-19,ACC-MI-243,Indiranagar,1,2469
2026-08-19,ACC-POR-241,Indiranagar,1,1439
2026-08-19,ACC-POR-242,Indiranagar,1,1424
2026-08-19,AIR-DAI-176,Indiranagar,1,46999
2026-08-19,AIR-LG-169,Indiranagar,1,30494
2026-08-19,AIR-VOL-177,Indiranagar,1,34099
2026-08-19,CAM-CAN-207,Indiranagar,2,86579
2026-08-19,CAM-CAN-213,Indiranagar,1,59599
2026-08-19,CAM-NIK-209,Indiranagar,1,65169
2026-08-19,GAM-MIC-223,Indiranagar,1,45979
2026-08-19,GAM-NIN-228,Indiranagar,1,47309
2026-08-19,HEA-BOA-189,Indiranagar,2,21299
2026-08-19,HEA-BOA-191,Indiranagar,1,23749
2026-08-19,HEA-JBL-185,Indiranagar,3,12599
2026-08-19,HP-ANC-700,Indiranagar,1,19990
2026-08-19,LAP-ACE-118,Indiranagar,2,46979
2026-08-19,LAP-DEL-122,Indiranagar,1,84959
2026-08-19,LAP-DEL-124,Indiranagar,1,78899
2026-08-19,LAP-LEN-116,Indiranagar,1,90399
2026-08-19,REF-GOD-140,Indiranagar,1,30099
2026-08-19,REF-GOD-143,Indiranagar,1,51299
2026-08-19,SMA-APP-198,Indiranagar,1,26099
2026-08-19,SMA-NOI-194,Indiranagar,1,3599
2026-08-19,SMA-ONE-103,Indiranagar,3,25649
2026-08-19,SMA-ONE-106,Indiranagar,1,84299
2026-08-19,SMA-SAM-101,Indiranagar,1,46599
2026-08-19,SMA-SAM-108,Indiranagar,1,55199
2026-08-19,SMA-SAM-113,Indiranagar,1,51199
2026-08-19,TEL-XIA-136,Indiranagar,1,54899
2026-08-19,WAS-IFB-162,Indiranagar,2,15029
2026-08-19,WAS-SAM-156,Indiranagar,1,25839
2026-08-19,WAS-WHI-161,Indiranagar,1,17599
2026-08-19,WAS-WHI-164,Indiranagar,1,15389
2026-08-19,ACC-ANK-233,Jayanagar,1,3399
2026-08-19,ACC-BEL-231,Jayanagar,1,474
2026-08-19,ACC-MI-243,Jayanagar,1,2599
2026-08-19,AIR-DAI-176,Jayanagar,1,44649
2026-08-19,AIR-LG-171,Jayanagar,1,57699
2026-08-19,CAM-CAN-206,Jayanagar,1,67199
2026-08-19,CAM-NIK-215,Jayanagar,1,38519
2026-08-19,CAM-NIK-217,Jayanagar,1,53279
2026-08-19,CAM-SON-208,Jayanagar,1,107499
2026-08-19,GAM-NIN-220,Jayanagar,1,41419
2026-08-19,GAM-NIN-228,Jayanagar,2,47309
2026-08-19,GAM-SON-219,Jayanagar,1,51399
2026-08-19,GAM-SON-221,Jayanagar,1,43599
2026-08-19,HEA-BOA-191,Jayanagar,1,24999
2026-08-19,HEA-BOS-181,Jayanagar,2,9899
2026-08-19,LAP-LEN-126,Jayanagar,1,104784
2026-08-19,REF-GOD-140,Jayanagar,2,28594
2026-08-19,REF-GOD-143,Jayanagar,1,46169
2026-08-19,REF-LG-149,Jayanagar,1,27699
2026-08-19,REF-LG-151,Jayanagar,1,54624
2026-08-19,REF-LG-152,Jayanagar,2,72009
2026-08-19,SMA-ONE-107,Jayanagar,1,66499
2026-08-19,SMA-SAM-193,Jayanagar,1,11499
2026-08-19,TEL-LG-138,Jayanagar,1,90699
2026-08-19,TEL-SON-139,Jayanagar,1,73299
2026-08-19,TEL-XIA-134,Jayanagar,1,119999
2026-08-19,WAS-BOS-165,Jayanagar,2,42299
2026-08-19,WAS-SAM-156,Jayanagar,1,25839
2026-08-19,WAS-SAM-163,Jayanagar,2,41899
2026-08-19,WM-FL-8KG,Jayanagar,2,35140
2026-08-19,ACC-BEL-231,Koramangala,1,449
2026-08-19,ACC-BEL-238,Koramangala,1,3199
2026-08-19,ACC-MI-243,Koramangala,1,2469
2026-08-19,ACC-POR-236,Koramangala,2,499
2026-08-19,AIR-BLU-167,Koramangala,2,61599
2026-08-19,AIR-LG-175,Koramangala,1,45799
2026-08-19,CAM-CAN-207,Koramangala,1,96199
2026-08-19,CAM-CAN-213,Koramangala,1,59599
2026-08-19,CAM-NIK-211,Koramangala,1,105599
2026-08-19,GAM-MIC-218,Koramangala,1,50999
2026-08-19,GAM-MIC-225,Koramangala,2,52399
2026-08-19,HEA-BOA-189,Koramangala,1,21299
2026-08-19,HEA-BOS-186,Koramangala,1,15294
2026-08-19,HEA-JBL-184,Koramangala,1,21059
2026-08-19,HEA-SON-188,Koramangala,1,4599
2026-08-19,LAP-ACE-118,Koramangala,2,52199
2026-08-19,LAP-DEL-123,Koramangala,1,99899
2026-08-19,LAP-I5-G12,Koramangala,1,56990
2026-08-19,LAP-LEN-116,Koramangala,2,90399
2026-08-19,LAP-LEN-125,Koramangala,1,79699
2026-08-19,REF-LG-141,Koramangala,1,84899
2026-08-19,SMA-APP-204,Koramangala,2,42499
2026-08-19,SMA-ONE-103,Koramangala,1,28499
2026-08-19,SMA-SAM-101,Koramangala,2,44269
2026-08-19,SMA-SAM-193,Koramangala,1,10349
2026-08-19,SW-FIT-3,Koramangala,1,8999
2026-08-19,TEL-SAM-133,Koramangala,1,46454
2026-08-19,TEL-SON-130,Koramangala,1,56049
2026-08-19,TEL-SON-135,Koramangala,1,46499
2026-08-19,TEL-XIA-127,Koramangala,1,18399
2026-08-19,TEL-XIA-132,Koramangala,3,107599
2026-08-19,TEL-XIA-136,Koramangala,1,49409
2026-08-19,TV-55Q7,Koramangala,4,58990
2026-08-19,WAS-LG-155,Koramangala,1,43999
2026-08-19,ACC-ANK-233,Malleshwaram,1,3229
2026-08-19,ACC-POR-235,Malleshwaram,1,599
2026-08-19,AIR-LG-168,Malleshwaram,2,29699
2026-08-19,AIR-LG-170,Malleshwaram,1,30779
2026-08-19,AIR-VOL-174,Malleshwaram,1,37299
2026-08-19,CAM-CAN-206,Malleshwaram,1,67199
2026-08-19,CAM-NIK-209,Malleshwaram,1,65169
2026-08-19,CAM-NIK-212,Malleshwaram,1,94524
2026-08-19,CAM-NIK-216,Malleshwaram,1,86199
2026-08-19,CAM-SON-205,Malleshwaram,1,57599
2026-08-19,GAM-NIN-226,Malleshwaram,1,34099
2026-08-19,GAM-NIN-229,Malleshwaram,2,50199
2026-08-19,GAM-SON-221,Malleshwaram,2,43599
2026-08-19,HEA-BOS-190,Malleshwaram,2,28799
2026-08-19,HEA-JBL-180,Malleshwaram,1,19094
2026-08-19,HEA-JBL-182,Malleshwaram,1,23654
2026-08-19,HEA-JBL-187,Malleshwaram,1,21509
2026-08-19,LAP-ACE-118,Malleshwaram,1,46979
2026-08-19,LAP-ASU-120,Malleshwaram,2,82199
2026-08-19,LAP-DEL-123,Malleshwaram,1,94904
2026-08-19,LAP-DEL-124,Malleshwaram,1,78899
2026-08-19,LAP-HP-119,Malleshwaram,1,66879
2026-08-19,REF-GOD-140,Malleshwaram,2,27089
2026-08-19,REF-GOD-143,Malleshwaram,1,46169
2026-08-19,REF-GOD-146,Malleshwaram,1,34399
2026-08-19,REF-LG-151,Malleshwaram,3,57499
2026-08-19,REF-LG-152,Malleshwaram,1,75799
2026-08-19,SMA-APP-199,Malleshwaram,1,37049
2026-08-19,SMA-NOI-194,Malleshwaram,1,3419
2026-08-19,SMA-VIV-102,Malleshwaram,1,35399
2026-08-19,TEL-SON-135,Malleshwaram,1,41849
2026-08-19,TEL-XIA-134,Malleshwaram,1,119999
2026-08-19,TV-55Q7,Malleshwaram,1,58990
2026-08-19,WAS-BOS-165,Malleshwaram,1,42299
2026-08-19,WAS-IFB-157,Malleshwaram,1,33499
2026-08-19,WAS-IFB-159,Malleshwaram,1,32964
2026-08-19,WAS-SAM-156,Malleshwaram,1,24479
2026-08-19,WAS-SAM-163,Malleshwaram,1,41899
2026-08-19,WAS-WHI-154,Malleshwaram,1,48399
2026-08-19,WAS-WHI-161,Malleshwaram,1,17599
2026-08-19,ACC-ANK-237,Whitefield,1,2899
2026-08-19,ACC-MI-243,Whitefield,1,2339
2026-08-19,ACC-POR-241,Whitefield,1,1599
2026-08-19,AIR-VOL-177,Whitefield,2,32394
2026-08-19,CAM-CAN-213,Whitefield,1,59599
2026-08-19,CAM-NIK-215,Whitefield,1,40659
2026-08-19,GAM-NIN-226,Whitefield,1,34099
2026-08-19,GAM-NIN-229,Whitefield,1,50199
2026-08-19,HEA-BOA-183,Whitefield,1,4409
2026-08-19,HEA-BOA-191,Whitefield,1,24999
2026-08-19,HEA-BOS-181,Whitefield,1,9899
2026-08-19,HEA-JBL-180,Whitefield,1,20099
2026-08-19,LAP-DEL-123,Whitefield,1,94904
2026-08-19,LAP-DEL-124,Whitefield,1,71009
2026-08-19,LAP-HP-114,Whitefield,2,45899
2026-08-19,REF-GOD-140,Whitefield,1,27089
2026-08-19,REF-GOD-146,Whitefield,5,34399
2026-08-19,REF-LG-144,Whitefield,1,29339
2026-08-19,REF-LG-149,Whitefield,1,27699
2026-08-19,SMA-APP-109,Whitefield,2,39059
2026-08-19,SMA-APP-110,Whitefield,1,22859
2026-08-19,SMA-APP-202,Whitefield,3,26199
2026-08-19,SMA-APP-204,Whitefield,2,42499
2026-08-19,SMA-SAM-101,Whitefield,1,46599
2026-08-19,SMA-SAM-113,Whitefield,1,51199
2026-08-19,SMA-SAM-193,Whitefield,2,11499
2026-08-19,SMA-SAM-201,Whitefield,1,5099
2026-08-19,SMA-XIA-104,Whitefield,1,72699
2026-08-19,SMA-XIA-111,Whitefield,1,65599
2026-08-19,TEL-LG-138,Whitefield,2,90699
2026-08-19,TEL-XIA-136,Whitefield,1,54899
2026-08-19,WAS-BOS-158,Whitefield,1,33999
2026-08-19,WAS-IFB-153,Whitefield,2,22499
2026-08-19,WAS-WHI-161,Whitefield,1,16719
2026-08-20,AIR-BLU-167,HSR Layout,1,61599
2026-08-20,AIR-LG-166,HSR Layout,1,50499
2026-08-20,AIR-VOL-177,HSR Layout,1,32394
2026-08-20,CAM-CAN-206,HSR Layout,1,63839
2026-08-20,GAM-NIN-226,HSR Layout,1,34099
2026-08-20,GAM-NIN-228,HSR Layout,1,49799
2026-08-20,HEA-BOA-183,HSR Layout,1,4899
2026-08-20,HEA-SON-188,HSR Layout,2,4599
2026-08-20,LAP-DEL-123,HSR Layout,1,99899
2026-08-20,LAP-HP-114,HSR Layout,2,45899
2026-08-20,LAP-HP-119,HSR Layout,1,70399
2026-08-20,REF-GOD-146,HSR Layout,2,34399
2026-08-20,REF-LG-141,HSR Layout,1,84899
2026-08-20,REF-LG-144,HSR Layout,3,32599
2026-08-20,REF-LG-150,HSR Layout,1,46929
2026-08-20,REF-LG-151,HSR Layout,2,57499
2026-08-20,SMA-AMA-192,HSR Layout,1,36269
2026-08-20,SMA-AMA-203,HSR Layout,1,12899
2026-08-20,SMA-APP-199,HSR Layout,1,38999
2026-08-20,SMA-APP-202,HSR Layout,2,26199
2026-08-20,SMA-NOI-194,HSR Layout,5,3239
2026-08-20,SMA-NOI-195,HSR Layout,1,28799
2026-08-20,SMA-SAM-196,HSR Layout,1,17099
2026-08-20,SMA-XIA-104,HSR Layout,1,72699
2026-08-20,SW-FIT-3,HSR Layout,2,8999
2026-08-20,TEL-TCL-131,HSR Layout,1,38799
2026-08-20,TEL-XIA-132,HSR Layout,1,107599
2026-08-20,TEL-XIA-136,HSR Layout,1,52154
2026-08-20,TV-55Q7,HSR Layout,1,58990
2026-08-20,WAS-BOS-165,HSR Layout,1,38069
2026-08-20,WAS-IFB-153,HSR Layout,1,22499
2026-08-20,WAS-SAM-156,HSR Layout,1,27199
2026-08-20,WAS-SAM-163,HSR Layout,2,41899
2026-08-20,WAS-WHI-154,HSR Layout,2,48399
2026-08-20,WM-FL-8KG,HSR Layout,1,36990
2026-08-20,ACC-ANK-232,Indiranagar,2,2599
2026-08-20,ACC-ANK-237,Indiranagar,3,2609
2026-08-20,ACC-ANK-239,Indiranagar,1,1079
2026-08-20,ACC-BEL-231,Indiranagar,1,499
2026-08-20,ACC-BEL-234,Indiranagar,1,1499
2026-08-20,ACC-MI-243,Indiranagar,4,2469
2026-08-20,ACC-POR-236,Indiranagar,2,474
2026-08-20,ACC-POR-241,Indiranagar,2,1599
2026-08-20,AIR-BLU-173,Indiranagar,1,55399
2026-08-20,AIR-DAI-172,Indiranagar,3,58799
2026-08-20,AIR-LG-169,Indiranagar,1,32099
2026-08-20,AIR-LG-175,Indiranagar,1,41219
2026-08-20,CAM-CAN-207,Indiranagar,1,96199
2026-08-20,CAM-CAN-210,Indiranagar,1,75509
2026-08-20,CAM-CAN-213,Indiranagar,1,59599
2026-08-20,CAM-NIK-211,Indiranagar,1,95039
2026-08-20,CAM-NIK-216,Indiranagar,1,86199
2026-08-20,CAM-SON-205,Indiranagar,1,54719
2026-08-20,GAM-NIN-226,Indiranagar,1,32394
2026-08-20,GAM-NIN-229,Indiranagar,2,50199
2026-08-20,GAM-SON-219,Indiranagar,1,46259
2026-08-20,HEA-BOS-181,Indiranagar,1,9404
2026-08-20,HEA-SON-179,Indiranagar,1,5939
2026-08-20,HP-ANC-700,Indiranagar,3,19990
2026-08-20,LAP-DEL-124,Indiranagar,3,78899
2026-08-20,LAP-HP-119,Indiranagar,1,70399
2026-08-20,LAP-I5-G12,Indiranagar,1,54140
2026-08-20,REF-GOD-142,Indiranagar,2,40089
2026-08-20,REF-GOD-146,Indiranagar,1,34399
2026-08-20,SMA-AMA-203,Indiranagar,1,12254
2026-08-20,SMA-APP-199,Indiranagar,2,38999
2026-08-20,SMA-ONE-107,Indiranagar,1,66499
2026-08-20,SMA-SAM-108,Indiranagar,1,55199
2026-08-20,SMA-SAM-113,Indiranagar,1,51199
2026-08-20,SMA-VIV-102,Indiranagar,1,35399
2026-08-20,SMA-XIA-111,Indiranagar,1,62319
2026-08-20,TEL-SON-130,Indiranagar,1,58999
2026-08-20,WAS-BOS-158,Indiranagar,1,30599
2026-08-20,WAS-LG-160,Indiranagar,2,36179
2026-08-20,WAS-WHI-161,Indiranagar,1,16719
2026-08-20,ACC-ANK-239,Jayanagar,1,1139
2026-08-20,ACC-BEL-231,Jayanagar,1,449
2026-08-20,ACC-POR-235,Jayanagar,1,539
2026-08-20,ACC-POR-241,Jayanagar,1,1599
2026-08-20,ACC-POR-242,Jayanagar,1,1499
2026-08-20,AIR-BLU-178,Jayanagar,1,39199
2026-08-20,AIR-DAI-176,Jayanagar,2,46999
2026-08-20,AIR-LG-169,Jayanagar,1,30494
2026-08-20,AIR-VOL-174,Jayanagar,1,33569
2026-08-20,AIR-VOL-177,Jayanagar,4,34099
2026-08-20,CAM-NIK-217,Jayanagar,1,59199
2026-08-20,CAM-SON-205,Jayanagar,1,51839
2026-08-20,GAM-NIN-226,Jayanagar,1,34099
2026-08-20,GAM-NIN-228,Jayanagar,2,49799
2026-08-20,HEA-BOA-183,Jayanagar,1,4409
2026-08-20,HEA-JBL-180,Jayanagar,1,18089
2026-08-20,HEA-JBL-182,Jayanagar,1,22409
2026-08-20,LAP-I5-G12,Jayanagar,1,56990
2026-08-20,REF-GOD-142,Jayanagar,1,42199
2026-08-20,REF-GOD-143,Jayanagar,1,46169
2026-08-20,REF-LG-141,Jayanagar,5,76409
2026-08-20,REF-LG-150,Jayanagar,1,49399
2026-08-20,SMA-SAM-101,Jayanagar,1,41939
2026-08-20,TEL-SON-135,Jayanagar,1,41849
2026-08-20,TEL-SON-139,Jayanagar,1,73299
2026-08-20,TEL-TCL-131,Jayanagar,1,38799
2026-08-20,TEL-XIA-127,Jayanagar,1,18399
2026-08-20,TV-55Q7,Jayanagar,1,58990
2026-08-20,WAS-BOS-165,Jayanagar,1,42299
2026-08-20,WAS-IFB-153,Jayanagar,2,22499
2026-08-20,WAS-SAM-163,Jayanagar,1,39804
2026-08-20,WM-FL-8KG,Jayanagar,1,33291
2026-08-20,ACC-BEL-234,Koramangala,1,1499
2026-08-20,ACC-BEL-238,Koramangala,1,3039
2026-08-20,ACC-POR-236,Koramangala,1,499
2026-08-20,AIR-BLU-167,Koramangala,3,55439
2026-08-20,AIR-DAI-172,Koramangala,1,58799
2026-08-20,AIR-LG-166,Koramangala,1,50499
2026-08-20,CAM-CAN-213,Koramangala,1,59599
2026-08-20,GAM-MIC-218,Koramangala,1,48449
2026-08-20,GAM-MIC-223,Koramangala,1,48399
2026-08-20,GAM-SON-219,Koramangala,1,46259
2026-08-20,GAM-SON-221,Koramangala,1,43599
2026-08-20,HEA-BOA-189,Koramangala,1,21299
2026-08-20,HEA-BOA-191,Koramangala,1,24999
2026-08-20,HEA-BOS-181,Koramangala,1,9899
2026-08-20,HEA-JBL-184,Koramangala,2,23399
2026-08-20,LAP-DEL-123,Koramangala,1,89909
2026-08-20,REF-GOD-143,Koramangala,2,48734
2026-08-20,REF-GOD-146,Koramangala,2,34399
2026-08-20,REF-LG-149,Koramangala,3,27699
2026-08-20,REF-SAM-147,Koramangala,1,45199
2026-08-20,REF-WHI-145,Koramangala,3,56999
2026-08-20,SMA-NOI-194,Koramangala,1,3419
2026-08-20,SMA-NOI-195,Koramangala,1,28799
2026-08-20,SMA-ONE-103,Koramangala,4,28499
2026-08-20,SMA-ONE-106,Koramangala,1,80084
2026-08-20,SMA-ONE-107,Koramangala,1,66499
2026-08-20,SMA-SAM-101,Koramangala,1,46599
2026-08-20,SMA-SAM-108,Koramangala,1,55199
2026-08-20,SMA-SAM-113,Koramangala,1,46079
2026-08-20,SMA-SAM-193,Koramangala,2,10924
2026-08-20,TEL-SAM-133,Koramangala,1,48899
2026-08-20,TEL-TCL-129,Koramangala,1,111149
2026-08-20,TEL-TCL-131,Koramangala,1,38799
2026-08-20,TEL-XIA-132,Koramangala,3,107599
2026-08-20,TV-55Q7,Koramangala,1,53091
2026-08-20,WAS-BOS-165,Koramangala,2,42299
2026-08-20,WAS-IFB-159,Koramangala,2,31229
2026-08-20,WAS-WHI-154,Koramangala,1,48399
2026-08-20,WAS-WHI-164,Koramangala,1,17099
2026-08-20,ACC-ANK-233,Malleshwaram,1,3399
2026-08-20,ACC-MI-240,Malleshwaram,1,3899
2026-08-20,ACC-MI-243,Malleshwaram,3,2599
2026-08-20,ACC-POR-241,Malleshwaram,2,1439
2026-08-20,AIR-BLU-167,Malleshwaram,2,61599
2026-08-20,AIR-DAI-176,Malleshwaram,1,46999
2026-08-20,AIR-LG-166,Malleshwaram,1,45449
2026-08-20,AIR-LG-168,Malleshwaram,2,32999
2026-08-20,AIR-LG-171,Malleshwaram,1,57699
2026-08-20,AIR-VOL-174,Malleshwaram,1,37299
2026-08-20,CAM-NIK-215,Malleshwaram,2,42799
2026-08-20,GAM-NIN-226,Malleshwaram,1,34099
2026-08-20,GAM-NIN-229,Malleshwaram,1,45179
2026-08-20,GAM-SON-219,Malleshwaram,1,51399
2026-08-20,GAM-SON-221,Malleshwaram,1,43599
2026-08-20,HEA-BOA-183,Malleshwaram,1,4899
2026-08-20,HEA-BOS-190,Malleshwaram,1,28799
2026-08-20,HEA-JBL-182,Malleshwaram,1,22409
2026-08-20,HEA-JBL-187,Malleshwaram,2,23899
2026-08-20,LAP-ACE-118,Malleshwaram,4,52199
2026-08-20,LAP-DEL-115,Malleshwaram,1,112999
2026-08-20,LAP-HP-114,Malleshwaram,1,41309
2026-08-20,LAP-LEN-125,Malleshwaram,1,79699
2026-08-20,REF-GOD-140,Malleshwaram,1,27089
2026-08-20,REF-GOD-143,Malleshwaram,1,48734
2026-08-20,REF-LG-152,Malleshwaram,1,75799
2026-08-20,SMA-APP-110,Malleshwaram,1,24129
2026-08-20,SMA-ONE-103,Malleshwaram,1,27074
2026-08-20,SMA-ONE-106,Malleshwaram,1,84299
2026-08-20,SMA-ONE-107,Malleshwaram,1,66499
2026-08-20,SMA-SAM-112,Malleshwaram,1,52344
2026-08-20,TV-65U8,Malleshwaram,2,58491
2026-08-20,WAS-BOS-165,Malleshwaram,2,42299
2026-08-20,WAS-SAM-163,Malleshwaram,2,41899
2026-08-20,ACC-BEL-231,Whitefield,1,449
2026-08-20,ACC-POR-235,Whitefield,1,599
2026-08-20,ACC-POR-241,Whitefield,1,1439
2026-08-20,AIR-LG-168,Whitefield,1,32999
2026-08-20,AIR-LG-169,Whitefield,2,32099
2026-08-20,AIR-VOL-177,Whitefield,1,34099
2026-08-20,CAM-CAN-214,Whitefield,1,57299
2026-08-20,CAM-NIK-216,Whitefield,1,86199
2026-08-20,GAM-MIC-227,Whitefield,2,44899
2026-08-20,GAM-NIN-229,Whitefield,1,45179
2026-08-20,GAM-SON-219,Whitefield,1,51399
2026-08-20,GAM-SON-222,Whitefield,2,54699
2026-08-20,HEA-BOA-189,Whitefield,1,20234
2026-08-20,HEA-JBL-180,Whitefield,1,20099
2026-08-20,HEA-SON-188,Whitefield,2,4599
2026-08-20,LAP-HP-114,Whitefield,1,41309
2026-08-20,LAP-LEN-116,Whitefield,1,85879
2026-08-20,REF-GOD-140,Whitefield,1,30099
2026-08-20,REF-GOD-146,Whitefield,1,32679
2026-08-20,REF-LG-149,Whitefield,1,27699
2026-08-20,SMA-APP-110,Whitefield,1,24129
2026-08-20,SMA-APP-198,Whitefield,1,24794
2026-08-20,SMA-APP-199,Whitefield,1,38999
2026-08-20,SMA-APP-202,Whitefield,1,26199
2026-08-20,SMA-SAM-112,Whitefield,1,55099
2026-08-20,SMA-SAM-113,Whitefield,1,46079
2026-08-20,TEL-LG-138,Whitefield,2,90699
2026-08-20,TEL-XIA-127,Whitefield,1,18399
2026-08-20,TEL-XIA-134,Whitefield,1,119999
2026-08-20,TV-55Q7,Whitefield,1,58990
2026-08-20,WAS-LG-155,Whitefield,1,43999
2026-08-20,WAS-SAM-163,Whitefield,1,39804
2026-08-21,ACC-ANK-239,HSR Layout,3,1199
2026-08-21,ACC-BEL-231,HSR Layout,1,449
2026-08-21,ACC-POR-236,HSR Layout,1,499
2026-08-21,ACC-POR-242,HSR Layout,1,1424
2026-08-21,CAM-CAN-207,HSR Layout,1,86579
2026-08-21,CAM-CAN-210,HSR Layout,1,75509
2026-08-21,CAM-CAN-213,HSR Layout,2,59599
2026-08-21,CAM-NIK-209,HSR Layout,1,68599
2026-08-21,CAM-NIK-215,HSR Layout,1,42799
2026-08-21,CAM-NIK-216,HSR Layout,1,86199
2026-08-21,CAM-SON-205,HSR Layout,1,57599
2026-08-21,CAM-SON-208,HSR Layout,2,107499
2026-08-21,GAM-MIC-223,HSR Layout,1,45979
2026-08-21,GAM-MIC-230,HSR Layout,1,27269
2026-08-21,GAM-NIN-220,HSR Layout,1,43599
2026-08-21,GAM-NIN-228,HSR Layout,2,49799
2026-08-21,HEA-BOS-190,HSR Layout,1,28799
2026-08-21,HEA-JBL-182,HSR Layout,1,22409
2026-08-21,HEA-JBL-187,HSR Layout,1,23899
2026-08-21,LAP-DEL-122,HSR Layout,1,94399
2026-08-21,LAP-HP-119,HSR Layout,1,70399
2026-08-21,REF-LG-144,HSR Layout,1,29339
2026-08-21,REF-WHI-145,HSR Layout,2,56999
2026-08-21,SMA-APP-109,HSR Layout,2,41229
2026-08-21,SMA-APP-199,HSR Layout,1,35099
2026-08-21,SMA-APP-202,HSR Layout,1,24889
2026-08-21,SMA-APP-204,HSR Layout,2,42499
2026-08-21,SMA-NOI-194,HSR Layout,1,3239
2026-08-21,SMA-NOI-200,HSR Layout,1,27269
2026-08-21,SMA-SAM-101,HSR Layout,3,46599
2026-08-21,SMA-SAM-201,HSR Layout,1,5099
2026-08-21,SMA-XIA-104,HSR Layout,1,65429
2026-08-21,SW-FIT-3,HSR Layout,1,8999
2026-08-21,TEL-LG-138,HSR Layout,1,90699
2026-08-21,TEL-TCL-131,HSR Layout,1,38799
2026-08-21,TEL-TCL-137,HSR Layout,2,96699
2026-08-21,TEL-XIA-136,HSR Layout,1,54899
2026-08-21,WAS-WHI-154,HSR Layout,1,48399
2026-08-21,WAS-WHI-164,HSR Layout,1,17099
2026-08-21,ACC-ANK-239,Indiranagar,1,1079
2026-08-21,ACC-BEL-238,Indiranagar,1,2879
2026-08-21,ACC-MI-243,Indiranagar,1,2599
2026-08-21,ACC-POR-242,Indiranagar,1,1499
2026-08-21,AIR-BLU-173,Indiranagar,1,52629
2026-08-21,AIR-DAI-176,Indiranagar,2,44649
2026-08-21,AIR-LG-166,Indiranagar,1,50499
2026-08-21,AIR-LG-169,Indiranagar,2,32099
2026-08-21,AIR-LG-175,Indiranagar,1,43509
2026-08-21,CAM-CAN-207,Indiranagar,1,96199
2026-08-21,CAM-NIK-209,Indiranagar,1,65169
2026-08-21,CAM-SON-205,Indiranagar,1,51839
2026-08-21,GAM-MIC-218,Indiranagar,1,48449
2026-08-21,GAM-NIN-220,Indiranagar,1,39239
2026-08-21,GAM-NIN-226,Indiranagar,1,34099
2026-08-21,GAM-NIN-229,Indiranagar,3,50199
2026-08-21,HEA-BOA-189,Indiranagar,1,19169
2026-08-21,HEA-BOS-181,Indiranagar,1,9899
2026-08-21,HEA-BOS-186,Indiranagar,1,16099
2026-08-21,HEA-JBL-180,Indiranagar,1,19094
2026-08-21,HEA-JBL-185,Indiranagar,1,11339
2026-08-21,HEA-SON-179,Indiranagar,1,5939
2026-08-21,HP-ANC-700,Indiranagar,5,19990
2026-08-21,LAP-ACE-118,Indiranagar,1,46979
2026-08-21,LAP-LEN-126,Indiranagar,2,110299
2026-08-21,REF-GOD-140,Indiranagar,1,30099
2026-08-21,SMA-AMA-192,Indiranagar,2,38284
2026-08-21,SMA-AMA-203,Indiranagar,2,12254
2026-08-21,SMA-APP-198,Indiranagar,1,26099
2026-08-21,SMA-APP-199,Indiranagar,3,37049
2026-08-21,SMA-NOI-194,Indiranagar,1,3599
2026-08-21,SMA-NOI-195,Indiranagar,1,28799
2026-08-21,SMA-SAM-112,Indiranagar,1,55099
2026-08-21,SMA-XIA-104,Indiranagar,1,69064
2026-08-21,TEL-SAM-128,Indiranagar,1,113524
2026-08-21,TEL-SON-130,Indiranagar,1,58999
2026-08-21,TEL-SON-135,Indiranagar,1,44174
2026-08-21,WAS-IFB-162,Indiranagar,1,15029
2026-08-21,WAS-SAM-156,Indiranagar,1,24479
2026-08-21,ACC-ANK-232,Jayanagar,2,2599
2026-08-21,ACC-MI-240,Jayanagar,1,3899
2026-08-21,AIR-DAI-176,Jayanagar,2,46999
2026-08-21,AIR-LG-168,Jayanagar,1,32999
2026-08-21,AIR-VOL-177,Jayanagar,1,32394
2026-08-21,GAM-NIN-226,Jayanagar,2,30689
2026-08-21,GAM-NIN-228,Jayanagar,1,49799
2026-08-21,HEA-BOA-189,Jayanagar,1,21299
2026-08-21,HEA-BOS-181,Jayanagar,2,9899
2026-08-21,HP-ANC-700,Jayanagar,1,19990
2026-08-21,LAP-ASU-120,Jayanagar,1,78089
2026-08-21,LAP-HP-114,Jayanagar,1,45899
2026-08-21,LAP-I5-G12,Jayanagar,1,51291
2026-08-21,REF-GOD-142,Jayanagar,1,42199
2026-08-21,REF-LG-150,Jayanagar,2,49399
2026-08-21,REF-LG-151,Jayanagar,1,54624
2026-08-21,SMA-NOI-197,Jayanagar,2,7979
2026-08-21,SMA-SAM-108,Jayanagar,2,55199
2026-08-21,SMA-SAM-193,Jayanagar,1,11499
2026-08-21,TEL-SON-139,Jayanagar,1,73299
2026-08-21,TEL-XIA-132,Jayanagar,1,107599
2026-08-21,WAS-IFB-157,Jayanagar,1,33499
2026-08-21,WAS-IFB-162,Jayanagar,1,15864
2026-08-21,WAS-SAM-163,Jayanagar,1,41899
2026-08-21,WM-FL-8KG,Jayanagar,2,33291
2026-08-21,ACC-BEL-231,Koramangala,1,474
2026-08-21,ACC-BEL-238,Koramangala,1,3039
2026-08-21,CAM-CAN-206,Koramangala,2,67199
2026-08-21,CAM-NIK-212,Koramangala,2,99499
2026-08-21,CAM-NIK-215,Koramangala,1,42799
2026-08-21,CAM-NIK-217,Koramangala,1,59199
2026-08-21,GAM-MIC-218,Koramangala,1,45899
2026-08-21,GAM-MIC-225,Koramangala,3,52399
2026-08-21,GAM-NIN-229,Koramangala,1,45179
2026-08-21,GAM-SON-221,Koramangala,2,43599
2026-08-21,GAM-SON-222,Koramangala,1,54699
2026-08-21,HEA-BOS-181,Koramangala,1,9899
2026-08-21,HEA-JBL-182,Koramangala,1,24899
2026-08-21,LAP-ACE-118,Koramangala,2,52199
2026-08-21,LAP-DEL-123,Koramangala,1,99899
2026-08-21,LAP-DEL-124,Koramangala,1,71009
2026-08-21,REF-GOD-142,Koramangala,1,42199
2026-08-21,REF-GOD-143,Koramangala,2,51299
2026-08-21,REF-GOD-146,Koramangala,1,32679
2026-08-21,REF-LG-152,Koramangala,1,75799
2026-08-21,REF-WHI-145,Koramangala,1,54149
2026-08-21,SMA-AMA-192,Koramangala,2,36269
2026-08-21,SMA-APP-202,Koramangala,1,23579
2026-08-21,SMA-ONE-107,Koramangala,1,66499
2026-08-21,SMA-SAM-112,Koramangala,1,55099
2026-08-21,SMA-SAM-113,Koramangala,1,51199
2026-08-21,SMA-SAM-193,Koramangala,5,11499
2026-08-21,SMA-XIA-111,Koramangala,1,59039
2026-08-21,TEL-LG-138,Koramangala,2,81629
2026-08-21,TEL-XIA-127,Koramangala,1,18399
2026-08-21,TEL-XIA-132,Koramangala,1,107599
2026-08-21,TEL-XIA-136,Koramangala,1,54899
2026-08-21,TV-55Q7,Koramangala,1,58990
2026-08-21,WAS-BOS-165,Koramangala,1,42299
2026-08-21,WAS-IFB-157,Koramangala,2,33499
2026-08-21,WAS-WHI-154,Koramangala,2,48399
2026-08-21,WM-FL-8KG,Koramangala,2,36990
2026-08-21,ACC-MI-243,Malleshwaram,2,2339
2026-08-21,AIR-BLU-173,Malleshwaram,1,55399
2026-08-21,AIR-DAI-172,Malleshwaram,2,58799
2026-08-21,AIR-LG-166,Malleshwaram,1,45449
2026-08-21,AIR-LG-170,Malleshwaram,2,32399
2026-08-21,CAM-NIK-212,Malleshwaram,1,99499
2026-08-21,CAM-NIK-217,Malleshwaram,3,59199
2026-08-21,CAM-SON-208,Malleshwaram,2,102124
2026-08-21,GAM-MIC-225,Malleshwaram,1,47159
2026-08-21,GAM-NIN-226,Malleshwaram,1,30689
2026-08-21,GAM-NIN-228,Malleshwaram,1,47309
2026-08-21,GAM-SON-221,Malleshwaram,1,43599
2026-08-21,HEA-BOS-190,Malleshwaram,1,28799
2026-08-21,HEA-JBL-185,Malleshwaram,1,12599
2026-08-21,LAP-ACE-118,Malleshwaram,2,52199
2026-08-21,LAP-ASU-120,Malleshwaram,2,82199
2026-08-21,LAP-DEL-123,Malleshwaram,1,99899
2026-08-21,LAP-DEL-124,Malleshwaram,1,74954
2026-08-21,LAP-LEN-125,Malleshwaram,1,71729
2026-08-21,REF-LG-151,Malleshwaram,2,54624
2026-08-21,SMA-ONE-106,Malleshwaram,1,75869
2026-08-21,SMA-ONE-107,Malleshwaram,1,66499
2026-08-21,SMA-SAM-196,Malleshwaram,1,18999
2026-08-21,TEL-SAM-133,Malleshwaram,1,48899
2026-08-21,TEL-SON-135,Malleshwaram,1,46499
2026-08-21,WAS-IFB-159,Malleshwaram,1,34699
2026-08-21,WAS-LG-160,Malleshwaram,1,40199
2026-08-21,WAS-SAM-156,Malleshwaram,4,27199
2026-08-21,ACC-ANK-233,Whitefield,1,3399
2026-08-21,ACC-POR-236,Whitefield,2,499
2026-08-21,AIR-DAI-172,Whitefield,1,58799
2026-08-21,AIR-VOL-174,Whitefield,1,37299
2026-08-21,AIR-VOL-177,Whitefield,3,34099
2026-08-21,CAM-CAN-214,Whitefield,1,51569
2026-08-21,GAM-NIN-226,Whitefield,1,32394
2026-08-21,GAM-NIN-228,Whitefield,1,47309
2026-08-21,GAM-SON-219,Whitefield,1,48829
2026-08-21,HEA-JBL-187,Whitefield,3,23899
2026-08-21,LAP-HP-119,Whitefield,2,70399
2026-08-21,LAP-LEN-117,Whitefield,2,58999
2026-08-21,LAP-LEN-125,Whitefield,1,71729
2026-08-21,REF-GOD-146,Whitefield,3,30959
2026-08-21,REF-LG-149,Whitefield,1,26314
2026-08-21,SMA-AMA-192,Whitefield,1,38284
2026-08-21,SMA-APP-109,Whitefield,1,43399
2026-08-21,SMA-APP-202,Whitefield,2,23579
2026-08-21,SMA-NOI-195,Whitefield,1,28799
2026-08-21,SMA-ONE-105,Whitefield,2,49799
2026-08-21,SMA-SAM-113,Whitefield,1,51199
2026-08-21,SMA-XIA-111,Whitefield,1,65599
2026-08-21,TEL-LG-138,Whitefield,1,90699
2026-08-21,TEL-SON-139,Whitefield,1,73299
2026-08-21,TEL-XIA-127,Whitefield,1,18399
2026-08-21,TEL-XIA-132,Whitefield,1,102219
2026-08-21,TV-65U8,Whitefield,1,61740
2026-08-21,WAS-BOS-158,Whitefield,1,33999
2026-08-21,WAS-BOS-165,Whitefield,1,40184
2026-08-21,WAS-WHI-161,Whitefield,1,17599
2026-08-21,WAS-WHI-164,Whitefield,1,17099
2026-08-22,ACC-ANK-233,HSR Layout,1,3399
2026-08-22,ACC-BEL-231,HSR Layout,1,449
2026-08-22,ACC-POR-242,HSR Layout,2,1424
2026-08-22,AIR-BLU-173,HSR Layout,1,55399
2026-08-22,AIR-LG-170,HSR Layout,2,29159
2026-08-22,AIR-VOL-174,HSR Layout,1,37299
2026-08-22,CAM-CAN-213,HSR Layout,1,53639
2026-08-22,CAM-NIK-211,HSR Layout,1,105599
2026-08-22,CAM-NIK-216,HSR Layout,1,86199
2026-08-22,GAM-MIC-218,HSR Layout,2,48449
2026-08-22,GAM-MIC-227,HSR Layout,1,40409
2026-08-22,GAM-NIN-226,HSR Layout,1,34099
2026-08-22,GAM-NIN-228,HSR Layout,1,44819
2026-08-22,GAM-SON-219,HSR Layout,3,51399
2026-08-22,HEA-BOS-186,HSR Layout,1,16099
2026-08-22,HEA-BOS-190,HSR Layout,1,28799
2026-08-22,HEA-JBL-182,HSR Layout,1,24899
2026-08-22,LAP-HP-119,HSR Layout,1,70399
2026-08-22,LAP-I5-G12,HSR Layout,1,56990
2026-08-22,LAP-LEN-125,HSR Layout,3,79699
2026-08-22,LAP-LEN-126,HSR Layout,1,110299
2026-08-22,REF-GOD-140,HSR Layout,1,30099
2026-08-22,REF-LG-144,HSR Layout,1,30969
2026-08-22,REF-LG-151,HSR Layout,1,57499
2026-08-22,SMA-APP-109,HSR Layout,1,43399
2026-08-22,SMA-APP-199,HSR Layout,2,38999
2026-08-22,SMA-NOI-194,HSR Layout,4,3599
2026-08-22,SMA-NOI-195,HSR Layout,1,28799
2026-08-22,SMA-NOI-197,HSR Layout,1,8399
2026-08-22,SMA-ONE-106,HSR Layout,1,75869
2026-08-22,SMA-SAM-101,HSR Layout,1,41939
2026-08-22,TEL-SON-135,HSR Layout,1,46499
2026-08-22,TEL-TCL-131,HSR Layout,1,38799
2026-08-22,TEL-XIA-136,HSR Layout,2,54899
2026-08-22,WAS-BOS-165,HSR Layout,1,42299
2026-08-22,WAS-LG-160,HSR Layout,1,38189
2026-08-22,WAS-WHI-154,HSR Layout,2,48399
2026-08-22,WAS-WHI-164,HSR Layout,1,17099
2026-08-22,ACC-ANK-237,Indiranagar,1,2899
2026-08-22,ACC-BEL-234,Indiranagar,1,1499
2026-08-22,ACC-MI-243,Indiranagar,2,2599
2026-08-22,ACC-POR-236,Indiranagar,1,449
2026-08-22,ACC-POR-241,Indiranagar,2,1599
2026-08-22,ACC-POR-242,Indiranagar,1,1499
2026-08-22,AIR-BLU-173,Indiranagar,2,55399
2026-08-22,AIR-DAI-172,Indiranagar,1,52919
2026-08-22,AIR-VOL-177,Indiranagar,1,30689
2026-08-22,CAM-CAN-207,Indiranagar,2,96199
2026-08-22,CAM-NIK-212,Indiranagar,1,94524
2026-08-22,CAM-NIK-215,Indiranagar,1,42799
2026-08-22,CAM-SON-205,Indiranagar,3,57599
2026-08-22,GAM-MIC-227,Indiranagar,1,40409
2026-08-22,GAM-NIN-220,Indiranagar,1,39239
2026-08-22,GAM-NIN-224,Indiranagar,1,28079
2026-08-22,GAM-NIN-226,Indiranagar,1,34099
2026-08-22,GAM-SON-221,Indiranagar,1,43599
2026-08-22,GAM-SON-222,Indiranagar,1,51964
2026-08-22,HEA-BOS-181,Indiranagar,3,9899
2026-08-22,HEA-JBL-185,Indiranagar,1,11339
2026-08-22,HEA-SON-179,Indiranagar,1,6599
2026-08-22,HEA-SON-188,Indiranagar,1,4369
2026-08-22,HP-ANC-700,Indiranagar,4,18990
2026-08-22,LAP-ACE-118,Indiranagar,3,46979
2026-08-22,LAP-DEL-124,Indiranagar,2,74954
2026-08-22,LAP-LEN-125,Indiranagar,1,71729
2026-08-22,LAP-LEN-126,Indiranagar,2,110299
2026-08-22,REF-GOD-140,Indiranagar,2,30099
2026-08-22,REF-GOD-142,Indiranagar,1,40089
2026-08-22,REF-GOD-143,Indiranagar,1,51299
2026-08-22,REF-LG-152,Indiranagar,1,75799
2026-08-22,SMA-AMA-192,Indiranagar,1,40299
2026-08-22,SMA-APP-199,Indiranagar,1,37049
2026-08-22,SMA-APP-202,Indiranagar,1,24889
2026-08-22,SMA-NOI-195,Indiranagar,1,27359
2026-08-22,SMA-NOI-200,Indiranagar,1,27269
2026-08-22,SMA-ONE-106,Indiranagar,2,84299
2026-08-22,SMA-SAM-101,Indiranagar,1,46599
2026-08-22,SMA-SAM-108,Indiranagar,1,52439
2026-08-22,SMA-SAM-201,Indiranagar,1,5099
2026-08-22,TEL-SAM-128,Indiranagar,2,107549
2026-08-22,TEL-SON-130,Indiranagar,1,58999
2026-08-22,TEL-SON-135,Indiranagar,1,41849
2026-08-22,TEL-TCL-131,Indiranagar,2,34919
2026-08-22,TEL-XIA-132,Indiranagar,2,107599
2026-08-22,WAS-IFB-153,Indiranagar,1,20249
2026-08-22,WAS-LG-160,Indiranagar,1,38189
2026-08-22,WAS-WHI-164,Indiranagar,2,17099
2026-08-22,ACC-BEL-231,Jayanagar,1,449
2026-08-22,ACC-MI-240,Jayanagar,1,3899
2026-08-22,ACC-POR-235,Jayanagar,2,569
2026-08-22,ACC-POR-241,Jayanagar,1,1439
2026-08-22,AIR-VOL-177,Jayanagar,1,34099
2026-08-22,CAM-NIK-209,Jayanagar,1,68599
2026-08-22,CAM-NIK-216,Jayanagar,1,81889
2026-08-22,CAM-NIK-217,Jayanagar,1,53279
2026-08-22,GAM-MIC-230,Jayanagar,1,27269
2026-08-22,GAM-SON-219,Jayanagar,1,48829
2026-08-22,HEA-BOA-183,Jayanagar,1,4899
2026-08-22,HEA-BOA-189,Jayanagar,2,19169
2026-08-22,HEA-BOS-181,Jayanagar,3,9404
2026-08-22,HEA-JBL-182,Jayanagar,1,24899
2026-08-22,HEA-SON-188,Jayanagar,1,4599
2026-08-22,LAP-DEL-121,Jayanagar,2,64299
2026-08-22,LAP-DEL-122,Jayanagar,2,89679
2026-08-22,LAP-LEN-116,Jayanagar,1,90399
2026-08-22,LAP-LEN-126,Jayanagar,1,110299
2026-08-22,REF-GOD-140,Jayanagar,1,30099
2026-08-22,REF-GOD-143,Jayanagar,1,51299
2026-08-22,REF-LG-150,Jayanagar,1,44459
2026-08-22,REF-LG-152,Jayanagar,1,75799
2026-08-22,REF-WHI-145,Jayanagar,1,51299
2026-08-22,SMA-ONE-107,Jayanagar,1,66499
2026-08-22,SMA-SAM-108,Jayanagar,1,49679
2026-08-22,SMA-SAM-112,Jayanagar,2,49589
2026-08-22,SMA-XIA-111,Jayanagar,2,65599
2026-08-22,TEL-LG-138,Jayanagar,1,81629
2026-08-22,TEL-SAM-128,Jayanagar,1,113524
2026-08-22,TEL-SAM-133,Jayanagar,2,46454
2026-08-22,TEL-SON-139,Jayanagar,2,73299
2026-08-22,TEL-XIA-132,Jayanagar,1,107599
2026-08-22,WAS-BOS-158,Jayanagar,1,33999
2026-08-22,WAS-IFB-153,Jayanagar,1,22499
2026-08-22,WAS-IFB-162,Jayanagar,2,16699
2026-08-22,WAS-LG-160,Jayanagar,1,40199
2026-08-22,WAS-WHI-161,Jayanagar,1,17599
2026-08-22,WM-FL-8KG,Jayanagar,3,33291
2026-08-22,ACC-ANK-239,Koramangala,1,1079
2026-08-22,ACC-POR-242,Koramangala,2,1424
2026-08-22,AIR-BLU-167,Koramangala,2,61599
2026-08-22,AIR-DAI-172,Koramangala,2,58799
2026-08-22,AIR-LG-170,Koramangala,1,30779
2026-08-22,CAM-CAN-206,Koramangala,2,67199
2026-08-22,CAM-NIK-215,Koramangala,2,42799
2026-08-22,CAM-NIK-217,Koramangala,1,59199
2026-08-22,GAM-MIC-218,Koramangala,1,50999
2026-08-22,GAM-NIN-220,Koramangala,1,43599
2026-08-22,GAM-SON-222,Koramangala,2,54699
2026-08-22,HEA-BOA-191,Koramangala,2,24999
2026-08-22,LAP-ACE-118,Koramangala,2,52199
2026-08-22,LAP-DEL-123,Koramangala,3,94904
2026-08-22,LAP-HP-114,Koramangala,1,41309
2026-08-22,LAP-LEN-116,Koramangala,3,90399
2026-08-22,REF-GOD-142,Koramangala,1,37979
2026-08-22,REF-GOD-146,Koramangala,3,34399
2026-08-22,REF-LG-141,Koramangala,1,84899
2026-08-22,REF-LG-149,Koramangala,2,27699
2026-08-22,REF-LG-150,Koramangala,1,49399
2026-08-22,REF-LG-151,Koramangala,1,57499
2026-08-22,REF-WHI-145,Koramangala,2,54149
2026-08-22,SMA-AMA-192,Koramangala,1,38284
2026-08-22,SMA-NOI-194,Koramangala,2,3599
2026-08-22,SMA-NOI-197,Koramangala,1,7559
2026-08-22,SMA-ONE-103,Koramangala,1,28499
2026-08-22,SMA-ONE-107,Koramangala,1,66499
2026-08-22,SMA-SAM-101,Koramangala,1,46599
2026-08-22,SMA-SAM-108,Koramangala,1,49679
2026-08-22,SMA-SAM-193,Koramangala,2,11499
2026-08-22,TEL-LG-138,Koramangala,2,90699
2026-08-22,TEL-SON-130,Koramangala,1,58999
2026-08-22,TEL-SON-135,Koramangala,1,46499
2026-08-22,TEL-TCL-129,Koramangala,1,105299
2026-08-22,TEL-XIA-132,Koramangala,2,107599
2026-08-22,WAS-WHI-154,Koramangala,1,45979
2026-08-22,ACC-ANK-233,Malleshwaram,1,3399
2026-08-22,ACC-MI-243,Malleshwaram,3,2599
2026-08-22,ACC-POR-241,Malleshwaram,1,1599
2026-08-22,AIR-BLU-178,Malleshwaram,1,37239
2026-08-22,AIR-LG-166,Malleshwaram,2,50499
2026-08-22,AIR-LG-168,Malleshwaram,1,29699
2026-08-22,AIR-LG-170,Malleshwaram,2,32399
2026-08-22,AIR-LG-171,Malleshwaram,2,54814
2026-08-22,AIR-VOL-174,Malleshwaram,2,37299
2026-08-22,AIR-VOL-177,Malleshwaram,1,34099
2026-08-22,CAM-CAN-206,Malleshwaram,2,67199
2026-08-22,CAM-NIK-215,Malleshwaram,1,40659
2026-08-22,CAM-NIK-217,Malleshwaram,1,59199
2026-08-22,GAM-MIC-227,Malleshwaram,1,44899
2026-08-22,GAM-NIN-226,Malleshwaram,1,34099
2026-08-22,GAM-SON-221,Malleshwaram,2,43599
2026-08-22,HEA-BOA-191,Malleshwaram,1,23749
2026-08-22,HEA-BOS-190,Malleshwaram,1,28799
2026-08-22,HEA-JBL-180,Malleshwaram,1,18089
2026-08-22,HEA-JBL-187,Malleshwaram,2,23899
2026-08-22,HEA-SON-179,Malleshwaram,1,6269
2026-08-22,HP-ANC-700,Malleshwaram,1,18990
2026-08-22,LAP-ACE-118,Malleshwaram,1,52199
2026-08-22,LAP-ASU-120,Malleshwaram,1,82199
2026-08-22,LAP-DEL-123,Malleshwaram,1,89909
2026-08-22,LAP-HP-114,Malleshwaram,1,43604
2026-08-22,LAP-HP-119,Malleshwaram,1,66879
2026-08-22,LAP-LEN-116,Malleshwaram,1,90399
2026-08-22,LAP-LEN-125,Malleshwaram,2,79699
2026-08-22,LAP-LEN-126,Malleshwaram,1,104784
2026-08-22,REF-GOD-140,Malleshwaram,3,28594
2026-08-22,REF-WHI-145,Malleshwaram,1,56999
2026-08-22,SMA-AMA-192,Malleshwaram,1,40299
2026-08-22,SMA-APP-109,Malleshwaram,1,41229
2026-08-22,SMA-APP-110,Malleshwaram,1,24129
2026-08-22,SMA-APP-199,Malleshwaram,1,38999
2026-08-22,SMA-NOI-194,Malleshwaram,1,3599
2026-08-22,SMA-ONE-106,Malleshwaram,1,75869
2026-08-22,SMA-SAM-112,Malleshwaram,2,49589
2026-08-22,SMA-SAM-113,Malleshwaram,2,51199
2026-08-22,TEL-SON-139,Malleshwaram,1,73299
2026-08-22,WAS-BOS-165,Malleshwaram,1,42299
2026-08-22,WAS-LG-160,Malleshwaram,2,40199
2026-08-22,WAS-SAM-156,Malleshwaram,3,27199
2026-08-22,WAS-SAM-163,Malleshwaram,1,39804
2026-08-22,WAS-WHI-161,Malleshwaram,3,16719
2026-08-22,ACC-ANK-237,Whitefield,1,2899
2026-08-22,ACC-POR-235,Whitefield,1,599
2026-08-22,ACC-POR-241,Whitefield,2,1599
2026-08-22,ACC-POR-242,Whitefield,1,1499
2026-08-22,AIR-LG-168,Whitefield,1,32999
2026-08-22,AIR-LG-169,Whitefield,1,32099
2026-08-22,AIR-LG-171,Whitefield,2,57699
2026-08-22,CAM-CAN-206,Whitefield,1,63839
2026-08-22,CAM-CAN-210,Whitefield,1,79704
2026-08-22,CAM-CAN-214,Whitefield,1,51569
2026-08-22,CAM-NIK-209,Whitefield,1,68599
2026-08-22,CAM-NIK-212,Whitefield,1,94524
2026-08-22,CAM-NIK-215,Whitefield,1,42799
2026-08-22,CAM-NIK-217,Whitefield,1,59199
2026-08-22,GAM-MIC-223,Whitefield,1,48399
2026-08-22,GAM-SON-221,Whitefield,1,39239
2026-08-22,HEA-BOA-189,Whitefield,1,21299
2026-08-22,HEA-JBL-180,Whitefield,1,20099
2026-08-22,HEA-JBL-182,Whitefield,1,24899
2026-08-22,HEA-JBL-187,Whitefield,2,23899
2026-08-22,HEA-SON-188,Whitefield,1,4599
2026-08-22,HP-ANC-700,Whitefield,1,18990
2026-08-22,LAP-DEL-122,Whitefield,1,89679
2026-08-22,LAP-DEL-124,Whitefield,1,74954
2026-08-22,LAP-LEN-125,Whitefield,1,79699
2026-08-22,REF-GOD-140,Whitefield,1,30099
2026-08-22,REF-GOD-146,Whitefield,3,34399
2026-08-22,REF-LG-149,Whitefield,1,27699
2026-08-22,SMA-AMA-192,Whitefield,1,40299
2026-08-22,SMA-APP-109,Whitefield,1,43399
2026-08-22,SMA-APP-198,Whitefield,3,24794
2026-08-22,SMA-APP-199,Whitefield,1,38999
2026-08-22,SMA-APP-202,Whitefield,2,24889
2026-08-22,SMA-APP-204,Whitefield,1,42499
2026-08-22,SMA-ONE-103,Whitefield,1,28499
2026-08-22,SMA-SAM-101,Whitefield,3,41939
2026-08-22,SMA-SAM-112,Whitefield,1,55099
2026-08-22,SMA-SAM-113,Whitefield,1,48639
2026-08-22,SMA-VIV-102,Whitefield,1,31859
2026-08-22,TEL-LG-138,Whitefield,1,90699
2026-08-22,TEL-SON-130,Whitefield,1,58999
2026-08-22,TEL-TCL-137,Whitefield,1,96699
2026-08-22,TEL-XIA-127,Whitefield,2,17479
2026-08-22,TV-55Q7,Whitefield,3,58990
2026-08-22,WAS-IFB-153,Whitefield,1,20249
2026-08-22,WAS-SAM-156,Whitefield,1,27199
2026-08-23,ACC-POR-235,HSR Layout,1,599
2026-08-23,ACC-POR-241,HSR Layout,1,1599
2026-08-23,AIR-LG-166,HSR Layout,1,50499
2026-08-23,AIR-LG-168,HSR Layout,1,32999
2026-08-23,CAM-CAN-207,HSR Layout,1,91389
2026-08-23,CAM-NIK-209,HSR Layout,1,68599
2026-08-23,CAM-NIK-216,HSR Layout,1,86199
2026-08-23,GAM-MIC-227,HSR Layout,1,44899
2026-08-23,GAM-NIN-226,HSR Layout,1,30689
2026-08-23,GAM-NIN-228,HSR Layout,2,44819
2026-08-23,GAM-SON-219,HSR Layout,2,51399
2026-08-23,GAM-SON-222,HSR Layout,1,54699
2026-08-23,HEA-BOA-189,HSR Layout,1,21299
2026-08-23,HEA-BOA-191,HSR Layout,1,24999
2026-08-23,HEA-JBL-182,HSR Layout,2,23654
2026-08-23,HEA-SON-188,HSR Layout,1,4599
2026-08-23,LAP-HP-119,HSR Layout,2,70399
2026-08-23,LAP-LEN-116,HSR Layout,2,90399
2026-08-23,LAP-LEN-125,HSR Layout,4,79699
2026-08-23,REF-LG-149,HSR Layout,1,24929
2026-08-23,SMA-AMA-192,HSR Layout,1,38284
2026-08-23,SMA-AMA-203,HSR Layout,1,12254
2026-08-23,SMA-APP-109,HSR Layout,1,43399
2026-08-23,SMA-APP-199,HSR Layout,2,38999
2026-08-23,SMA-APP-202,HSR Layout,1,26199
2026-08-23,SMA-NOI-194,HSR Layout,1,3599
2026-08-23,SMA-NOI-195,HSR Layout,2,28799
2026-08-23,SMA-ONE-103,HSR Layout,1,25649
2026-08-23,SMA-SAM-112,HSR Layout,1,49589
2026-08-23,SMA-VIV-102,HSR Layout,1,35399
2026-08-23,SMA-XIA-104,HSR Layout,1,72699
2026-08-23,SW-FIT-3,HSR Layout,2,8999
2026-08-23,TEL-SON-135,HSR Layout,3,46499
2026-08-23,TEL-TCL-137,HSR Layout,2,96699
2026-08-23,TEL-XIA-127,HSR Layout,1,17479
2026-08-23,TEL-XIA-134,HSR Layout,1,119999
2026-08-23,TEL-XIA-136,HSR Layout,2,54899
2026-08-23,TV-55Q7,HSR Layout,2,58990
2026-08-23,WAS-BOS-165,HSR Layout,2,42299
2026-08-23,WAS-LG-155,HSR Layout,2,43999
2026-08-23,ACC-ANK-233,Indiranagar,1,3399
2026-08-23,ACC-ANK-237,Indiranagar,2,2899
2026-08-23,ACC-BEL-234,Indiranagar,1,1499
2026-08-23,ACC-MI-243,Indiranagar,3,2599
2026-08-23,ACC-POR-241,Indiranagar,1,1519
2026-08-23,AIR-BLU-178,Indiranagar,1,35279
2026-08-23,AIR-DAI-172,Indiranagar,1,55859
2026-08-23,AIR-LG-166,Indiranagar,1,50499
2026-08-23,AIR-LG-169,Indiranagar,2,28889
2026-08-23,AIR-VOL-177,Indiranagar,1,32394
2026-08-23,CAM-CAN-207,Indiranagar,1,96199
2026-08-23,CAM-NIK-209,Indiranagar,1,68599
2026-08-23,CAM-NIK-211,Indiranagar,1,105599
2026-08-23,CAM-NIK-215,Indiranagar,1,42799
2026-08-23,CAM-SON-205,Indiranagar,1,51839
2026-08-23,GAM-MIC-218,Indiranagar,1,45899
2026-08-23,GAM-NIN-220,Indiranagar,1,41419
2026-08-23,GAM-NIN-229,Indiranagar,2,50199
2026-08-23,GAM-SON-222,Indiranagar,2,49229
2026-08-23,HEA-BOA-189,Indiranagar,1,21299
2026-08-23,HEA-BOS-181,Indiranagar,3,9899
2026-08-23,HEA-JBL-180,Indiranagar,1,19094
2026-08-23,HEA-JBL-185,Indiranagar,1,11339
2026-08-23,HEA-SON-179,Indiranagar,3,5939
2026-08-23,HEA-SON-188,Indiranagar,1,4599
2026-08-23,HP-ANC-700,Indiranagar,1,19990
2026-08-23,LAP-ACE-118,Indiranagar,2,46979
2026-08-23,LAP-DEL-122,Indiranagar,1,94399
2026-08-23,LAP-DEL-124,Indiranagar,2,78899
2026-08-23,LAP-I5-G12,Indiranagar,1,56990
2026-08-23,LAP-LEN-125,Indiranagar,1,79699
2026-08-23,LAP-LEN-126,Indiranagar,2,110299
2026-08-23,REF-LG-152,Indiranagar,1,75799
2026-08-23,SMA-NOI-200,Indiranagar,1,30299
2026-08-23,SMA-ONE-105,Indiranagar,1,49799
2026-08-23,SMA-SAM-101,Indiranagar,1,46599
2026-08-23,SMA-SAM-112,Indiranagar,3,55099
2026-08-23,SMA-SAM-201,Indiranagar,1,5099
2026-08-23,SMA-XIA-111,Indiranagar,2,62319
2026-08-23,TEL-LG-138,Indiranagar,1,81629
2026-08-23,TEL-SAM-128,Indiranagar,1,119499
2026-08-23,TEL-SON-130,Indiranagar,1,56049
2026-08-23,WAS-IFB-153,Indiranagar,1,21374
2026-08-23,WAS-IFB-159,Indiranagar,1,34699
2026-08-23,WAS-LG-160,Indiranagar,1,40199
2026-08-23,WAS-WHI-161,Indiranagar,1,17599
2026-08-23,ACC-ANK-232,Jayanagar,1,2599
2026-08-23,ACC-ANK-233,Jayanagar,1,3229
2026-08-23,ACC-BEL-231,Jayanagar,1,499
2026-08-23,ACC-BEL-234,Jayanagar,1,1499
2026-08-23,ACC-BEL-238,Jayanagar,3,2879
2026-08-23,ACC-MI-240,Jayanagar,1,3704
2026-08-23,ACC-POR-242,Jayanagar,1,1349
2026-08-23,AIR-LG-170,Jayanagar,1,32399
2026-08-23,AIR-VOL-174,Jayanagar,1,37299
2026-08-23,AIR-VOL-177,Jayanagar,2,34099
2026-08-23,CAM-NIK-216,Jayanagar,1,86199
2026-08-23,CAM-SON-205,Jayanagar,1,51839
2026-08-23,GAM-MIC-230,Jayanagar,2,27269
2026-08-23,GAM-NIN-220,Jayanagar,1,43599
2026-08-23,GAM-SON-222,Jayanagar,1,54699
2026-08-23,HEA-BOA-189,Jayanagar,1,19169
2026-08-23,HEA-BOA-191,Jayanagar,1,24999
2026-08-23,HEA-BOS-190,Jayanagar,1,28799
2026-08-23,HEA-JBL-180,Jayanagar,1,20099
2026-08-23,HEA-JBL-182,Jayanagar,2,24899
2026-08-23,LAP-ACE-118,Jayanagar,2,46979
2026-08-23,LAP-ASU-120,Jayanagar,1,82199
2026-08-23,LAP-DEL-115,Jayanagar,1,112999
2026-08-23,LAP-DEL-123,Jayanagar,1,99899
2026-08-23,LAP-DEL-124,Jayanagar,1,71009
2026-08-23,LAP-LEN-116,Jayanagar,1,81359
2026-08-23,LAP-LEN-125,Jayanagar,1,75714
2026-08-23,LAP-LEN-126,Jayanagar,1,104784
2026-08-23,REF-GOD-140,Jayanagar,2,30099
2026-08-23,REF-GOD-143,Jayanagar,2,51299
2026-08-23,REF-LG-149,Jayanagar,1,27699
2026-08-23,REF-LG-150,Jayanagar,1,49399
2026-08-23,REF-LG-151,Jayanagar,1,57499
2026-08-23,REF-LG-152,Jayanagar,1,75799
2026-08-23,SMA-APP-204,Jayanagar,1,42499
2026-08-23,SMA-NOI-195,Jayanagar,1,27359
2026-08-23,SMA-SAM-113,Jayanagar,1,51199
2026-08-23,SMA-SAM-193,Jayanagar,1,11499
2026-08-23,TEL-SAM-128,Jayanagar,3,113524
2026-08-23,TEL-SAM-133,Jayanagar,3,48899
2026-08-23,TEL-SON-139,Jayanagar,1,73299
2026-08-23,TEL-TCL-131,Jayanagar,1,36859
2026-08-23,TEL-TCL-137,Jayanagar,1,96699
2026-08-23,TEL-XIA-132,Jayanagar,1,96839
2026-08-23,WAS-BOS-165,Jayanagar,1,38069
2026-08-23,WAS-IFB-153,Jayanagar,1,22499
2026-08-23,WAS-LG-155,Jayanagar,1,43999
2026-08-23,WAS-WHI-154,Jayanagar,1,45979
2026-08-23,WAS-WHI-161,Jayanagar,1,16719
2026-08-23,WM-FL-8KG,Jayanagar,1,33291
2026-08-23,ACC-BEL-238,Koramangala,1,3039
2026-08-23,ACC-POR-236,Koramangala,1,499
2026-08-23,AIR-BLU-167,Koramangala,4,61599
2026-08-23,AIR-LG-170,Koramangala,1,30779
2026-08-23,AIR-LG-175,Koramangala,2,41219
2026-08-23,AIR-VOL-177,Koramangala,1,34099
2026-08-23,CAM-CAN-206,Koramangala,1,67199
2026-08-23,CAM-CAN-207,Koramangala,1,86579
2026-08-23,CAM-CAN-210,Koramangala,1,83899
2026-08-23,CAM-CAN-213,Koramangala,1,59599
2026-08-23,CAM-NIK-215,Koramangala,1,42799
2026-08-23,GAM-MIC-225,Koramangala,2,49779
2026-08-23,GAM-NIN-220,Koramangala,1,43599
2026-08-23,GAM-NIN-226,Koramangala,1,34099
2026-08-23,GAM-SON-219,Koramangala,1,51399
2026-08-23,GAM-SON-222,Koramangala,1,54699
2026-08-23,HEA-JBL-184,Koramangala,1,23399
2026-08-23,HEA-JBL-185,Koramangala,1,12599
2026-08-23,HP-ANC-700,Koramangala,1,17991
2026-08-23,LAP-DEL-124,Koramangala,1,78899
2026-08-23,LAP-HP-114,Koramangala,1,43604
2026-08-23,REF-GOD-143,Koramangala,1,48734
2026-08-23,REF-GOD-146,Koramangala,5,34399
2026-08-23,REF-LG-141,Koramangala,1,84899
2026-08-23,REF-LG-144,Koramangala,2,30969
2026-08-23,REF-LG-149,Koramangala,1,27699
2026-08-23,REF-SAM-147,Koramangala,2,42939
2026-08-23,SMA-AMA-192,Koramangala,1,40299
2026-08-23,SMA-APP-198,Koramangala,1,26099
2026-08-23,SMA-APP-199,Koramangala,2,35099
2026-08-23,SMA-NOI-194,Koramangala,1,3599
2026-08-23,SMA-NOI-195,Koramangala,1,28799
2026-08-23,SMA-NOI-197,Koramangala,1,7979
2026-08-23,SMA-ONE-106,Koramangala,1,75869
2026-08-23,SMA-ONE-107,Koramangala,1,66499
2026-08-23,SMA-SAM-108,Koramangala,2,49679
2026-08-23,SMA-SAM-193,Koramangala,2,11499
2026-08-23,SMA-XIA-111,Koramangala,1,62319
2026-08-23,TEL-LG-138,Koramangala,4,90699
2026-08-23,TEL-SON-130,Koramangala,1,53099
2026-08-23,TEL-XIA-127,Koramangala,1,17479
2026-08-23,TEL-XIA-132,Koramangala,5,107599
2026-08-23,TEL-XIA-136,Koramangala,1,54899
2026-08-23,WAS-BOS-165,Koramangala,1,38069
2026-08-23,WAS-WHI-154,Koramangala,1,45979
2026-08-23,WAS-WHI-161,Koramangala,1,17599
2026-08-23,WAS-WHI-164,Koramangala,1,17099
2026-08-23,WM-FL-8KG,Koramangala,2,36990
2026-08-23,ACC-ANK-233,Malleshwaram,4,3059
2026-08-23,AIR-BLU-167,Malleshwaram,1,61599
2026-08-23,AIR-DAI-172,Malleshwaram,1,58799
2026-08-23,AIR-DAI-176,Malleshwaram,1,42299
2026-08-23,AIR-LG-166,Malleshwaram,1,50499
2026-08-23,AIR-LG-168,Malleshwaram,2,29699
2026-08-23,CAM-CAN-206,Malleshwaram,3,67199
2026-08-23,CAM-NIK-212,Malleshwaram,2,99499
2026-08-23,CAM-NIK-215,Malleshwaram,1,42799
2026-08-23,CAM-NIK-217,Malleshwaram,1,59199
2026-08-23,GAM-MIC-223,Malleshwaram,2,45979
2026-08-23,GAM-MIC-225,Malleshwaram,1,52399
2026-08-23,GAM-NIN-224,Malleshwaram,1,31199
2026-08-23,GAM-NIN-226,Malleshwaram,1,34099
2026-08-23,GAM-NIN-229,Malleshwaram,2,47689
2026-08-23,GAM-SON-222,Malleshwaram,1,49229
2026-08-23,HEA-BOA-183,Malleshwaram,2,4409
2026-08-23,HEA-BOA-191,Malleshwaram,1,23749
2026-08-23,HEA-BOS-190,Malleshwaram,1,28799
2026-08-23,HEA-JBL-187,Malleshwaram,2,23899
2026-08-23,HP-ANC-700,Malleshwaram,1,17991
2026-08-23,LAP-ACE-118,Malleshwaram,3,52199
2026-08-23,LAP-ASU-120,Malleshwaram,1,82199
2026-08-23,LAP-DEL-123,Malleshwaram,1,99899
2026-08-23,LAP-DEL-124,Malleshwaram,1,74954
2026-08-23,REF-GOD-140,Malleshwaram,5,28594
2026-08-23,REF-LG-149,Malleshwaram,1,24929
2026-08-23,REF-LG-151,Malleshwaram,2,57499
2026-08-23,REF-WHI-145,Malleshwaram,4,51299
2026-08-23,SMA-AMA-192,Malleshwaram,1,40299
2026-08-23,SMA-AMA-203,Malleshwaram,2,12899
2026-08-23,SMA-APP-110,Malleshwaram,1,25399
2026-08-23,SMA-APP-199,Malleshwaram,1,38999
2026-08-23,SMA-APP-202,Malleshwaram,2,26199
2026-08-23,SMA-ONE-106,Malleshwaram,1,75869
2026-08-23,SMA-SAM-108,Malleshwaram,3,52439
2026-08-23,SMA-SAM-112,Malleshwaram,3,55099
2026-08-23,SMA-SAM-113,Malleshwaram,1,51199
2026-08-23,TEL-SON-130,Malleshwaram,2,58999
2026-08-23,TEL-SON-135,Malleshwaram,2,46499
2026-08-23,TEL-SON-139,Malleshwaram,2,73299
2026-08-23,TEL-TCL-131,Malleshwaram,2,34919
2026-08-23,TEL-XIA-136,Malleshwaram,1,54899
2026-08-23,TV-55Q7,Malleshwaram,1,58990
2026-08-23,WAS-BOS-165,Malleshwaram,3,42299
2026-08-23,WAS-IFB-162,Malleshwaram,1,15029
2026-08-23,WAS-LG-155,Malleshwaram,1,43999
2026-08-23,WAS-LG-160,Malleshwaram,1,38189
2026-08-23,WAS-SAM-156,Malleshwaram,1,24479
2026-08-23,WAS-SAM-163,Malleshwaram,1,39804
2026-08-23,WAS-WHI-161,Malleshwaram,1,16719
2026-08-23,ACC-BEL-231,Whitefield,1,449
2026-08-23,ACC-MI-243,Whitefield,2,2599
2026-08-23,ACC-POR-236,Whitefield,1,449
2026-08-23,AIR-BLU-173,Whitefield,1,52629
2026-08-23,AIR-DAI-172,Whitefield,1,58799
2026-08-23,AIR-LG-169,Whitefield,1,28889
2026-08-23,AIR-VOL-177,Whitefield,1,34099
2026-08-23,CAM-CAN-206,Whitefield,1,63839
2026-08-23,CAM-CAN-214,Whitefield,1,57299
2026-08-23,CAM-NIK-211,Whitefield,1,95039
2026-08-23,CAM-NIK-215,Whitefield,1,38519
2026-08-23,GAM-MIC-227,Whitefield,1,44899
2026-08-23,GAM-NIN-220,Whitefield,1,39239
2026-08-23,GAM-NIN-228,Whitefield,1,47309
2026-08-23,HEA-BOA-189,Whitefield,1,19169
2026-08-23,HEA-BOA-191,Whitefield,1,23749
2026-08-23,HEA-BOS-181,Whitefield,2,9899
2026-08-23,HEA-BOS-190,Whitefield,2,28799
2026-08-23,HEA-JBL-180,Whitefield,1,19094
2026-08-23,HEA-JBL-187,Whitefield,1,21509
2026-08-23,HEA-SON-188,Whitefield,2,4599
2026-08-23,HP-ANC-700,Whitefield,1,19990
2026-08-23,LAP-DEL-115,Whitefield,1,112999
2026-08-23,LAP-DEL-121,Whitefield,1,61084
2026-08-23,LAP-DEL-124,Whitefield,1,71009
2026-08-23,LAP-I5-G12,Whitefield,1,56990
2026-08-23,LAP-LEN-117,Whitefield,1,56049
2026-08-23,LAP-LEN-125,Whitefield,1,75714
2026-08-23,REF-GOD-146,Whitefield,1,34399
2026-08-23,REF-LG-149,Whitefield,1,24929
2026-08-23,REF-LG-152,Whitefield,1,72009
2026-08-23,REF-WHI-145,Whitefield,1,56999
2026-08-23,SMA-APP-109,Whitefield,2,39059
2026-08-23,SMA-APP-204,Whitefield,2,38249
2026-08-23,SMA-NOI-200,Whitefield,1,27269
2026-08-23,SMA-SAM-101,Whitefield,1,46599
2026-08-23,SMA-SAM-113,Whitefield,1,46079
2026-08-23,TEL-LG-138,Whitefield,1,90699
2026-08-23,TEL-SAM-128,Whitefield,1,119499
2026-08-23,TEL-SON-135,Whitefield,1,41849
2026-08-23,TV-55Q7,Whitefield,1,56040
2026-08-23,WAS-LG-160,Whitefield,3,40199
2026-08-23,WAS-WHI-154,Whitefield,1,48399
2026-08-23,WAS-WHI-164,Whitefield,1,17099
2026-08-24,ACC-ANK-233,HSR Layout,2,3229
2026-08-24,ACC-ANK-239,HSR Layout,2,1199
2026-08-24,ACC-BEL-234,HSR Layout,1,1499
2026-08-24,ACC-POR-241,HSR Layout,1,1599
2026-08-24,AIR-DAI-172,HSR Layout,1,58799
2026-08-24,AIR-LG-168,HSR Layout,1,32999
2026-08-24,AIR-LG-169,HSR Layout,1,32099
2026-08-24,AIR-LG-170,HSR Layout,1,29159
2026-08-24,AIR-VOL-174,HSR Layout,1,33569
2026-08-24,CAM-CAN-213,HSR Layout,1,59599
2026-08-24,CAM-NIK-216,HSR Layout,1,86199
2026-08-24,CAM-SON-205,HSR Layout,2,57599
2026-08-24,CAM-SON-208,HSR Layout,2,102124
2026-08-24,GAM-SON-219,HSR Layout,1,51399
2026-08-24,GAM-SON-222,HSR Layout,1,51964
2026-08-24,HEA-BOA-191,HSR Layout,3,24999
2026-08-24,HEA-BOS-190,HSR Layout,1,28799
2026-08-24,HEA-JBL-180,HSR Layout,1,20099
2026-08-24,HEA-JBL-182,HSR Layout,2,23654
2026-08-24,HEA-SON-179,HSR Layout,1,6599
2026-08-24,LAP-HP-114,HSR Layout,1,43604
2026-08-24,LAP-HP-119,HSR Layout,1,66879
2026-08-24,LAP-LEN-125,HSR Layout,2,79699
2026-08-24,REF-GOD-146,HSR Layout,1,30959
2026-08-24,REF-LG-150,HSR Layout,1,46929
2026-08-24,SMA-AMA-192,HSR Layout,1,40299
2026-08-24,SMA-APP-202,HSR Layout,1,23579
2026-08-24,SMA-NOI-194,HSR Layout,1,3599
2026-08-24,SMA-NOI-195,HSR Layout,1,28799
2026-08-24,SMA-ONE-103,HSR Layout,1,25649
2026-08-24,SMA-SAM-101,HSR Layout,3,41939
2026-08-24,SMA-SAM-112,HSR Layout,1,55099
2026-08-24,SMA-SAM-113,HSR Layout,1,51199
2026-08-24,SMA-SAM-193,HSR Layout,1,10349
2026-08-24,SW-FIT-3,HSR Layout,1,8549
2026-08-24,TEL-TCL-137,HSR Layout,1,87029
2026-08-24,TEL-XIA-132,HSR Layout,2,102219
2026-08-24,WAS-LG-155,HSR Layout,2,41799
2026-08-24,WAS-WHI-154,HSR Layout,1,43559
2026-08-24,WAS-WHI-164,HSR Layout,1,17099
2026-08-24,ACC-ANK-232,Indiranagar,1,2599
2026-08-24,ACC-ANK-237,Indiranagar,3,2899
2026-08-24,ACC-ANK-239,Indiranagar,1,1139
2026-08-24,ACC-BEL-231,Indiranagar,1,499
2026-08-24,ACC-MI-243,Indiranagar,1,2599
2026-08-24,ACC-POR-241,Indiranagar,1,1519
2026-08-24,AIR-BLU-167,Indiranagar,1,61599
2026-08-24,AIR-BLU-178,Indiranagar,1,37239
2026-08-24,CAM-CAN-206,Indiranagar,1,63839
2026-08-24,CAM-CAN-207,Indiranagar,1,96199
2026-08-24,CAM-CAN-213,Indiranagar,2,59599
2026-08-24,CAM-NIK-211,Indiranagar,1,100319
2026-08-24,CAM-SON-205,Indiranagar,1,57599
2026-08-24,GAM-MIC-225,Indiranagar,1,52399
2026-08-24,GAM-NIN-229,Indiranagar,2,45179
2026-08-24,GAM-SON-219,Indiranagar,1,51399
2026-08-24,HEA-BOA-189,Indiranagar,2,21299
2026-08-24,HEA-BOS-181,Indiranagar,1,8909
2026-08-24,HEA-BOS-190,Indiranagar,1,25919
2026-08-24,HEA-JBL-180,Indiranagar,1,20099
2026-08-24,HP-ANC-700,Indiranagar,2,19990
2026-08-24,LAP-ACE-118,Indiranagar,3,52199
2026-08-24,LAP-DEL-124,Indiranagar,2,78899
2026-08-24,LAP-HP-119,Indiranagar,1,66879
2026-08-24,LAP-I5-G12,Indiranagar,1,56990
2026-08-24,LAP-LEN-126,Indiranagar,1,110299
2026-08-24,REF-GOD-140,Indiranagar,1,30099
2026-08-24,REF-GOD-146,Indiranagar,1,34399
2026-08-24,SMA-AMA-192,Indiranagar,1,40299
2026-08-24,SMA-AMA-203,Indiranagar,2,11609
2026-08-24,SMA-NOI-200,Indiranagar,1,27269
2026-08-24,TEL-LG-138,Indiranagar,1,86164
2026-08-24,TEL-SAM-128,Indiranagar,1,113524
2026-08-24,TEL-SON-130,Indiranagar,1,58999
2026-08-24,TEL-XIA-127,Indiranagar,1,17479
2026-08-24,WAS-BOS-158,Indiranagar,1,32299
2026-08-24,WAS-IFB-159,Indiranagar,2,34699
2026-08-24,WAS-WHI-164,Indiranagar,1,17099
2026-08-24,ACC-BEL-231,Jayanagar,1,449
2026-08-24,ACC-MI-240,Jayanagar,2,3704
2026-08-24,ACC-POR-241,Jayanagar,1,1519
2026-08-24,ACC-POR-242,Jayanagar,1,1499
2026-08-24,AIR-DAI-176,Jayanagar,1,46999
2026-08-24,AIR-LG-169,Jayanagar,1,30494
2026-08-24,AIR-LG-170,Jayanagar,1,32399
2026-08-24,AIR-VOL-177,Jayanagar,2,30689
2026-08-24,CAM-CAN-206,Jayanagar,1,67199
2026-08-24,CAM-NIK-215,Jayanagar,1,38519
2026-08-24,CAM-NIK-216,Jayanagar,2,86199
2026-08-24,GAM-NIN-220,Jayanagar,3,43599
2026-08-24,GAM-SON-219,Jayanagar,1,51399
2026-08-24,GAM-SON-222,Jayanagar,1,51964
2026-08-24,HEA-BOA-191,Jayanagar,2,23749
2026-08-24,HEA-BOS-181,Jayanagar,2,8909
2026-08-24,HEA-JBL-182,Jayanagar,2,24899
2026-08-24,HEA-JBL-184,Jayanagar,1,23399
2026-08-24,LAP-DEL-115,Jayanagar,1,112999
2026-08-24,LAP-DEL-122,Jayanagar,1,89679
2026-08-24,LAP-LEN-126,Jayanagar,2,104784
2026-08-24,REF-GOD-148,Jayanagar,1,59219
2026-08-24,REF-LG-150,Jayanagar,1,46929
2026-08-24,REF-LG-152,Jayanagar,1,72009
2026-08-24,SMA-APP-204,Jayanagar,1,38249
2026-08-24,SMA-NOI-197,Jayanagar,1,7559
2026-08-24,SMA-ONE-107,Jayanagar,2,66499
2026-08-24,SMA-SAM-101,Jayanagar,1,46599
2026-08-24,SMA-SAM-193,Jayanagar,1,11499
2026-08-24,SMA-XIA-111,Jayanagar,1,65599
2026-08-24,TEL-SAM-128,Jayanagar,1,107549
2026-08-24,TEL-SON-130,Jayanagar,1,53099
2026-08-24,TEL-XIA-132,Jayanagar,1,107599
2026-08-24,TEL-XIA-136,Jayanagar,1,54899
2026-08-24,TV-65U8,Jayanagar,1,64990
2026-08-24,WAS-IFB-153,Jayanagar,1,22499
2026-08-24,WAS-IFB-157,Jayanagar,1,30149
2026-08-24,WAS-IFB-162,Jayanagar,1,15864
2026-08-24,WAS-LG-160,Jayanagar,2,40199
2026-08-24,WAS-WHI-164,Jayanagar,1,16244
2026-08-24,WM-FL-8KG,Jayanagar,2,35140
2026-08-24,ACC-ANK-233,Koramangala,1,3229
2026-08-24,ACC-BEL-231,Koramangala,1,474
2026-08-24,ACC-BEL-234,Koramangala,1,1499
2026-08-24,ACC-POR-241,Koramangala,1,1599
2026-08-24,AIR-LG-170,Koramangala,1,29159
2026-08-24,AIR-VOL-177,Koramangala,1,32394
2026-08-24,CAM-CAN-206,Koramangala,2,67199
2026-08-24,CAM-CAN-210,Koramangala,1,75509
2026-08-24,CAM-NIK-209,Koramangala,1,68599
2026-08-24,CAM-NIK-211,Koramangala,1,105599
2026-08-24,CAM-NIK-212,Koramangala,1,94524
2026-08-24,CAM-SON-205,Koramangala,1,51839
2026-08-24,GAM-MIC-223,Koramangala,1,48399
2026-08-24,GAM-SON-222,Koramangala,2,51964
2026-08-24,HEA-BOA-189,Koramangala,1,21299
2026-08-24,HEA-BOA-191,Koramangala,1,22499
2026-08-24,HEA-BOS-190,Koramangala,1,27359
2026-08-24,HEA-JBL-182,Koramangala,1,24899
2026-08-24,HEA-JBL-184,Koramangala,1,23399
2026-08-24,HEA-JBL-185,Koramangala,1,12599
2026-08-24,LAP-DEL-121,Koramangala,2,64299
2026-08-24,LAP-DEL-122,Koramangala,1,94399
2026-08-24,LAP-I5-G12,Koramangala,1,51291
2026-08-24,REF-GOD-146,Koramangala,1,34399
2026-08-24,REF-LG-144,Koramangala,2,32599
2026-08-24,REF-SAM-147,Koramangala,1,45199
2026-08-24,SMA-NOI-194,Koramangala,2,3599
2026-08-24,SMA-NOI-197,Koramangala,2,8399
2026-08-24,SMA-ONE-106,Koramangala,1,80084
2026-08-24,SMA-SAM-108,Koramangala,1,52439
2026-08-24,SMA-SAM-113,Koramangala,3,51199
2026-08-24,SMA-SAM-193,Koramangala,2,11499
2026-08-24,SW-FIT-3,Koramangala,1,8099
2026-08-24,TEL-SON-135,Koramangala,3,44174
2026-08-24,TEL-XIA-127,Koramangala,2,18399
2026-08-24,TEL-XIA-132,Koramangala,3,96839
2026-08-24,TEL-XIA-136,Koramangala,1,49409
2026-08-24,TV-55Q7,Koramangala,3,53091
2026-08-24,WAS-WHI-154,Koramangala,1,43559
2026-08-24,WM-FL-8KG,Koramangala,1,36990
2026-08-24,ACC-BEL-238,Malleshwaram,1,3199
2026-08-24,ACC-POR-241,Malleshwaram,2,1599
2026-08-24,AIR-BLU-167,Malleshwaram,1,61599
2026-08-24,AIR-LG-170,Malleshwaram,2,32399
2026-08-24,AIR-LG-171,Malleshwaram,1,57699
2026-08-24,CAM-CAN-206,Malleshwaram,3,67199
2026-08-24,CAM-NIK-215,Malleshwaram,1,40659
2026-08-24,GAM-NIN-226,Malleshwaram,1,32394
2026-08-24,GAM-SON-221,Malleshwaram,1,43599
2026-08-24,HEA-BOA-191,Malleshwaram,2,24999
2026-08-24,HEA-JBL-182,Malleshwaram,1,24899
2026-08-24,HEA-JBL-187,Malleshwaram,1,23899
2026-08-24,HP-ANC-700,Malleshwaram,1,19990
2026-08-24,LAP-ACE-118,Malleshwaram,3,46979
2026-08-24,LAP-ASU-120,Malleshwaram,3,82199
2026-08-24,LAP-DEL-121,Malleshwaram,1,64299
2026-08-24,LAP-HP-114,Malleshwaram,1,43604
2026-08-24,LAP-LEN-125,Malleshwaram,1,71729
2026-08-24,REF-GOD-140,Malleshwaram,1,27089
2026-08-24,REF-GOD-142,Malleshwaram,2,42199
2026-08-24,REF-GOD-148,Malleshwaram,1,65799
2026-08-24,REF-LG-151,Malleshwaram,3,57499
2026-08-24,REF-LG-152,Malleshwaram,2,75799
2026-08-24,REF-WHI-145,Malleshwaram,1,56999
2026-08-24,SMA-SAM-201,Malleshwaram,1,5099
2026-08-24,SMA-XIA-111,Malleshwaram,1,65599
2026-08-24,TEL-LG-138,Malleshwaram,1,86164
2026-08-24,TEL-SAM-133,Malleshwaram,1,46454
2026-08-24,TEL-SON-135,Malleshwaram,1,46499
2026-08-24,TEL-SON-139,Malleshwaram,2,73299
2026-08-24,TEL-XIA-127,Malleshwaram,1,18399
2026-08-24,TV-55Q7,Malleshwaram,2,53091
2026-08-24,WAS-BOS-165,Malleshwaram,1,42299
2026-08-24,WAS-IFB-159,Malleshwaram,1,32964
2026-08-24,WAS-LG-155,Malleshwaram,2,39599
2026-08-24,WAS-SAM-156,Malleshwaram,1,27199
2026-08-24,WAS-WHI-164,Malleshwaram,1,17099
2026-08-24,ACC-ANK-237,Whitefield,3,2899
2026-08-24,ACC-BEL-231,Whitefield,1,474
2026-08-24,ACC-MI-240,Whitefield,1,3509
2026-08-24,ACC-POR-241,Whitefield,2,1599
2026-08-24,AIR-LG-171,Whitefield,1,51929
2026-08-24,AIR-VOL-177,Whitefield,1,34099
2026-08-24,CAM-CAN-210,Whitefield,1,83899
2026-08-24,CAM-NIK-215,Whitefield,1,42799
2026-08-24,GAM-MIC-230,Whitefield,1,30299
2026-08-24,GAM-NIN-220,Whitefield,1,39239
2026-08-24,GAM-SON-219,Whitefield,1,48829
2026-08-24,GAM-SON-221,Whitefield,1,43599
2026-08-24,HEA-BOS-186,Whitefield,1,16099
2026-08-24,HEA-JBL-187,Whitefield,1,23899
2026-08-24,HEA-SON-188,Whitefield,2,4139
2026-08-24,LAP-LEN-125,Whitefield,2,79699
2026-08-24,LAP-LEN-126,Whitefield,1,110299
2026-08-24,REF-GOD-140,Whitefield,2,28594
2026-08-24,REF-GOD-146,Whitefield,2,34399
2026-08-24,REF-GOD-148,Whitefield,1,65799
2026-08-24,REF-LG-144,Whitefield,2,29339
2026-08-24,REF-LG-149,Whitefield,2,26314
2026-08-24,REF-LG-150,Whitefield,1,49399
2026-08-24,REF-LG-152,Whitefield,1,75799
2026-08-24,SMA-AMA-203,Whitefield,1,12899
2026-08-24,SMA-APP-110,Whitefield,1,24129
2026-08-24,SMA-APP-198,Whitefield,3,26099
2026-08-24,SMA-NOI-195,Whitefield,1,27359
2026-08-24,SMA-ONE-105,Whitefield,1,44819
2026-08-24,SMA-VIV-102,Whitefield,1,35399
2026-08-24,SMA-XIA-104,Whitefield,2,69064
2026-08-24,SMA-XIA-111,Whitefield,1,65599
2026-08-24,TEL-LG-138,Whitefield,1,81629
2026-08-24,TEL-SAM-128,Whitefield,2,119499
2026-08-24,WAS-WHI-164,Whitefield,1,15389
2026-08-25,ACC-ANK-239,HSR Layout,1,1199
2026-08-25,ACC-BEL-231,HSR Layout,1,499
2026-08-25,ACC-POR-235,HSR Layout,1,599
2026-08-25,ACC-POR-241,HSR Layout,1,1439
2026-08-25,AIR-BLU-178,HSR Layout,1,35279
2026-08-25,AIR-LG-170,HSR Layout,2,29159
2026-08-25,CAM-CAN-207,HSR Layout,1,96199
2026-08-25,GAM-NIN-220,HSR Layout,2,39239
2026-08-25,GAM-SON-219,HSR Layout,1,51399
2026-08-25,HEA-BOA-191,HSR Layout,1,23749
2026-08-25,HEA-BOS-181,HSR Layout,1,9404
2026-08-25,HEA-BOS-186,HSR Layout,1,16099
2026-08-25,HEA-BOS-190,HSR Layout,1,25919
2026-08-25,HEA-JBL-182,HSR Layout,2,24899
2026-08-25,HEA-JBL-187,HSR Layout,1,23899
2026-08-25,LAP-ACE-118,HSR Layout,1,52199
2026-08-25,LAP-HP-114,HSR Layout,1,43604
2026-08-25,LAP-HP-119,HSR Layout,1,63359
2026-08-25,LAP-LEN-125,HSR Layout,4,75714
2026-08-25,REF-GOD-140,HSR Layout,1,30099
2026-08-25,REF-LG-141,HSR Layout,2,84899
2026-08-25,REF-LG-144,HSR Layout,2,29339
2026-08-25,REF-SAM-147,HSR Layout,1,42939
2026-08-25,SMA-APP-199,HSR Layout,1,37049
2026-08-25,SMA-NOI-195,HSR Layout,3,28799
2026-08-25,SMA-NOI-200,HSR Layout,1,28784
2026-08-25,SMA-ONE-105,HSR Layout,1,49799
2026-08-25,SMA-XIA-111,HSR Layout,1,65599
2026-08-25,TEL-SON-135,HSR Layout,1,46499
2026-08-25,TEL-TCL-137,HSR Layout,1,91864
2026-08-25,TEL-XIA-132,HSR Layout,1,96839
2026-08-25,TEL-XIA-136,HSR Layout,1,54899
2026-08-25,TV-55Q7,HSR Layout,2,53091
2026-08-25,WAS-BOS-158,HSR Layout,1,33999
2026-08-25,WAS-IFB-157,HSR Layout,1,33499
2026-08-25,WAS-WHI-154,HSR Layout,2,48399
2026-08-25,ACC-ANK-232,Indiranagar,1,2599
2026-08-25,ACC-ANK-233,Indiranagar,1,3229
2026-08-25,ACC-ANK-237,Indiranagar,1,2754
2026-08-25,ACC-BEL-231,Indiranagar,1,499
2026-08-25,ACC-BEL-234,Indiranagar,2,1499
2026-08-25,ACC-MI-243,Indiranagar,2,2599
2026-08-25,ACC-POR-236,Indiranagar,1,449
2026-08-25,ACC-POR-241,Indiranagar,1,1519
2026-08-25,AIR-LG-169,Indiranagar,1,32099
2026-08-25,CAM-CAN-207,Indiranagar,4,86579
2026-08-25,CAM-CAN-213,Indiranagar,1,59599
2026-08-25,CAM-NIK-211,Indiranagar,1,105599
2026-08-25,CAM-NIK-212,Indiranagar,2,99499
2026-08-25,GAM-MIC-223,Indiranagar,1,48399
2026-08-25,GAM-NIN-226,Indiranagar,3,34099
2026-08-25,GAM-NIN-229,Indiranagar,1,50199
2026-08-25,GAM-SON-222,Indiranagar,2,51964
2026-08-25,HEA-BOA-191,Indiranagar,1,24999
2026-08-25,HEA-BOS-181,Indiranagar,1,8909
2026-08-25,HEA-JBL-180,Indiranagar,1,18089
2026-08-25,HP-ANC-700,Indiranagar,1,18990
2026-08-25,LAP-ACE-118,Indiranagar,2,52199
2026-08-25,LAP-HP-114,Indiranagar,1,45899
2026-08-25,LAP-LEN-126,Indiranagar,1,110299
2026-08-25,REF-GOD-142,Indiranagar,1,40089
2026-08-25,SMA-NOI-194,Indiranagar,1,3419
2026-08-25,SMA-ONE-103,Indiranagar,1,28499
2026-08-25,SMA-SAM-101,Indiranagar,1,41939
2026-08-25,SMA-SAM-112,Indiranagar,1,55099
2026-08-25,SMA-SAM-113,Indiranagar,1,51199
2026-08-25,TEL-SAM-128,Indiranagar,1,107549
2026-08-25,TEL-TCL-137,Indiranagar,1,96699
2026-08-25,TEL-XIA-132,Indiranagar,1,96839
2026-08-25,TV-65U8,Indiranagar,1,58491
2026-08-25,WAS-WHI-161,Indiranagar,1,17599
2026-08-25,WAS-WHI-164,Indiranagar,3,17099
2026-08-25,ACC-ANK-232,Jayanagar,3,2599
2026-08-25,ACC-BEL-238,Jayanagar,1,2879
2026-08-25,ACC-POR-242,Jayanagar,1,1424
2026-08-25,AIR-LG-170,Jayanagar,1,32399
2026-08-25,CAM-NIK-211,Jayanagar,1,105599
2026-08-25,CAM-SON-208,Jayanagar,1,107499
2026-08-25,GAM-MIC-230,Jayanagar,1,30299
2026-08-25,GAM-SON-221,Jayanagar,1,43599
2026-08-25,HEA-BOA-191,Jayanagar,1,24999
2026-08-25,HEA-JBL-182,Jayanagar,1,22409
2026-08-25,LAP-ACE-118,Jayanagar,1,52199
2026-08-25,LAP-ASU-120,Jayanagar,1,73979
2026-08-25,LAP-DEL-121,Jayanagar,1,61084
2026-08-25,LAP-DEL-124,Jayanagar,1,78899
2026-08-25,LAP-HP-119,Jayanagar,1,63359
2026-08-25,LAP-I5-G12,Jayanagar,1,56990
2026-08-25,LAP-LEN-126,Jayanagar,1,104784
2026-08-25,REF-GOD-140,Jayanagar,1,28594
2026-08-25,REF-GOD-148,Jayanagar,1,59219
2026-08-25,REF-LG-149,Jayanagar,2,24929
2026-08-25,REF-LG-150,Jayanagar,1,49399
2026-08-25,REF-LG-152,Jayanagar,3,75799
2026-08-25,SMA-AMA-192,Jayanagar,1,38284
2026-08-25,SMA-APP-204,Jayanagar,1,42499
2026-08-25,SMA-SAM-112,Jayanagar,1,55099
2026-08-25,SMA-SAM-193,Jayanagar,1,11499
2026-08-25,SMA-XIA-111,Jayanagar,3,65599
2026-08-25,TEL-SAM-133,Jayanagar,2,48899
2026-08-25,TEL-SON-139,Jayanagar,2,73299
2026-08-25,TEL-XIA-127,Jayanagar,1,17479
2026-08-25,TV-65U8,Jayanagar,1,64990
2026-08-25,WAS-LG-155,Jayanagar,2,39599
2026-08-25,WM-FL-8KG,Jayanagar,1,36990
2026-08-25,ACC-BEL-234,Koramangala,1,1499
2026-08-25,ACC-MI-240,Koramangala,1,3899
2026-08-25,ACC-POR-235,Koramangala,1,599
2026-08-25,CAM-CAN-213,Koramangala,1,56619
2026-08-25,CAM-NIK-217,Koramangala,1,53279
2026-08-25,GAM-MIC-225,Koramangala,1,52399
2026-08-25,GAM-NIN-220,Koramangala,1,39239
2026-08-25,GAM-SON-219,Koramangala,1,51399
2026-08-25,HEA-JBL-185,Koramangala,1,12599
2026-08-25,HEA-SON-188,Koramangala,1,4599
2026-08-25,LAP-DEL-121,Koramangala,1,64299
2026-08-25,LAP-LEN-126,Koramangala,1,99269
2026-08-25,REF-GOD-140,Koramangala,1,30099
2026-08-25,REF-GOD-142,Koramangala,4,42199
2026-08-25,REF-GOD-143,Koramangala,1,46169
2026-08-25,REF-LG-144,Koramangala,1,29339
2026-08-25,REF-LG-152,Koramangala,1,75799
2026-08-25,SMA-APP-199,Koramangala,1,38999
2026-08-25,SMA-NOI-194,Koramangala,2,3599
2026-08-25,SMA-ONE-106,Koramangala,1,84299
2026-08-25,SMA-ONE-107,Koramangala,1,63174
2026-08-25,SMA-SAM-108,Koramangala,2,49679
2026-08-25,SMA-SAM-113,Koramangala,2,51199
2026-08-25,SMA-SAM-193,Koramangala,3,10349
2026-08-25,TEL-LG-138,Koramangala,1,90699
2026-08-25,TEL-XIA-127,Koramangala,2,18399
2026-08-25,TEL-XIA-132,Koramangala,2,107599
2026-08-25,TV-55Q7,Koramangala,1,58990
2026-08-25,WAS-LG-155,Koramangala,1,43999
2026-08-25,WAS-WHI-164,Koramangala,1,17099
2026-08-25,ACC-MI-243,Malleshwaram,1,2599
2026-08-25,ACC-POR-236,Malleshwaram,1,474
2026-08-25,AIR-LG-168,Malleshwaram,3,32999
2026-08-25,AIR-LG-169,Malleshwaram,1,28889
2026-08-25,AIR-LG-170,Malleshwaram,2,30779
2026-08-25,AIR-VOL-177,Malleshwaram,2,34099
2026-08-25,CAM-NIK-215,Malleshwaram,1,40659
2026-08-25,CAM-NIK-217,Malleshwaram,1,53279
2026-08-25,CAM-SON-205,Malleshwaram,1,57599
2026-08-25,CAM-SON-208,Malleshwaram,1,107499
2026-08-25,GAM-MIC-227,Malleshwaram,1,42654
2026-08-25,GAM-NIN-229,Malleshwaram,1,50199
2026-08-25,GAM-SON-221,Malleshwaram,4,43599
2026-08-25,HEA-BOS-190,Malleshwaram,1,25919
2026-08-25,HEA-JBL-180,Malleshwaram,1,20099
2026-08-25,HEA-JBL-184,Malleshwaram,1,23399
2026-08-25,HEA-JBL-187,Malleshwaram,1,23899
2026-08-25,HP-ANC-700,Malleshwaram,1,19990
2026-08-25,LAP-ASU-120,Malleshwaram,1,73979
2026-08-25,LAP-DEL-124,Malleshwaram,1,78899
2026-08-25,LAP-HP-119,Malleshwaram,1,66879
2026-08-25,LAP-LEN-126,Malleshwaram,1,110299
2026-08-25,REF-GOD-140,Malleshwaram,1,28594
2026-08-25,REF-GOD-142,Malleshwaram,1,40089
2026-08-25,REF-GOD-146,Malleshwaram,1,32679
2026-08-25,REF-GOD-148,Malleshwaram,1,65799
2026-08-25,REF-WHI-145,Malleshwaram,1,56999
2026-08-25,SMA-AMA-203,Malleshwaram,2,12254
2026-08-25,SMA-APP-110,Malleshwaram,1,25399
2026-08-25,SMA-APP-198,Malleshwaram,2,26099
2026-08-25,SMA-APP-204,Malleshwaram,1,42499
2026-08-25,SMA-NOI-194,Malleshwaram,1,3599
2026-08-25,SMA-NOI-200,Malleshwaram,1,27269
2026-08-25,SMA-ONE-106,Malleshwaram,1,84299
2026-08-25,SMA-SAM-113,Malleshwaram,1,51199
2026-08-25,TEL-SON-130,Malleshwaram,1,53099
2026-08-25,TEL-SON-139,Malleshwaram,2,73299
2026-08-25,TEL-TCL-131,Malleshwaram,1,38799
2026-08-25,TV-55Q7,Malleshwaram,2,53091
2026-08-25,WAS-LG-160,Malleshwaram,1,40199
2026-08-25,WAS-SAM-163,Malleshwaram,1,39804
2026-08-25,WAS-WHI-161,Malleshwaram,1,17599
2026-08-25,WAS-WHI-164,Malleshwaram,1,17099
2026-08-25,ACC-POR-236,Whitefield,1,499
2026-08-25,ACC-POR-241,Whitefield,1,1599
2026-08-25,GAM-MIC-227,Whitefield,1,40409
2026-08-25,GAM-MIC-230,Whitefield,1,30299
2026-08-25,GAM-NIN-220,Whitefield,1,41419
2026-08-25,GAM-SON-219,Whitefield,1,51399
2026-08-25,GAM-SON-222,Whitefield,1,54699
2026-08-25,HEA-BOA-189,Whitefield,2,21299
2026-08-25,HEA-BOS-181,Whitefield,1,9899
2026-08-25,HEA-JBL-182,Whitefield,1,24899
2026-08-25,HEA-SON-188,Whitefield,1,4599
2026-08-25,HP-ANC-700,Whitefield,1,19990
2026-08-25,LAP-DEL-121,Whitefield,2,57869
2026-08-25,LAP-DEL-124,Whitefield,1,71009
2026-08-25,LAP-I5-G12,Whitefield,1,56990
2026-08-25,LAP-LEN-125,Whitefield,1,75714
2026-08-25,REF-LG-144,Whitefield,1,29339
2026-08-25,SMA-APP-109,Whitefield,2,43399
2026-08-25,SMA-APP-199,Whitefield,2,35099
2026-08-25,SMA-ONE-105,Whitefield,2,49799
2026-08-25,SMA-SAM-113,Whitefield,1,51199
2026-08-25,SMA-VIV-102,Whitefield,1,35399
2026-08-25,SMA-XIA-104,Whitefield,1,72699
2026-08-25,SMA-XIA-111,Whitefield,1,65599
2026-08-25,TEL-SON-139,Whitefield,1,73299
2026-08-25,TEL-XIA-132,Whitefield,1,102219
2026-08-25,TEL-XIA-134,Whitefield,1,119999
2026-08-25,TEL-XIA-136,Whitefield,1,49409
2026-08-25,WAS-LG-155,Whitefield,1,43999
2026-08-25,WAS-LG-160,Whitefield,2,38189
2026-08-26,ACC-ANK-239,HSR Layout,1,1199
2026-08-26,ACC-BEL-231,HSR Layout,1,499
2026-08-26,ACC-MI-243,HSR Layout,2,2599
2026-08-26,ACC-POR-235,HSR Layout,1,599
2026-08-26,AIR-BLU-173,HSR Layout,1,55399
2026-08-26,AIR-LG-168,HSR Layout,4,31349
2026-08-26,AIR-LG-169,HSR Layout,1,28889
2026-08-26,AIR-LG-170,HSR Layout,1,32399
2026-08-26,CAM-CAN-207,HSR Layout,1,96199
2026-08-26,CAM-CAN-210,HSR Layout,1,83899
2026-08-26,CAM-SON-208,HSR Layout,1,107499
2026-08-26,GAM-MIC-230,HSR Layout,1,30299
2026-08-26,GAM-NIN-228,HSR Layout,2,44819
2026-08-26,GAM-SON-219,HSR Layout,1,46259
2026-08-26,GAM-SON-222,HSR Layout,1,54699
2026-08-26,HEA-BOA-191,HSR Layout,1,24999
2026-08-26,HEA-BOS-186,HSR Layout,1,14489
2026-08-26,HEA-JBL-182,HSR Layout,1,23654
2026-08-26,HEA-SON-179,HSR Layout,1,6599
2026-08-26,LAP-DEL-123,HSR Layout,1,99899
2026-08-26,LAP-HP-114,HSR Layout,1,43604
2026-08-26,LAP-HP-119,HSR Layout,2,70399
2026-08-26,LAP-LEN-116,HSR Layout,1,90399
2026-08-26,LAP-LEN-117,HSR Layout,1,58999
2026-08-26,REF-GOD-146,HSR Layout,1,32679
2026-08-26,REF-LG-141,HSR Layout,1,84899
2026-08-26,REF-LG-144,HSR Layout,1,29339
2026-08-26,REF-LG-150,HSR Layout,1,49399
2026-08-26,SMA-AMA-192,HSR Layout,1,36269
2026-08-26,SMA-APP-199,HSR Layout,1,35099
2026-08-26,SMA-APP-202,HSR Layout,1,26199
2026-08-26,SMA-NOI-195,HSR Layout,1,28799
2026-08-26,SMA-ONE-106,HSR Layout,1,75869
2026-08-26,SMA-SAM-101,HSR Layout,1,41939
2026-08-26,SMA-SAM-112,HSR Layout,1,55099
2026-08-26,TEL-XIA-134,HSR Layout,1,119999
2026-08-26,TEL-XIA-136,HSR Layout,1,54899
2026-08-26,WAS-BOS-165,HSR Layout,1,38069
2026-08-26,WAS-LG-155,HSR Layout,2,41799
2026-08-26,WAS-WHI-154,HSR Layout,2,43559
2026-08-26,ACC-ANK-232,Indiranagar,1,2599
2026-08-26,ACC-ANK-237,Indiranagar,1,2899
2026-08-26,ACC-MI-243,Indiranagar,3,2599
2026-08-26,ACC-POR-236,Indiranagar,1,499
2026-08-26,ACC-POR-241,Indiranagar,2,1599
2026-08-26,ACC-POR-242,Indiranagar,1,1424
2026-08-26,AIR-BLU-173,Indiranagar,1,49859
2026-08-26,AIR-LG-166,Indiranagar,2,50499
2026-08-26,AIR-LG-170,Indiranagar,1,29159
2026-08-26,CAM-CAN-210,Indiranagar,1,75509
2026-08-26,CAM-CAN-213,Indiranagar,2,59599
2026-08-26,CAM-NIK-209,Indiranagar,1,61739
2026-08-26,CAM-SON-205,Indiranagar,1,57599
2026-08-26,GAM-NIN-229,Indiranagar,1,47689
2026-08-26,GAM-SON-219,Indiranagar,1,51399
2026-08-26,HEA-BOA-189,Indiranagar,3,21299
2026-08-26,HEA-BOS-181,Indiranagar,1,9899
2026-08-26,HEA-JBL-180,Indiranagar,1,18089
2026-08-26,HEA-JBL-185,Indiranagar,1,11969
2026-08-26,HEA-SON-179,Indiranagar,1,6599
2026-08-26,HP-ANC-700,Indiranagar,5,17991
2026-08-26,LAP-DEL-124,Indiranagar,2,74954
2026-08-26,REF-GOD-140,Indiranagar,1,28594
2026-08-26,REF-LG-151,Indiranagar,1,51749
2026-08-26,REF-LG-152,Indiranagar,3,75799
2026-08-26,SMA-AMA-192,Indiranagar,2,36269
2026-08-26,SMA-NOI-194,Indiranagar,1,3599
2026-08-26,SMA-ONE-103,Indiranagar,2,28499
2026-08-26,SMA-SAM-112,Indiranagar,1,49589
2026-08-26,SMA-SAM-201,Indiranagar,2,5099
2026-08-26,TEL-SAM-128,Indiranagar,1,119499
2026-08-26,TEL-XIA-127,Indiranagar,1,18399
2026-08-26,WAS-LG-160,Indiranagar,1,40199
2026-08-26,WAS-WHI-161,Indiranagar,1,17599
2026-08-26,WAS-WHI-164,Indiranagar,1,16244
2026-08-26,ACC-BEL-238,Jayanagar,1,2879
2026-08-26,ACC-POR-235,Jayanagar,2,599
2026-08-26,AIR-DAI-176,Jayanagar,3,42299
2026-08-26,AIR-LG-170,Jayanagar,1,32399
2026-08-26,AIR-VOL-174,Jayanagar,1,37299
2026-08-26,AIR-VOL-177,Jayanagar,1,30689
2026-08-26,CAM-NIK-217,Jayanagar,1,59199
2026-08-26,CAM-SON-205,Jayanagar,1,54719
2026-08-26,GAM-NIN-228,Jayanagar,1,44819
2026-08-26,GAM-SON-222,Jayanagar,1,49229
2026-08-26,HEA-BOS-181,Jayanagar,2,9899
2026-08-26,HEA-JBL-184,Jayanagar,1,21059
2026-08-26,LAP-DEL-123,Jayanagar,1,94904
2026-08-26,LAP-DEL-124,Jayanagar,2,78899
2026-08-26,LAP-LEN-116,Jayanagar,1,90399
2026-08-26,LAP-LEN-125,Jayanagar,1,75714
2026-08-26,REF-GOD-140,Jayanagar,1,30099
2026-08-26,REF-GOD-143,Jayanagar,1,46169
2026-08-26,SMA-APP-198,Jayanagar,1,26099
2026-08-26,SMA-NOI-194,Jayanagar,1,3599
2026-08-26,SMA-ONE-106,Jayanagar,1,84299
2026-08-26,SMA-ONE-107,Jayanagar,1,66499
2026-08-26,SMA-SAM-108,Jayanagar,1,55199
2026-08-26,SMA-SAM-113,Jayanagar,1,51199
2026-08-26,SMA-SAM-193,Jayanagar,1,10924
2026-08-26,SMA-XIA-104,Jayanagar,1,72699
2026-08-26,SMA-XIA-111,Jayanagar,3,65599
2026-08-26,TEL-SAM-128,Jayanagar,1,113524
2026-08-26,TEL-SAM-133,Jayanagar,2,48899
2026-08-26,TEL-TCL-131,Jayanagar,1,36859
2026-08-26,TEL-XIA-136,Jayanagar,2,54899
2026-08-26,WAS-IFB-153,Jayanagar,2,22499
2026-08-26,WAS-IFB-162,Jayanagar,2,16699
2026-08-26,WAS-SAM-163,Jayanagar,2,41899
2026-08-26,ACC-POR-236,Koramangala,1,449
2026-08-26,AIR-BLU-167,Koramangala,1,58519
2026-08-26,AIR-DAI-172,Koramangala,2,58799
2026-08-26,AIR-LG-170,Koramangala,1,29159
2026-08-26,CAM-CAN-207,Koramangala,1,96199
2026-08-26,CAM-CAN-210,Koramangala,2,75509
2026-08-26,CAM-CAN-213,Koramangala,2,59599
2026-08-26,CAM-NIK-217,Koramangala,1,59199
2026-08-26,GAM-MIC-225,Koramangala,2,52399
2026-08-26,GAM-NIN-220,Koramangala,1,43599
2026-08-26,GAM-NIN-229,Koramangala,1,45179
2026-08-26,GAM-SON-221,Koramangala,1,43599
2026-08-26,HEA-BOA-189,Koramangala,1,20234
2026-08-26,HEA-JBL-184,Koramangala,1,23399
2026-08-26,LAP-ACE-118,Koramangala,1,52199
2026-08-26,LAP-DEL-123,Koramangala,1,99899
2026-08-26,LAP-DEL-124,Koramangala,1,78899
2026-08-26,REF-GOD-140,Koramangala,1,30099
2026-08-26,REF-GOD-143,Koramangala,2,46169
2026-08-26,REF-LG-141,Koramangala,1,84899
2026-08-26,REF-LG-149,Koramangala,1,24929
2026-08-26,REF-SAM-147,Koramangala,1,45199
2026-08-26,SMA-APP-199,Koramangala,1,38999
2026-08-26,SMA-NOI-195,Koramangala,1,28799
2026-08-26,SMA-NOI-197,Koramangala,2,7559
2026-08-26,SMA-ONE-106,Koramangala,2,84299
2026-08-26,SMA-SAM-101,Koramangala,1,46599
2026-08-26,SMA-SAM-193,Koramangala,2,11499
2026-08-26,SMA-XIA-111,Koramangala,2,65599
2026-08-26,TEL-SON-135,Koramangala,1,41849
2026-08-26,TEL-TCL-131,Koramangala,1,38799
2026-08-26,TEL-XIA-127,Koramangala,1,18399
2026-08-26,TEL-XIA-132,Koramangala,1,102219
2026-08-26,TV-55Q7,Koramangala,1,56040
2026-08-26,WAS-BOS-165,Koramangala,1,40184
2026-08-26,WAS-IFB-153,Koramangala,1,20249
2026-08-26,WAS-IFB-157,Koramangala,1,33499
2026-08-26,WAS-IFB-162,Koramangala,1,16699
2026-08-26,ACC-ANK-233,Malleshwaram,2,3059
2026-08-26,ACC-BEL-238,Malleshwaram,1,3039
2026-08-26,ACC-MI-240,Malleshwaram,1,3509
2026-08-26,ACC-MI-243,Malleshwaram,1,2469
2026-08-26,ACC-POR-241,Malleshwaram,1,1599
2026-08-26,AIR-LG-166,Malleshwaram,1,47974
2026-08-26,AIR-LG-168,Malleshwaram,2,32999
2026-08-26,AIR-LG-170,Malleshwaram,5,29159
2026-08-26,AIR-LG-175,Malleshwaram,1,45799
2026-08-26,CAM-CAN-206,Malleshwaram,2,67199
2026-08-26,CAM-NIK-212,Malleshwaram,1,89549
2026-08-26,CAM-SON-205,Malleshwaram,1,54719
2026-08-26,GAM-NIN-224,Malleshwaram,1,31199
2026-08-26,GAM-NIN-226,Malleshwaram,1,30689
2026-08-26,HEA-BOS-181,Malleshwaram,1,9899
2026-08-26,HEA-JBL-180,Malleshwaram,1,20099
2026-08-26,HEA-JBL-187,Malleshwaram,4,23899
2026-08-26,HP-ANC-700,Malleshwaram,1,19990
2026-08-26,LAP-ACE-118,Malleshwaram,4,52199
2026-08-26,LAP-ASU-120,Malleshwaram,1,82199
2026-08-26,LAP-DEL-123,Malleshwaram,1,99899
2026-08-26,LAP-HP-119,Malleshwaram,1,70399
2026-08-26,LAP-I5-G12,Malleshwaram,2,56990
2026-08-26,LAP-LEN-117,Malleshwaram,1,58999
2026-08-26,LAP-LEN-125,Malleshwaram,3,79699
2026-08-26,REF-GOD-140,Malleshwaram,2,30099
2026-08-26,REF-GOD-148,Malleshwaram,1,62509
2026-08-26,REF-LG-144,Malleshwaram,1,32599
2026-08-26,REF-LG-150,Malleshwaram,1,44459
2026-08-26,REF-LG-151,Malleshwaram,1,57499
2026-08-26,REF-WHI-145,Malleshwaram,1,56999
2026-08-26,SMA-APP-199,Malleshwaram,1,38999
2026-08-26,SMA-NOI-194,Malleshwaram,1,3599
2026-08-26,SMA-NOI-197,Malleshwaram,1,8399
2026-08-26,SMA-ONE-103,Malleshwaram,1,25649
2026-08-26,SMA-ONE-106,Malleshwaram,1,84299
2026-08-26,SMA-ONE-107,Malleshwaram,1,66499
2026-08-26,SMA-SAM-196,Malleshwaram,1,18049
2026-08-26,SMA-XIA-111,Malleshwaram,1,65599
2026-08-26,SW-FIT-3,Malleshwaram,2,8999
2026-08-26,TEL-SAM-133,Malleshwaram,2,46454
2026-08-26,TEL-SON-139,Malleshwaram,2,73299
2026-08-26,TEL-XIA-127,Malleshwaram,1,18399
2026-08-26,TV-55Q7,Malleshwaram,4,58990
2026-08-26,TV-65U8,Malleshwaram,1,64990
2026-08-26,WAS-IFB-159,Malleshwaram,1,34699
2026-08-26,ACC-ANK-233,Whitefield,1,3399
2026-08-26,ACC-ANK-237,Whitefield,1,2899
2026-08-26,ACC-BEL-231,Whitefield,1,474
2026-08-26,ACC-BEL-238,Whitefield,1,3199
2026-08-26,ACC-POR-241,Whitefield,1,1439
2026-08-26,AIR-LG-169,Whitefield,1,30494
2026-08-26,AIR-VOL-177,Whitefield,2,34099
2026-08-26,CAM-CAN-214,Whitefield,3,57299
2026-08-26,CAM-NIK-212,Whitefield,1,89549
2026-08-26,CAM-NIK-215,Whitefield,1,42799
2026-08-26,CAM-NIK-216,Whitefield,1,77579
2026-08-26,GAM-MIC-227,Whitefield,4,44899
2026-08-26,GAM-NIN-220,Whitefield,1,43599
2026-08-26,GAM-NIN-228,Whitefield,1,47309
2026-08-26,GAM-SON-221,Whitefield,1,43599
2026-08-26,GAM-SON-222,Whitefield,3,54699
2026-08-26,HEA-BOA-189,Whitefield,2,21299
2026-08-26,HEA-JBL-182,Whitefield,1,24899
2026-08-26,HEA-JBL-187,Whitefield,1,21509
2026-08-26,LAP-ACE-118,Whitefield,1,49589
2026-08-26,LAP-ASU-120,Whitefield,1,73979
2026-08-26,LAP-DEL-121,Whitefield,1,64299
2026-08-26,LAP-DEL-123,Whitefield,1,94904
2026-08-26,LAP-LEN-125,Whitefield,1,79699
2026-08-26,REF-GOD-146,Whitefield,3,30959
2026-08-26,REF-LG-149,Whitefield,1,27699
2026-08-26,REF-LG-150,Whitefield,1,49399
2026-08-26,REF-SAM-147,Whitefield,1,40679
2026-08-26,SMA-APP-109,Whitefield,1,43399
2026-08-26,SMA-APP-202,Whitefield,1,26199
2026-08-26,SMA-APP-204,Whitefield,2,40374
2026-08-26,SMA-SAM-101,Whitefield,1,46599
2026-08-26,SMA-XIA-104,Whitefield,5,72699
2026-08-26,TEL-LG-138,Whitefield,1,90699
2026-08-26,TEL-SON-135,Whitefield,1,46499
2026-08-26,TV-55Q7,Whitefield,2,56040
2026-08-26,WAS-BOS-158,Whitefield,2,33999
2026-08-26,WAS-IFB-153,Whitefield,1,20249
2026-08-26,WAS-WHI-154,Whitefield,1,45979
2026-08-26,WM-FL-8KG,Whitefield,1,36990
2026-08-27,ACC-ANK-233,HSR Layout,1,3399
2026-08-27,AIR-BLU-173,HSR Layout,1,52629
2026-08-27,AIR-DAI-172,HSR Layout,2,58799
2026-08-27,AIR-LG-166,HSR Layout,1,45449
2026-08-27,AIR-LG-168,HSR Layout,1,32999
2026-08-27,AIR-LG-170,HSR Layout,1,32399
2026-08-27,CAM-CAN-207,HSR Layout,1,96199
2026-08-27,CAM-NIK-209,HSR Layout,1,61739
2026-08-27,CAM-NIK-211,HSR Layout,1,95039
2026-08-27,GAM-MIC-227,HSR Layout,1,44899
2026-08-27,GAM-NIN-220,HSR Layout,1,43599
2026-08-27,GAM-NIN-224,HSR Layout,1,31199
2026-08-27,HEA-BOA-183,HSR Layout,1,4654
2026-08-27,HEA-BOS-190,HSR Layout,1,28799
2026-08-27,HEA-JBL-182,HSR Layout,2,24899
2026-08-27,HEA-JBL-184,HSR Layout,2,23399
2026-08-27,HEA-SON-188,HSR Layout,2,4139
2026-08-27,LAP-HP-114,HSR Layout,1,41309
2026-08-27,LAP-LEN-125,HSR Layout,1,75714
2026-08-27,REF-LG-144,HSR Layout,1,29339
2026-08-27,REF-LG-151,HSR Layout,1,54624
2026-08-27,SMA-APP-199,HSR Layout,2,37049
2026-08-27,SMA-NOI-195,HSR Layout,2,28799
2026-08-27,SMA-ONE-106,HSR Layout,1,75869
2026-08-27,SMA-ONE-107,HSR Layout,1,66499
2026-08-27,SMA-SAM-101,HSR Layout,1,46599
2026-08-27,SMA-XIA-104,HSR Layout,1,72699
2026-08-27,SMA-XIA-111,HSR Layout,1,65599
2026-08-27,SW-FIT-3,HSR Layout,1,8099
2026-08-27,TEL-LG-138,HSR Layout,1,90699
2026-08-27,TEL-TCL-131,HSR Layout,1,34919
2026-08-27,TEL-TCL-137,HSR Layout,1,91864
2026-08-27,TEL-XIA-136,HSR Layout,1,52154
2026-08-27,TV-55Q7,HSR Layout,1,58990
2026-08-27,WAS-LG-155,HSR Layout,1,41799
2026-08-27,WAS-WHI-154,HSR Layout,2,43559
2026-08-27,ACC-ANK-232,Indiranagar,1,2469
2026-08-27,ACC-ANK-237,Indiranagar,1,2899
2026-08-27,ACC-BEL-231,Indiranagar,1,499
2026-08-27,ACC-BEL-234,Indiranagar,1,1499
2026-08-27,ACC-MI-243,Indiranagar,2,2469
2026-08-27,ACC-POR-236,Indiranagar,2,499
2026-08-27,ACC-POR-241,Indiranagar,1,1599
2026-08-27,ACC-POR-242,Indiranagar,1,1349
2026-08-27,CAM-CAN-207,Indiranagar,1,86579
2026-08-27,CAM-CAN-213,Indiranagar,1,56619
2026-08-27,CAM-NIK-217,Indiranagar,1,59199
2026-08-27,GAM-MIC-230,Indiranagar,1,30299
2026-08-27,GAM-NIN-220,Indiranagar,2,43599
2026-08-27,GAM-NIN-229,Indiranagar,1,50199
2026-08-27,HEA-BOA-189,Indiranagar,1,20234
2026-08-27,HEA-BOS-181,Indiranagar,2,9899
2026-08-27,HEA-SON-179,Indiranagar,1,6599
2026-08-27,HEA-SON-188,Indiranagar,1,4599
2026-08-27,HP-ANC-700,Indiranagar,3,18990
2026-08-27,LAP-ACE-118,Indiranagar,1,46979
2026-08-27,LAP-DEL-124,Indiranagar,2,78899
2026-08-27,LAP-LEN-116,Indiranagar,1,90399
2026-08-27,LAP-LEN-126,Indiranagar,1,110299
2026-08-27,REF-LG-152,Indiranagar,1,75799
2026-08-27,SMA-APP-199,Indiranagar,2,38999
2026-08-27,SMA-SAM-201,Indiranagar,1,4589
2026-08-27,TEL-TCL-131,Indiranagar,1,34919
2026-08-27,TEL-TCL-137,Indiranagar,1,96699
2026-08-27,TEL-XIA-132,Indiranagar,1,102219
2026-08-27,TV-55Q7,Indiranagar,1,58990
2026-08-27,WAS-BOS-158,Indiranagar,3,33999
2026-08-27,WAS-SAM-156,Indiranagar,1,24479
2026-08-27,ACC-ANK-232,Jayanagar,1,2469
2026-08-27,ACC-BEL-238,Jayanagar,1,3039
2026-08-27,ACC-MI-240,Jayanagar,1,3509
2026-08-27,ACC-POR-235,Jayanagar,1,569
2026-08-27,ACC-POR-236,Jayanagar,1,499
2026-08-27,ACC-POR-241,Jayanagar,1,1599
2026-08-27,AIR-DAI-176,Jayanagar,1,46999
2026-08-27,AIR-LG-169,Jayanagar,1,32099
2026-08-27,AIR-VOL-177,Jayanagar,1,34099
2026-08-27,CAM-CAN-206,Jayanagar,1,67199
2026-08-27,CAM-SON-208,Jayanagar,1,102124
2026-08-27,GAM-NIN-228,Jayanagar,1,49799
2026-08-27,GAM-SON-222,Jayanagar,1,54699
2026-08-27,HEA-BOA-183,Jayanagar,1,4899
2026-08-27,HEA-BOS-181,Jayanagar,2,9899
2026-08-27,HEA-JBL-182,Jayanagar,1,24899
2026-08-27,LAP-DEL-123,Jayanagar,2,99899
2026-08-27,LAP-DEL-124,Jayanagar,1,78899
2026-08-27,LAP-I5-G12,Jayanagar,1,54140
2026-08-27,LAP-LEN-125,Jayanagar,1,79699
2026-08-27,REF-GOD-140,Jayanagar,1,30099
2026-08-27,REF-LG-149,Jayanagar,1,27699
2026-08-27,REF-LG-151,Jayanagar,1,57499
2026-08-27,REF-LG-152,Jayanagar,1,75799
2026-08-27,REF-WHI-145,Jayanagar,1,51299
2026-08-27,SMA-AMA-192,Jayanagar,3,40299
2026-08-27,SMA-APP-198,Jayanagar,1,23489
2026-08-27,SMA-SAM-113,Jayanagar,1,46079
2026-08-27,SMA-SAM-193,Jayanagar,3,10924
2026-08-27,SW-FIT-3,Jayanagar,1,8999
2026-08-27,TEL-LG-138,Jayanagar,1,90699
2026-08-27,TEL-SAM-128,Jayanagar,1,119499
2026-08-27,TEL-SON-139,Jayanagar,1,65969
2026-08-27,TEL-XIA-132,Jayanagar,2,96839
2026-08-27,WAS-IFB-162,Jayanagar,1,16699
2026-08-27,WAS-LG-160,Jayanagar,1,40199
2026-08-27,WAS-SAM-156,Jayanagar,1,27199
2026-08-27,WAS-SAM-163,Jayanagar,2,39804
2026-08-27,WM-FL-8KG,Jayanagar,2,36990
2026-08-27,ACC-ANK-233,Koramangala,1,3399
2026-08-27,ACC-BEL-231,Koramangala,1,449
2026-08-27,ACC-MI-243,Koramangala,1,2599
2026-08-27,ACC-POR-236,Koramangala,1,499
2026-08-27,ACC-POR-241,Koramangala,1,1599
2026-08-27,AIR-DAI-172,Koramangala,2,58799
2026-08-27,AIR-LG-166,Koramangala,1,50499
2026-08-27,AIR-LG-175,Koramangala,1,41219
2026-08-27,CAM-CAN-210,Koramangala,2,83899
2026-08-27,CAM-NIK-212,Koramangala,1,94524
2026-08-27,CAM-NIK-215,Koramangala,2,42799
2026-08-27,CAM-SON-205,Koramangala,1,57599
2026-08-27,GAM-MIC-218,Koramangala,1,45899
2026-08-27,GAM-MIC-225,Koramangala,1,49779
2026-08-27,GAM-NIN-220,Koramangala,1,39239
2026-08-27,GAM-NIN-228,Koramangala,1,49799
2026-08-27,GAM-SON-219,Koramangala,2,48829
2026-08-27,HEA-SON-179,Koramangala,1,5939
2026-08-27,LAP-DEL-122,Koramangala,2,94399
2026-08-27,LAP-DEL-123,Koramangala,1,99899
2026-08-27,LAP-I5-G12,Koramangala,1,56990
2026-08-27,LAP-LEN-116,Koramangala,1,90399
2026-08-27,LAP-LEN-125,Koramangala,1,79699
2026-08-27,LAP-LEN-126,Koramangala,1,104784
2026-08-27,REF-LG-141,Koramangala,2,80654
2026-08-27,REF-LG-144,Koramangala,1,30969
2026-08-27,REF-WHI-145,Koramangala,1,56999
2026-08-27,SMA-APP-199,Koramangala,1,35099
2026-08-27,SMA-NOI-194,Koramangala,1,3599
2026-08-27,SMA-NOI-195,Koramangala,1,28799
2026-08-27,SMA-NOI-197,Koramangala,2,7979
2026-08-27,SMA-ONE-106,Koramangala,1,84299
2026-08-27,SMA-SAM-193,Koramangala,4,10924
2026-08-27,TEL-LG-138,Koramangala,2,90699
2026-08-27,TEL-TCL-131,Koramangala,1,38799
2026-08-27,TEL-XIA-127,Koramangala,1,18399
2026-08-27,TEL-XIA-132,Koramangala,1,96839
2026-08-27,TEL-XIA-136,Koramangala,1,54899
2026-08-27,TV-55Q7,Koramangala,6,58990
2026-08-27,WAS-IFB-157,Koramangala,1,33499
2026-08-27,WAS-IFB-162,Koramangala,1,16699
2026-08-27,WM-FL-8KG,Koramangala,1,36990
2026-08-27,ACC-ANK-233,Malleshwaram,1,3399
2026-08-27,ACC-MI-243,Malleshwaram,1,2599
2026-08-27,AIR-DAI-172,Malleshwaram,1,52919
2026-08-27,AIR-LG-166,Malleshwaram,1,47974
2026-08-27,AIR-LG-168,Malleshwaram,1,31349
2026-08-27,AIR-LG-170,Malleshwaram,1,30779
2026-08-27,CAM-CAN-206,Malleshwaram,1,60479
2026-08-27,CAM-CAN-210,Malleshwaram,1,79704
2026-08-27,CAM-NIK-212,Malleshwaram,1,89549
2026-08-27,CAM-NIK-216,Malleshwaram,1,86199
2026-08-27,GAM-MIC-218,Malleshwaram,1,50999
2026-08-27,GAM-MIC-223,Malleshwaram,1,48399
2026-08-27,GAM-NIN-224,Malleshwaram,1,31199
2026-08-27,GAM-NIN-226,Malleshwaram,1,34099
2026-08-27,GAM-NIN-229,Malleshwaram,1,45179
2026-08-27,GAM-SON-219,Malleshwaram,3,46259
2026-08-27,HEA-BOA-191,Malleshwaram,1,24999
2026-08-27,HEA-JBL-187,Malleshwaram,1,22704
2026-08-27,LAP-ASU-120,Malleshwaram,2,73979
2026-08-27,LAP-DEL-123,Malleshwaram,1,99899
2026-08-27,LAP-DEL-124,Malleshwaram,1,78899
2026-08-27,LAP-HP-114,Malleshwaram,1,45899
2026-08-27,LAP-HP-119,Malleshwaram,2,70399
2026-08-27,REF-GOD-140,Malleshwaram,3,30099
2026-08-27,REF-GOD-143,Malleshwaram,1,48734
2026-08-27,REF-LG-144,Malleshwaram,1,32599
2026-08-27,REF-LG-149,Malleshwaram,1,27699
2026-08-27,REF-LG-151,Malleshwaram,2,57499
2026-08-27,REF-LG-152,Malleshwaram,1,68219
2026-08-27,SMA-AMA-203,Malleshwaram,1,12254
2026-08-27,SMA-NOI-194,Malleshwaram,1,3599
2026-08-27,SMA-ONE-106,Malleshwaram,2,84299
2026-08-27,SMA-SAM-101,Malleshwaram,1,46599
2026-08-27,SMA-SAM-112,Malleshwaram,1,55099
2026-08-27,SMA-XIA-104,Malleshwaram,1,72699
2026-08-27,SW-FIT-3,Malleshwaram,1,8999
2026-08-27,TEL-XIA-127,Malleshwaram,2,18399
2026-08-27,TV-65U8,Malleshwaram,1,64990
2026-08-27,WAS-LG-155,Malleshwaram,1,43999
2026-08-27,WAS-LG-160,Malleshwaram,1,36179
2026-08-27,WAS-SAM-156,Malleshwaram,1,24479
2026-08-27,WAS-SAM-163,Malleshwaram,2,37709
2026-08-27,WAS-WHI-161,Malleshwaram,1,15839
2026-08-27,ACC-ANK-237,Whitefield,1,2899
2026-08-27,ACC-MI-243,Whitefield,1,2339
2026-08-27,ACC-POR-236,Whitefield,1,499
2026-08-27,CAM-CAN-210,Whitefield,1,83899
2026-08-27,CAM-CAN-214,Whitefield,1,57299
2026-08-27,CAM-NIK-209,Whitefield,1,68599
2026-08-27,CAM-NIK-217,Whitefield,1,59199
2026-08-27,GAM-NIN-220,Whitefield,1,43599
2026-08-27,HEA-BOA-189,Whitefield,1,20234
2026-08-27,HEA-BOA-191,Whitefield,1,22499
2026-08-27,HEA-JBL-187,Whitefield,2,22704
2026-08-27,HEA-SON-188,Whitefield,2,4369
2026-08-27,LAP-LEN-125,Whitefield,1,75714
2026-08-27,REF-GOD-140,Whitefield,1,28594
2026-08-27,REF-LG-149,Whitefield,1,27699
2026-08-27,SMA-APP-110,Whitefield,1,25399
2026-08-27,SMA-APP-204,Whitefield,1,42499
2026-08-27,SMA-SAM-108,Whitefield,1,49679
2026-08-27,SMA-VIV-102,Whitefield,1,35399
2026-08-27,SMA-XIA-104,Whitefield,1,72699
2026-08-27,TEL-LG-138,Whitefield,1,90699
2026-08-27,TEL-SAM-128,Whitefield,1,119499
2026-08-27,TEL-SON-130,Whitefield,2,58999
2026-08-27,TEL-TCL-137,Whitefield,1,87029
2026-08-27,TEL-XIA-136,Whitefield,1,49409
2026-08-27,TV-55Q7,Whitefield,1,58990
2026-08-27,WAS-BOS-158,Whitefield,1,30599
2026-08-27,WAS-IFB-153,Whitefield,1,21374
2026-08-27,WAS-SAM-163,Whitefield,1,37709
2026-08-28,ACC-BEL-234,HSR Layout,1,1424
2026-08-28,AIR-BLU-167,HSR Layout,1,58519
2026-08-28,AIR-DAI-172,HSR Layout,1,58799
2026-08-28,AIR-LG-166,HSR Layout,1,50499
2026-08-28,AIR-LG-168,HSR Layout,1,32999
2026-08-28,AIR-LG-170,HSR Layout,3,32399
2026-08-28,CAM-CAN-210,HSR Layout,1,75509
2026-08-28,CAM-CAN-213,HSR Layout,2,59599
2026-08-28,CAM-NIK-215,HSR Layout,2,38519
2026-08-28,CAM-NIK-216,HSR Layout,1,81889
2026-08-28,CAM-SON-205,HSR Layout,1,54719
2026-08-28,GAM-NIN-220,HSR Layout,1,41419
2026-08-28,GAM-NIN-228,HSR Layout,2,47309
2026-08-28,HEA-BOA-183,HSR Layout,1,4409
2026-08-28,HEA-BOS-181,HSR Layout,1,9899
2026-08-28,HEA-SON-179,HSR Layout,2,5939
2026-08-28,HEA-SON-188,HSR Layout,1,4599
2026-08-28,LAP-HP-119,HSR Layout,1,70399
2026-08-28,LAP-I5-G12,HSR Layout,2,56990
2026-08-28,LAP-LEN-125,HSR Layout,2,71729
2026-08-28,REF-GOD-140,HSR Layout,1,28594
2026-08-28,REF-LG-141,HSR Layout,1,80654
2026-08-28,REF-LG-144,HSR Layout,1,32599
2026-08-28,REF-WHI-145,HSR Layout,1,51299
2026-08-28,SMA-APP-109,HSR Layout,1,39059
2026-08-28,SMA-APP-202,HSR Layout,1,26199
2026-08-28,SMA-NOI-195,HSR Layout,1,25919
2026-08-28,SMA-SAM-108,HSR Layout,1,55199
2026-08-28,SMA-SAM-201,HSR Layout,1,4589
2026-08-28,SMA-VIV-102,HSR Layout,1,33629
2026-08-28,SMA-XIA-104,HSR Layout,2,72699
2026-08-28,SMA-XIA-111,HSR Layout,3,65599
2026-08-28,SW-FIT-3,HSR Layout,1,8999
2026-08-28,TEL-SON-139,HSR Layout,1,73299
2026-08-28,TEL-TCL-137,HSR Layout,1,96699
2026-08-28,TEL-XIA-136,HSR Layout,1,54899
2026-08-28,TV-55Q7,HSR Layout,1,53091
2026-08-28,WAS-BOS-165,HSR Layout,1,42299
2026-08-28,WAS-IFB-153,HSR Layout,1,20249
2026-08-28,WAS-LG-155,HSR Layout,1,39599
2026-08-28,WAS-WHI-154,HSR Layout,1,48399
2026-08-28,WAS-WHI-164,HSR Layout,1,16244
2026-08-28,ACC-ANK-237,Indiranagar,1,2899
2026-08-28,ACC-MI-243,Indiranagar,1,2339
2026-08-28,ACC-POR-241,Indiranagar,2,1519
2026-08-28,ACC-POR-242,Indiranagar,1,1499
2026-08-28,AIR-DAI-172,Indiranagar,1,58799
2026-08-28,AIR-LG-166,Indiranagar,2,50499
2026-08-28,AIR-LG-169,Indiranagar,1,32099
2026-08-28,CAM-CAN-207,Indiranagar,1,96199
2026-08-28,CAM-CAN-213,Indiranagar,2,59599
2026-08-28,CAM-CAN-214,Indiranagar,1,57299
2026-08-28,CAM-NIK-209,Indiranagar,1,68599
2026-08-28,CAM-NIK-216,Indiranagar,1,86199
2026-08-28,CAM-SON-205,Indiranagar,1,51839
2026-08-28,CAM-SON-208,Indiranagar,1,96749
2026-08-28,GAM-MIC-227,Indiranagar,1,42654
2026-08-28,GAM-NIN-220,Indiranagar,1,43599
2026-08-28,GAM-NIN-224,Indiranagar,1,31199
2026-08-28,GAM-SON-219,Indiranagar,4,48829
2026-08-28,HEA-BOA-189,Indiranagar,1,21299
2026-08-28,HEA-BOA-191,Indiranagar,1,24999
2026-08-28,HEA-JBL-185,Indiranagar,3,12599
2026-08-28,HEA-SON-179,Indiranagar,2,6599
2026-08-28,HP-ANC-700,Indiranagar,2,17991
2026-08-28,LAP-DEL-122,Indiranagar,1,94399
2026-08-28,LAP-DEL-124,Indiranagar,1,74954
2026-08-28,LAP-I5-G12,Indiranagar,1,56990
2026-08-28,LAP-LEN-116,Indiranagar,1,81359
2026-08-28,REF-GOD-142,Indiranagar,1,42199
2026-08-28,SMA-AMA-192,Indiranagar,3,40299
2026-08-28,SMA-APP-199,Indiranagar,1,37049
2026-08-28,SMA-NOI-200,Indiranagar,2,27269
2026-08-28,SMA-ONE-105,Indiranagar,1,49799
2026-08-28,SMA-ONE-106,Indiranagar,1,75869
2026-08-28,SMA-XIA-111,Indiranagar,1,62319
2026-08-28,ACC-ANK-232,Jayanagar,2,2469
2026-08-28,ACC-BEL-234,Jayanagar,1,1499
2026-08-28,ACC-POR-242,Jayanagar,1,1349
2026-08-28,AIR-DAI-176,Jayanagar,1,42299
2026-08-28,AIR-LG-170,Jayanagar,1,30779
2026-08-28,AIR-VOL-177,Jayanagar,2,30689
2026-08-28,CAM-SON-205,Jayanagar,1,54719
2026-08-28,CAM-SON-208,Jayanagar,1,107499
2026-08-28,HEA-BOA-189,Jayanagar,1,19169
2026-08-28,HEA-BOA-191,Jayanagar,1,24999
2026-08-28,HEA-BOS-181,Jayanagar,2,8909
2026-08-28,HEA-JBL-185,Jayanagar,1,11969
2026-08-28,HP-ANC-700,Jayanagar,1,19990
2026-08-28,LAP-DEL-124,Jayanagar,1,78899
2026-08-28,LAP-I5-G12,Jayanagar,1,51291
2026-08-28,REF-LG-150,Jayanagar,1,49399
2026-08-28,REF-LG-151,Jayanagar,1,51749
2026-08-28,REF-WHI-145,Jayanagar,2,56999
2026-08-28,SMA-AMA-192,Jayanagar,3,40299
2026-08-28,SMA-APP-204,Jayanagar,1,42499
2026-08-28,SMA-NOI-195,Jayanagar,1,27359
2026-08-28,SMA-SAM-108,Jayanagar,1,49679
2026-08-28,SMA-SAM-193,Jayanagar,1,10924
2026-08-28,SMA-XIA-111,Jayanagar,1,62319
2026-08-28,TEL-SAM-128,Jayanagar,3,119499
2026-08-28,TEL-SON-135,Jayanagar,1,46499
2026-08-28,TEL-TCL-129,Jayanagar,1,116999
2026-08-28,TEL-XIA-136,Jayanagar,1,54899
2026-08-28,WAS-BOS-158,Jayanagar,1,33999
2026-08-28,WAS-IFB-157,Jayanagar,1,33499
2026-08-28,WAS-LG-160,Jayanagar,1,38189
2026-08-28,WAS-SAM-163,Jayanagar,2,41899
2026-08-28,WM-FL-8KG,Jayanagar,1,36990
2026-08-28,ACC-ANK-233,Koramangala,1,3059
2026-08-28,ACC-ANK-239,Koramangala,1,1199
2026-08-28,ACC-POR-236,Koramangala,1,499
2026-08-28,ACC-POR-241,Koramangala,1,1599
2026-08-28,AIR-BLU-167,Koramangala,1,61599
2026-08-28,AIR-LG-171,Koramangala,1,57699
2026-08-28,AIR-VOL-177,Koramangala,1,32394
2026-08-28,CAM-SON-205,Koramangala,1,51839
2026-08-28,GAM-MIC-218,Koramangala,1,50999
2026-08-28,HEA-BOS-190,Koramangala,1,27359
2026-08-28,HEA-JBL-184,Koramangala,2,22229
2026-08-28,HEA-SON-179,Koramangala,1,6269
2026-08-28,HEA-SON-188,Koramangala,1,4599
2026-08-28,HP-ANC-700,Koramangala,1,19990
2026-08-28,LAP-ACE-118,Koramangala,2,46979
2026-08-28,REF-GOD-140,Koramangala,1,30099
2026-08-28,REF-GOD-142,Koramangala,1,40089
2026-08-28,REF-GOD-143,Koramangala,3,51299
2026-08-28,REF-GOD-148,Koramangala,1,65799
2026-08-28,REF-LG-141,Koramangala,1,84899
2026-08-28,REF-SAM-147,Koramangala,4,45199
2026-08-28,SMA-APP-199,Koramangala,1,38999
2026-08-28,SMA-NOI-194,Koramangala,2,3419
2026-08-28,SMA-ONE-106,Koramangala,1,75869
2026-08-28,SMA-ONE-107,Koramangala,1,59849
2026-08-28,SMA-SAM-113,Koramangala,3,51199
2026-08-28,SW-FIT-3,Koramangala,1,8099
2026-08-28,TEL-LG-138,Koramangala,2,86164
2026-08-28,TEL-SON-130,Koramangala,1,56049
2026-08-28,TEL-SON-135,Koramangala,1,44174
2026-08-28,TEL-TCL-137,Koramangala,2,96699
2026-08-28,TEL-XIA-132,Koramangala,6,107599
2026-08-28,TEL-XIA-134,Koramangala,1,107999
2026-08-28,TV-55Q7,Koramangala,1,53091
2026-08-28,WAS-BOS-165,Koramangala,2,42299
2026-08-28,WAS-IFB-153,Koramangala,1,21374
2026-08-28,WAS-SAM-156,Koramangala,1,27199
2026-08-28,WAS-WHI-164,Koramangala,1,17099
2026-08-28,ACC-ANK-233,Malleshwaram,1,3059
2026-08-28,ACC-ANK-237,Malleshwaram,1,2899
2026-08-28,ACC-MI-243,Malleshwaram,1,2599
2026-08-28,ACC-POR-236,Malleshwaram,1,474
2026-08-28,ACC-POR-241,Malleshwaram,1,1439
2026-08-28,AIR-LG-168,Malleshwaram,1,32999
2026-08-28,AIR-LG-170,Malleshwaram,4,32399
2026-08-28,AIR-VOL-174,Malleshwaram,1,35434
2026-08-28,AIR-VOL-177,Malleshwaram,2,34099
2026-08-28,CAM-CAN-206,Malleshwaram,5,60479
2026-08-28,CAM-NIK-209,Malleshwaram,1,68599
2026-08-28,CAM-NIK-216,Malleshwaram,1,86199
2026-08-28,CAM-NIK-217,Malleshwaram,1,53279
2026-08-28,GAM-NIN-224,Malleshwaram,2,31199
2026-08-28,GAM-NIN-229,Malleshwaram,2,47689
2026-08-28,GAM-SON-219,Malleshwaram,1,48829
2026-08-28,GAM-SON-221,Malleshwaram,1,41419
2026-08-28,GAM-SON-222,Malleshwaram,1,54699
2026-08-28,HEA-BOA-183,Malleshwaram,1,4899
2026-08-28,HEA-JBL-184,Malleshwaram,1,23399
2026-08-28,HEA-JBL-187,Malleshwaram,1,22704
2026-08-28,HEA-SON-179,Malleshwaram,1,6599
2026-08-28,LAP-ACE-118,Malleshwaram,2,52199
2026-08-28,LAP-ASU-120,Malleshwaram,1,78089
2026-08-28,LAP-DEL-115,Malleshwaram,1,107349
2026-08-28,LAP-DEL-123,Malleshwaram,1,89909
2026-08-28,LAP-HP-114,Malleshwaram,2,45899
2026-08-28,REF-GOD-140,Malleshwaram,2,30099
2026-08-28,REF-GOD-142,Malleshwaram,1,37979
2026-08-28,REF-WHI-145,Malleshwaram,2,56999
2026-08-28,SMA-NOI-194,Malleshwaram,1,3599
2026-08-28,SMA-NOI-197,Malleshwaram,1,7979
2026-08-28,SMA-ONE-107,Malleshwaram,1,66499
2026-08-28,TEL-SAM-128,Malleshwaram,1,119499
2026-08-28,TEL-SON-139,Malleshwaram,1,73299
2026-08-28,WAS-IFB-159,Malleshwaram,2,32964
2026-08-28,WAS-LG-155,Malleshwaram,3,41799
2026-08-28,WAS-LG-160,Malleshwaram,1,38189
2026-08-28,WAS-SAM-156,Malleshwaram,4,24479
2026-08-28,ACC-ANK-237,Whitefield,1,2899
2026-08-28,ACC-BEL-231,Whitefield,1,499
2026-08-28,ACC-BEL-238,Whitefield,2,3039
2026-08-28,ACC-MI-243,Whitefield,1,2469
2026-08-28,AIR-LG-169,Whitefield,1,32099
2026-08-28,AIR-VOL-174,Whitefield,1,37299
2026-08-28,AIR-VOL-177,Whitefield,1,32394
2026-08-28,CAM-CAN-207,Whitefield,1,86579
2026-08-28,CAM-CAN-213,Whitefield,1,59599
2026-08-28,GAM-MIC-227,Whitefield,2,44899
2026-08-28,HEA-BOS-181,Whitefield,1,9899
2026-08-28,HEA-JBL-182,Whitefield,1,24899
2026-08-28,HEA-JBL-184,Whitefield,1,23399
2026-08-28,HEA-JBL-187,Whitefield,2,23899
2026-08-28,HEA-SON-188,Whitefield,3,4369
2026-08-28,LAP-ACE-118,Whitefield,1,52199
2026-08-28,LAP-ASU-120,Whitefield,2,82199
2026-08-28,LAP-HP-119,Whitefield,1,66879
2026-08-28,LAP-I5-G12,Whitefield,1,54140
2026-08-28,LAP-LEN-117,Whitefield,1,58999
2026-08-28,LAP-LEN-125,Whitefield,1,79699
2026-08-28,LAP-LEN-126,Whitefield,1,104784
2026-08-28,REF-GOD-146,Whitefield,2,30959
2026-08-28,REF-LG-149,Whitefield,2,27699
2026-08-28,REF-SAM-147,Whitefield,1,42939
2026-08-28,SMA-AMA-203,Whitefield,2,12899
2026-08-28,SMA-APP-109,Whitefield,3,41229
2026-08-28,SMA-APP-198,Whitefield,1,26099
2026-08-28,SMA-APP-202,Whitefield,1,26199
2026-08-28,SMA-SAM-101,Whitefield,2,41939
2026-08-28,SMA-SAM-112,Whitefield,1,49589
2026-08-28,SMA-VIV-102,Whitefield,1,31859
2026-08-28,SMA-XIA-104,Whitefield,2,72699
2026-08-28,TEL-LG-138,Whitefield,1,86164
2026-08-28,TEL-SAM-128,Whitefield,2,119499
2026-08-28,TEL-SON-130,Whitefield,1,58999
2026-08-28,TEL-SON-135,Whitefield,1,44174
2026-08-28,TEL-SON-139,Whitefield,1,73299
2026-08-28,TEL-XIA-132,Whitefield,1,102219
2026-08-28,TEL-XIA-134,Whitefield,1,107999
2026-08-28,TEL-XIA-136,Whitefield,1,54899
2026-08-28,TV-55Q7,Whitefield,1,58990
2026-08-28,TV-65U8,Whitefield,1,64990
2026-08-28,WAS-IFB-153,Whitefield,1,22499
2026-08-28,WAS-SAM-156,Whitefield,1,25839
2026-08-28,WAS-WHI-161,Whitefield,1,17599
2026-08-29,ACC-ANK-233,HSR Layout,1,3229
2026-08-29,ACC-BEL-231,HSR Layout,1,474
2026-08-29,AIR-BLU-167,HSR Layout,1,58519
2026-08-29,AIR-BLU-173,HSR Layout,1,55399
2026-08-29,AIR-BLU-178,HSR Layout,2,37239
2026-08-29,AIR-DAI-172,HSR Layout,2,58799
2026-08-29,AIR-LG-170,HSR Layout,1,32399
2026-08-29,CAM-CAN-207,HSR Layout,2,96199
2026-08-29,CAM-CAN-210,HSR Layout,1,75509
2026-08-29,CAM-NIK-209,HSR Layout,1,61739
2026-08-29,CAM-NIK-212,HSR Layout,1,89549
2026-08-29,CAM-NIK-215,HSR Layout,2,42799
2026-08-29,CAM-SON-208,HSR Layout,3,107499
2026-08-29,GAM-MIC-227,HSR Layout,1,44899
2026-08-29,GAM-NIN-226,HSR Layout,1,30689
2026-08-29,GAM-SON-219,HSR Layout,2,46259
2026-08-29,HEA-BOA-191,HSR Layout,1,23749
2026-08-29,HEA-BOS-181,HSR Layout,1,9899
2026-08-29,HEA-JBL-182,HSR Layout,2,23654
2026-08-29,HEA-SON-179,HSR Layout,1,6599
2026-08-29,HP-ANC-700,HSR Layout,2,19990
2026-08-29,LAP-DEL-122,HSR Layout,1,94399
2026-08-29,LAP-HP-114,HSR Layout,1,45899
2026-08-29,LAP-HP-119,HSR Layout,1,70399
2026-08-29,REF-GOD-146,HSR Layout,1,30959
2026-08-29,REF-SAM-147,HSR Layout,2,42939
2026-08-29,SMA-AMA-192,HSR Layout,1,36269
2026-08-29,SMA-APP-109,HSR Layout,1,43399
2026-08-29,SMA-APP-204,HSR Layout,1,42499
2026-08-29,SMA-NOI-194,HSR Layout,1,3599
2026-08-29,SMA-NOI-195,HSR Layout,1,27359
2026-08-29,SMA-ONE-103,HSR Layout,1,28499
2026-08-29,SMA-SAM-196,HSR Layout,1,18049
2026-08-29,SMA-XIA-111,HSR Layout,2,62319
2026-08-29,SW-FIT-3,HSR Layout,1,8549
2026-08-29,TEL-TCL-137,HSR Layout,1,96699
2026-08-29,TEL-XIA-132,HSR Layout,1,107599
2026-08-29,TEL-XIA-136,HSR Layout,3,49409
2026-08-29,TV-55Q7,HSR Layout,2,53091
2026-08-29,WAS-BOS-165,HSR Layout,2,42299
2026-08-29,WAS-LG-160,HSR Layout,1,40199
2026-08-29,WAS-WHI-154,HSR Layout,2,48399
2026-08-29,WAS-WHI-161,HSR Layout,1,17599
2026-08-29,WAS-WHI-164,HSR Layout,1,17099
2026-08-29,WM-FL-8KG,HSR Layout,1,33291
2026-08-29,ACC-ANK-232,Indiranagar,1,2469
2026-08-29,ACC-MI-243,Indiranagar,3,2469
2026-08-29,AIR-LG-170,Indiranagar,1,32399
2026-08-29,AIR-LG-175,Indiranagar,1,41219
2026-08-29,CAM-CAN-207,Indiranagar,2,96199
2026-08-29,CAM-SON-208,Indiranagar,1,102124
2026-08-29,GAM-MIC-218,Indiranagar,1,48449
2026-08-29,GAM-MIC-230,Indiranagar,1,28784
2026-08-29,GAM-NIN-229,Indiranagar,3,45179
2026-08-29,GAM-SON-219,Indiranagar,1,51399
2026-08-29,HEA-BOA-183,Indiranagar,1,4654
2026-08-29,HEA-BOA-189,Indiranagar,2,19169
2026-08-29,HEA-BOS-181,Indiranagar,3,9899
2026-08-29,HEA-JBL-185,Indiranagar,2,12599
2026-08-29,HEA-SON-179,Indiranagar,2,6599
2026-08-29,HP-ANC-700,Indiranagar,2,19990
2026-08-29,LAP-DEL-122,Indiranagar,2,89679
2026-08-29,LAP-LEN-125,Indiranagar,2,79699
2026-08-29,LAP-LEN-126,Indiranagar,2,110299
2026-08-29,REF-GOD-143,Indiranagar,1,46169
2026-08-29,REF-GOD-148,Indiranagar,1,65799
2026-08-29,REF-LG-144,Indiranagar,1,32599
2026-08-29,REF-LG-149,Indiranagar,1,27699
2026-08-29,SMA-AMA-203,Indiranagar,1,12254
2026-08-29,SMA-APP-199,Indiranagar,2,37049
2026-08-29,SMA-NOI-194,Indiranagar,2,3599
2026-08-29,SMA-NOI-195,Indiranagar,1,27359
2026-08-29,SMA-NOI-200,Indiranagar,1,30299
2026-08-29,SMA-ONE-103,Indiranagar,1,27074
2026-08-29,SMA-ONE-107,Indiranagar,2,59849
2026-08-29,SMA-SAM-112,Indiranagar,1,55099
2026-08-29,SMA-SAM-196,Indiranagar,1,18999
2026-08-29,SMA-VIV-102,Indiranagar,1,35399
2026-08-29,TEL-SAM-128,Indiranagar,1,107549
2026-08-29,TEL-SON-130,Indiranagar,1,58999
2026-08-29,TEL-XIA-127,Indiranagar,1,18399
2026-08-29,TV-65U8,Indiranagar,1,61740
2026-08-29,WAS-BOS-165,Indiranagar,1,42299
2026-08-29,WAS-IFB-159,Indiranagar,1,34699
2026-08-29,WAS-LG-160,Indiranagar,1,40199
2026-08-29,ACC-ANK-232,Jayanagar,1,2469
2026-08-29,ACC-POR-235,Jayanagar,1,539
2026-08-29,ACC-POR-241,Jayanagar,2,1599
2026-08-29,AIR-BLU-173,Jayanagar,1,55399
2026-08-29,AIR-BLU-178,Jayanagar,1,39199
2026-08-29,AIR-DAI-176,Jayanagar,1,44649
2026-08-29,AIR-VOL-174,Jayanagar,1,37299
2026-08-29,AIR-VOL-177,Jayanagar,1,34099
2026-08-29,CAM-NIK-212,Jayanagar,1,94524
2026-08-29,CAM-NIK-216,Jayanagar,4,86199
2026-08-29,CAM-SON-205,Jayanagar,2,57599
2026-08-29,CAM-SON-208,Jayanagar,1,107499
2026-08-29,GAM-NIN-228,Jayanagar,2,49799
2026-08-29,GAM-NIN-229,Jayanagar,1,47689
2026-08-29,GAM-SON-222,Jayanagar,1,54699
2026-08-29,HEA-BOA-189,Jayanagar,1,20234
2026-08-29,HEA-BOS-181,Jayanagar,1,9899
2026-08-29,HEA-SON-179,Jayanagar,1,6599
2026-08-29,LAP-ACE-118,Jayanagar,1,52199
2026-08-29,LAP-DEL-121,Jayanagar,1,64299
2026-08-29,LAP-DEL-123,Jayanagar,1,89909
2026-08-29,LAP-DEL-124,Jayanagar,1,78899
2026-08-29,LAP-HP-114,Jayanagar,2,43604
2026-08-29,LAP-HP-119,Jayanagar,1,70399
2026-08-29,LAP-LEN-126,Jayanagar,1,110299
2026-08-29,REF-LG-149,Jayanagar,2,27699
2026-08-29,REF-LG-151,Jayanagar,1,57499
2026-08-29,REF-WHI-145,Jayanagar,1,51299
2026-08-29,SMA-AMA-192,Jayanagar,1,40299
2026-08-29,SMA-APP-110,Jayanagar,1,25399
2026-08-29,SMA-APP-199,Jayanagar,1,37049
2026-08-29,SMA-APP-204,Jayanagar,1,42499
2026-08-29,SMA-NOI-197,Jayanagar,1,8399
2026-08-29,SMA-ONE-107,Jayanagar,1,66499
2026-08-29,SMA-SAM-108,Jayanagar,1,49679
2026-08-29,SMA-SAM-112,Jayanagar,1,55099
2026-08-29,SMA-SAM-193,Jayanagar,1,11499
2026-08-29,TEL-LG-138,Jayanagar,1,90699
2026-08-29,TEL-SAM-128,Jayanagar,2,119499
2026-08-29,TEL-SAM-133,Jayanagar,1,44009
2026-08-29,TEL-SON-139,Jayanagar,1,65969
2026-08-29,TEL-TCL-131,Jayanagar,1,36859
2026-08-29,WAS-BOS-165,Jayanagar,2,38069
2026-08-29,WAS-IFB-153,Jayanagar,1,22499
2026-08-29,WAS-IFB-157,Jayanagar,2,33499
2026-08-29,WAS-IFB-162,Jayanagar,2,16699
2026-08-29,WM-FL-8KG,Jayanagar,2,36990
2026-08-29,ACC-BEL-231,Koramangala,1,499
2026-08-29,ACC-BEL-234,Koramangala,1,1349
2026-08-29,ACC-BEL-238,Koramangala,2,3199
2026-08-29,ACC-POR-241,Koramangala,1,1599
2026-08-29,AIR-BLU-167,Koramangala,2,58519
2026-08-29,AIR-DAI-172,Koramangala,1,55859
2026-08-29,AIR-LG-168,Koramangala,2,31349
2026-08-29,AIR-LG-170,Koramangala,1,32399
2026-08-29,CAM-CAN-210,Koramangala,1,83899
2026-08-29,CAM-CAN-213,Koramangala,2,56619
2026-08-29,CAM-SON-208,Koramangala,1,96749
2026-08-29,GAM-MIC-225,Koramangala,5,52399
2026-08-29,GAM-NIN-228,Koramangala,1,49799
2026-08-29,GAM-SON-222,Koramangala,1,54699
2026-08-29,HEA-BOA-191,Koramangala,1,23749
2026-08-29,LAP-ACE-118,Koramangala,2,52199
2026-08-29,LAP-I5-G12,Koramangala,1,56990
2026-08-29,LAP-LEN-116,Koramangala,1,90399
2026-08-29,REF-GOD-142,Koramangala,2,42199
2026-08-29,REF-GOD-146,Koramangala,1,34399
2026-08-29,REF-LG-149,Koramangala,2,27699
2026-08-29,REF-SAM-147,Koramangala,2,45199
2026-08-29,REF-WHI-145,Koramangala,1,56999
2026-08-29,SMA-AMA-203,Koramangala,1,12254
2026-08-29,SMA-APP-198,Koramangala,2,23489
2026-08-29,SMA-APP-202,Koramangala,2,24889
2026-08-29,SMA-NOI-194,Koramangala,1,3599
2026-08-29,SMA-NOI-195,Koramangala,1,25919
2026-08-29,SMA-ONE-106,Koramangala,2,80084
2026-08-29,SMA-SAM-101,Koramangala,1,46599
2026-08-29,SMA-SAM-193,Koramangala,3,11499
2026-08-29,SMA-XIA-111,Koramangala,1,62319
2026-08-29,SW-FIT-3,Koramangala,1,8999
2026-08-29,TEL-LG-138,Koramangala,1,86164
2026-08-29,TEL-SON-139,Koramangala,1,65969
2026-08-29,TEL-TCL-131,Koramangala,1,38799
2026-08-29,TEL-TCL-137,Koramangala,1,96699
2026-08-29,TEL-XIA-134,Koramangala,1,107999
2026-08-29,TEL-XIA-136,Koramangala,1,54899
2026-08-29,TV-55Q7,Koramangala,1,58990
2026-08-29,WAS-IFB-162,Koramangala,1,16699
2026-08-29,WAS-LG-155,Koramangala,1,41799
2026-08-29,WAS-WHI-164,Koramangala,2,17099
2026-08-29,ACC-MI-243,Malleshwaram,1,2339
2026-08-29,ACC-POR-236,Malleshwaram,1,474
2026-08-29,ACC-POR-241,Malleshwaram,1,1519
2026-08-29,AIR-BLU-173,Malleshwaram,1,55399
2026-08-29,AIR-DAI-172,Malleshwaram,1,55859
2026-08-29,AIR-DAI-176,Malleshwaram,1,46999
2026-08-29,AIR-LG-170,Malleshwaram,3,29159
2026-08-29,AIR-LG-175,Malleshwaram,1,45799
2026-08-29,CAM-CAN-206,Malleshwaram,2,67199
2026-08-29,CAM-NIK-212,Malleshwaram,4,89549
2026-08-29,CAM-NIK-215,Malleshwaram,3,38519
2026-08-29,CAM-SON-205,Malleshwaram,1,51839
2026-08-29,CAM-SON-208,Malleshwaram,1,107499
2026-08-29,GAM-NIN-226,Malleshwaram,1,34099
2026-08-29,HEA-BOA-189,Malleshwaram,1,21299
2026-08-29,HEA-BOS-190,Malleshwaram,1,25919
2026-08-29,HEA-JBL-180,Malleshwaram,3,18089
2026-08-29,HEA-JBL-182,Malleshwaram,2,23654
2026-08-29,HEA-JBL-187,Malleshwaram,2,21509
2026-08-29,LAP-ASU-120,Malleshwaram,3,82199
2026-08-29,LAP-DEL-123,Malleshwaram,3,99899
2026-08-29,REF-GOD-140,Malleshwaram,3,27089
2026-08-29,REF-GOD-142,Malleshwaram,1,42199
2026-08-29,REF-LG-151,Malleshwaram,3,57499
2026-08-29,REF-WHI-145,Malleshwaram,1,56999
2026-08-29,SMA-APP-202,Malleshwaram,1,24889
2026-08-29,SMA-ONE-107,Malleshwaram,1,66499
2026-08-29,SMA-SAM-108,Malleshwaram,1,55199
2026-08-29,SMA-SAM-112,Malleshwaram,1,55099
2026-08-29,SMA-XIA-111,Malleshwaram,1,65599
2026-08-29,SW-FIT-3,Malleshwaram,1,8999
2026-08-29,TEL-SON-139,Malleshwaram,1,69634
2026-08-29,TEL-XIA-127,Malleshwaram,2,18399
2026-08-29,TV-55Q7,Malleshwaram,1,58990
2026-08-29,WAS-BOS-165,Malleshwaram,2,42299
2026-08-29,WAS-IFB-159,Malleshwaram,1,31229
2026-08-29,WAS-LG-160,Malleshwaram,1,36179
2026-08-29,WAS-SAM-163,Malleshwaram,1,41899
2026-08-29,WAS-WHI-161,Malleshwaram,2,15839
2026-08-29,ACC-ANK-233,Whitefield,1,3399
2026-08-29,ACC-ANK-237,Whitefield,1,2899
2026-08-29,ACC-BEL-234,Whitefield,1,1499
2026-08-29,AIR-LG-168,Whitefield,1,31349
2026-08-29,AIR-LG-171,Whitefield,1,57699
2026-08-29,AIR-VOL-177,Whitefield,1,34099
2026-08-29,CAM-CAN-214,Whitefield,2,57299
2026-08-29,CAM-NIK-211,Whitefield,1,100319
2026-08-29,CAM-NIK-212,Whitefield,1,99499
2026-08-29,CAM-SON-205,Whitefield,1,57599
2026-08-29,GAM-MIC-227,Whitefield,3,44899
2026-08-29,GAM-SON-219,Whitefield,1,46259
2026-08-29,HEA-BOA-189,Whitefield,1,21299
2026-08-29,HEA-BOA-191,Whitefield,1,24999
2026-08-29,HEA-BOS-181,Whitefield,3,9404
2026-08-29,HEA-JBL-180,Whitefield,4,20099
2026-08-29,HEA-JBL-182,Whitefield,1,24899
2026-08-29,HEA-SON-188,Whitefield,1,4369
2026-08-29,LAP-ASU-120,Whitefield,1,73979
2026-08-29,LAP-DEL-121,Whitefield,1,64299
2026-08-29,LAP-HP-114,Whitefield,1,43604
2026-08-29,LAP-HP-119,Whitefield,1,70399
2026-08-29,LAP-LEN-126,Whitefield,1,104784
2026-08-29,REF-GOD-146,Whitefield,3,34399
2026-08-29,REF-LG-149,Whitefield,3,26314
2026-08-29,REF-WHI-145,Whitefield,1,56999
2026-08-29,SMA-APP-199,Whitefield,1,37049
2026-08-29,SMA-APP-202,Whitefield,3,24889
2026-08-29,SMA-APP-204,Whitefield,1,40374
2026-08-29,SMA-NOI-195,Whitefield,1,28799
2026-08-29,SMA-VIV-102,Whitefield,1,35399
2026-08-29,TEL-LG-138,Whitefield,4,90699
2026-08-29,TEL-SAM-128,Whitefield,1,107549
2026-08-29,TEL-SON-135,Whitefield,1,46499
2026-08-29,TEL-SON-139,Whitefield,1,69634
2026-08-29,TEL-TCL-129,Whitefield,2,116999
2026-08-29,TEL-XIA-127,Whitefield,1,16559
2026-08-29,TEL-XIA-132,Whitefield,1,107599
2026-08-29,TEL-XIA-136,Whitefield,1,49409
2026-08-29,WAS-LG-155,Whitefield,1,41799
2026-08-29,WAS-LG-160,Whitefield,1,40199
2026-08-29,WAS-WHI-154,Whitefield,1,48399
2026-08-29,WAS-WHI-164,Whitefield,1,17099
2026-08-29,WM-FL-8KG,Whitefield,1,33291
2026-08-30,ACC-ANK-239,HSR Layout,1,1139
2026-08-30,ACC-MI-243,HSR Layout,1,2469
2026-08-30,ACC-POR-241,HSR Layout,1,1599
2026-08-30,AIR-DAI-172,HSR Layout,1,58799
2026-08-30,AIR-LG-166,HSR Layout,1,50499
2026-08-30,AIR-LG-168,HSR Layout,3,31349
2026-08-30,AIR-LG-169,HSR Layout,2,32099
2026-08-30,AIR-LG-170,HSR Layout,2,32399
2026-08-30,AIR-LG-171,HSR Layout,1,57699
2026-08-30,CAM-NIK-209,HSR Layout,1,65169
2026-08-30,CAM-SON-205,HSR Layout,1,54719
2026-08-30,GAM-MIC-227,HSR Layout,1,42654
2026-08-30,GAM-MIC-230,HSR Layout,1,30299
2026-08-30,GAM-NIN-220,HSR Layout,1,43599
2026-08-30,GAM-NIN-228,HSR Layout,3,49799
2026-08-30,GAM-SON-222,HSR Layout,1,49229
2026-08-30,HEA-JBL-180,HSR Layout,1,20099
2026-08-30,HEA-SON-179,HSR Layout,1,6269
2026-08-30,HP-ANC-700,HSR Layout,1,19990
2026-08-30,LAP-DEL-123,HSR Layout,1,99899
2026-08-30,LAP-LEN-116,HSR Layout,1,85879
2026-08-30,LAP-LEN-117,HSR Layout,1,53099
2026-08-30,REF-GOD-142,HSR Layout,1,42199
2026-08-30,REF-LG-141,HSR Layout,1,84899
2026-08-30,REF-LG-144,HSR Layout,1,32599
2026-08-30,REF-LG-151,HSR Layout,1,54624
2026-08-30,SMA-APP-110,HSR Layout,1,25399
2026-08-30,SMA-APP-199,HSR Layout,2,38999
2026-08-30,SMA-NOI-195,HSR Layout,2,25919
2026-08-30,SMA-ONE-106,HSR Layout,1,84299
2026-08-30,SMA-SAM-113,HSR Layout,1,51199
2026-08-30,SMA-SAM-201,HSR Layout,1,5099
2026-08-30,SMA-XIA-111,HSR Layout,2,62319
2026-08-30,SW-FIT-3,HSR Layout,1,8099
2026-08-30,TEL-LG-138,HSR Layout,1,90699
2026-08-30,TEL-SON-135,HSR Layout,1,46499
2026-08-30,TEL-TCL-131,HSR Layout,1,38799
2026-08-30,TEL-XIA-132,HSR Layout,1,107599
2026-08-30,TEL-XIA-136,HSR Layout,3,52154
2026-08-30,TV-55Q7,HSR Layout,1,58990
2026-08-30,WAS-BOS-165,HSR Layout,1,38069
2026-08-30,WAS-LG-155,HSR Layout,2,43999
2026-08-30,WAS-WHI-154,HSR Layout,2,48399
2026-08-30,ACC-ANK-232,Indiranagar,2,2599
2026-08-30,ACC-BEL-238,Indiranagar,1,3039
2026-08-30,ACC-MI-243,Indiranagar,3,2599
2026-08-30,ACC-POR-241,Indiranagar,1,1599
2026-08-30,AIR-BLU-178,Indiranagar,1,39199
2026-08-30,AIR-LG-166,Indiranagar,1,45449
2026-08-30,AIR-LG-170,Indiranagar,2,29159
2026-08-30,AIR-LG-175,Indiranagar,1,41219
2026-08-30,CAM-CAN-207,Indiranagar,4,96199
2026-08-30,CAM-CAN-213,Indiranagar,1,59599
2026-08-30,CAM-NIK-216,Indiranagar,1,81889
2026-08-30,CAM-SON-205,Indiranagar,1,57599
2026-08-30,CAM-SON-208,Indiranagar,1,107499
2026-08-30,GAM-NIN-220,Indiranagar,1,39239
2026-08-30,GAM-NIN-224,Indiranagar,1,29639
2026-08-30,GAM-NIN-226,Indiranagar,1,34099
2026-08-30,HEA-BOA-189,Indiranagar,1,21299
2026-08-30,HEA-BOS-181,Indiranagar,1,9899
2026-08-30,HEA-BOS-190,Indiranagar,1,28799
2026-08-30,HEA-JBL-180,Indiranagar,1,18089
2026-08-30,HEA-JBL-185,Indiranagar,3,12599
2026-08-30,HEA-JBL-187,Indiranagar,1,22704
2026-08-30,HP-ANC-700,Indiranagar,8,19990
2026-08-30,LAP-ACE-118,Indiranagar,1,52199
2026-08-30,LAP-HP-114,Indiranagar,1,45899
2026-08-30,LAP-I5-G12,Indiranagar,1,56990
2026-08-30,LAP-LEN-125,Indiranagar,2,79699
2026-08-30,LAP-LEN-126,Indiranagar,1,110299
2026-08-30,REF-GOD-143,Indiranagar,1,51299
2026-08-30,SMA-AMA-192,Indiranagar,1,36269
2026-08-30,SMA-APP-199,Indiranagar,1,38999
2026-08-30,SMA-NOI-194,Indiranagar,2,3239
2026-08-30,SMA-ONE-105,Indiranagar,1,44819
2026-08-30,SMA-SAM-108,Indiranagar,1,55199
2026-08-30,SMA-SAM-201,Indiranagar,1,5099
2026-08-30,TEL-SAM-128,Indiranagar,1,107549
2026-08-30,TEL-SAM-133,Indiranagar,2,48899
2026-08-30,TEL-SON-130,Indiranagar,1,58999
2026-08-30,TEL-TCL-131,Indiranagar,1,36859
2026-08-30,TEL-XIA-127,Indiranagar,1,18399
2026-08-30,TV-55Q7,Indiranagar,1,53091
2026-08-30,WAS-IFB-153,Indiranagar,1,22499
2026-08-30,WAS-IFB-159,Indiranagar,2,34699
2026-08-30,WAS-LG-160,Indiranagar,2,38189
2026-08-30,ACC-POR-235,Jayanagar,1,599
2026-08-30,ACC-POR-241,Jayanagar,1,1599
2026-08-30,AIR-LG-166,Jayanagar,1,47974
2026-08-30,AIR-LG-169,Jayanagar,1,30494
2026-08-30,AIR-LG-170,Jayanagar,2,30779
2026-08-30,AIR-VOL-174,Jayanagar,1,37299
2026-08-30,AIR-VOL-177,Jayanagar,1,34099
2026-08-30,CAM-CAN-206,Jayanagar,1,67199
2026-08-30,CAM-NIK-216,Jayanagar,1,86199
2026-08-30,CAM-NIK-217,Jayanagar,1,59199
2026-08-30,CAM-SON-205,Jayanagar,1,57599
2026-08-30,GAM-MIC-225,Jayanagar,1,52399
2026-08-30,GAM-NIN-220,Jayanagar,1,39239
2026-08-30,GAM-NIN-228,Jayanagar,1,49799
2026-08-30,HEA-BOA-191,Jayanagar,1,24999
2026-08-30,HEA-BOS-181,Jayanagar,2,8909
2026-08-30,HEA-BOS-186,Jayanagar,1,16099
2026-08-30,HEA-JBL-185,Jayanagar,1,11969
2026-08-30,HEA-JBL-187,Jayanagar,1,21509
2026-08-30,HP-ANC-700,Jayanagar,1,17991
2026-08-30,LAP-ACE-118,Jayanagar,1,46979
2026-08-30,LAP-DEL-121,Jayanagar,1,61084
2026-08-30,LAP-DEL-123,Jayanagar,1,89909
2026-08-30,LAP-I5-G12,Jayanagar,1,51291
2026-08-30,LAP-LEN-125,Jayanagar,2,79699
2026-08-30,REF-GOD-140,Jayanagar,1,27089
2026-08-30,REF-GOD-146,Jayanagar,1,32679
2026-08-30,REF-LG-141,Jayanagar,1,84899
2026-08-30,SMA-AMA-192,Jayanagar,1,40299
2026-08-30,SMA-APP-198,Jayanagar,1,24794
2026-08-30,SMA-APP-204,Jayanagar,2,42499
2026-08-30,SMA-NOI-195,Jayanagar,1,27359
2026-08-30,SMA-SAM-108,Jayanagar,2,55199
2026-08-30,SMA-SAM-193,Jayanagar,1,10349
2026-08-30,SMA-XIA-111,Jayanagar,1,65599
2026-08-30,TEL-SON-139,Jayanagar,2,65969
2026-08-30,TEL-XIA-127,Jayanagar,1,17479
2026-08-30,TEL-XIA-136,Jayanagar,1,52154
2026-08-30,WAS-BOS-165,Jayanagar,1,40184
2026-08-30,WAS-IFB-153,Jayanagar,2,22499
2026-08-30,WAS-IFB-162,Jayanagar,2,16699
2026-08-30,WAS-LG-155,Jayanagar,1,43999
2026-08-30,WAS-LG-160,Jayanagar,1,36179
2026-08-30,WAS-SAM-163,Jayanagar,1,41899
2026-08-30,WAS-WHI-161,Jayanagar,2,17599
2026-08-30,WAS-WHI-164,Jayanagar,1,17099
2026-08-30,ACC-ANK-239,Koramangala,1,1199
2026-08-30,ACC-BEL-234,Koramangala,1,1424
2026-08-30,ACC-BEL-238,Koramangala,2,3199
2026-08-30,ACC-MI-243,Koramangala,1,2469
2026-08-30,ACC-POR-236,Koramangala,1,449
2026-08-30,AIR-BLU-167,Koramangala,2,58519
2026-08-30,AIR-LG-171,Koramangala,1,57699
2026-08-30,AIR-LG-175,Koramangala,2,45799
2026-08-30,CAM-CAN-207,Koramangala,2,86579
2026-08-30,CAM-CAN-214,Koramangala,1,51569
2026-08-30,CAM-NIK-216,Koramangala,1,77579
2026-08-30,GAM-MIC-223,Koramangala,1,48399
2026-08-30,GAM-MIC-225,Koramangala,2,47159
2026-08-30,GAM-NIN-220,Koramangala,4,43599
2026-08-30,GAM-SON-219,Koramangala,1,48829
2026-08-30,GAM-SON-222,Koramangala,2,54699
2026-08-30,HEA-BOA-191,Koramangala,1,24999
2026-08-30,HEA-JBL-184,Koramangala,1,21059
2026-08-30,HEA-SON-188,Koramangala,1,4369
2026-08-30,LAP-ACE-118,Koramangala,2,52199
2026-08-30,LAP-ASU-120,Koramangala,1,73979
2026-08-30,LAP-HP-114,Koramangala,1,45899
2026-08-30,REF-GOD-146,Koramangala,1,34399
2026-08-30,REF-LG-141,Koramangala,4,84899
2026-08-30,REF-LG-149,Koramangala,2,27699
2026-08-30,REF-WHI-145,Koramangala,1,54149
2026-08-30,SMA-APP-199,Koramangala,2,35099
2026-08-30,SMA-NOI-194,Koramangala,1,3419
2026-08-30,SMA-ONE-106,Koramangala,2,75869
2026-08-30,SMA-SAM-101,Koramangala,2,46599
2026-08-30,SMA-SAM-113,Koramangala,1,48639
2026-08-30,SMA-SAM-193,Koramangala,4,10924
2026-08-30,TEL-LG-138,Koramangala,1,90699
2026-08-30,TEL-SON-135,Koramangala,2,44174
2026-08-30,TEL-SON-139,Koramangala,1,73299
2026-08-30,TEL-XIA-127,Koramangala,1,16559
2026-08-30,TEL-XIA-132,Koramangala,5,102219
2026-08-30,TEL-XIA-136,Koramangala,3,54899
2026-08-30,TV-55Q7,Koramangala,2,56040
2026-08-30,WAS-BOS-165,Koramangala,1,42299
2026-08-30,WAS-IFB-153,Koramangala,1,22499
2026-08-30,WAS-IFB-159,Koramangala,1,31229
2026-08-30,WAS-LG-155,Koramangala,1,43999
2026-08-30,WAS-WHI-154,Koramangala,1,43559
2026-08-30,WAS-WHI-164,Koramangala,3,17099
2026-08-30,WM-FL-8KG,Koramangala,1,36990
2026-08-30,ACC-ANK-233,Malleshwaram,1,3059
2026-08-30,ACC-BEL-238,Malleshwaram,2,2879
2026-08-30,ACC-MI-240,Malleshwaram,1,3704
2026-08-30,ACC-POR-241,Malleshwaram,1,1599
2026-08-30,ACC-POR-242,Malleshwaram,1,1349
2026-08-30,AIR-BLU-178,Malleshwaram,1,35279
2026-08-30,AIR-LG-170,Malleshwaram,3,29159
2026-08-30,AIR-LG-171,Malleshwaram,1,57699
2026-08-30,CAM-CAN-206,Malleshwaram,2,67199
2026-08-30,CAM-NIK-215,Malleshwaram,3,42799
2026-08-30,GAM-NIN-226,Malleshwaram,1,34099
2026-08-30,GAM-NIN-229,Malleshwaram,1,50199
2026-08-30,GAM-SON-219,Malleshwaram,2,51399
2026-08-30,GAM-SON-221,Malleshwaram,1,43599
2026-08-30,GAM-SON-222,Malleshwaram,1,54699
2026-08-30,HEA-BOS-190,Malleshwaram,2,25919
2026-08-30,HEA-JBL-187,Malleshwaram,1,22704
2026-08-30,HP-ANC-700,Malleshwaram,1,18990
2026-08-30,LAP-ACE-118,Malleshwaram,2,46979
2026-08-30,LAP-ASU-120,Malleshwaram,1,82199
2026-08-30,LAP-DEL-115,Malleshwaram,1,101699
2026-08-30,LAP-DEL-123,Malleshwaram,2,99899
2026-08-30,LAP-LEN-126,Malleshwaram,1,110299
2026-08-30,REF-GOD-140,Malleshwaram,1,30099
2026-08-30,REF-GOD-143,Malleshwaram,1,51299
2026-08-30,REF-GOD-148,Malleshwaram,1,65799
2026-08-30,REF-LG-144,Malleshwaram,1,32599
2026-08-30,REF-LG-149,Malleshwaram,1,27699
2026-08-30,REF-LG-151,Malleshwaram,1,54624
2026-08-30,REF-LG-152,Malleshwaram,2,75799
2026-08-30,REF-WHI-145,Malleshwaram,3,56999
2026-08-30,SMA-APP-110,Malleshwaram,1,25399
2026-08-30,SMA-APP-198,Malleshwaram,1,26099
2026-08-30,SMA-APP-199,Malleshwaram,2,38999
2026-08-30,SMA-APP-202,Malleshwaram,1,26199
2026-08-30,SMA-APP-204,Malleshwaram,1,42499
2026-08-30,SMA-ONE-103,Malleshwaram,1,27074
2026-08-30,SMA-ONE-106,Malleshwaram,3,84299
2026-08-30,SMA-ONE-107,Malleshwaram,2,63174
2026-08-30,SMA-SAM-108,Malleshwaram,1,49679
2026-08-30,SMA-SAM-196,Malleshwaram,1,18049
2026-08-30,SMA-VIV-102,Malleshwaram,1,35399
2026-08-30,TEL-SAM-133,Malleshwaram,2,48899
2026-08-30,TEL-SON-130,Malleshwaram,1,58999
2026-08-30,TV-65U8,Malleshwaram,1,64990
2026-08-30,WAS-BOS-165,Malleshwaram,2,42299
2026-08-30,WAS-IFB-153,Malleshwaram,1,22499
2026-08-30,WAS-LG-160,Malleshwaram,1,38189
2026-08-30,WAS-SAM-156,Malleshwaram,4,25839
2026-08-30,WAS-SAM-163,Malleshwaram,1,39804
2026-08-30,WAS-WHI-161,Malleshwaram,2,17599
2026-08-30,ACC-ANK-232,Whitefield,1,2469
2026-08-30,ACC-ANK-233,Whitefield,2,3059
2026-08-30,ACC-BEL-234,Whitefield,1,1499
2026-08-30,ACC-MI-243,Whitefield,1,2339
2026-08-30,ACC-POR-236,Whitefield,1,499
2026-08-30,ACC-POR-241,Whitefield,2,1599
2026-08-30,ACC-POR-242,Whitefield,1,1349
2026-08-30,AIR-LG-171,Whitefield,1,57699
2026-08-30,AIR-VOL-177,Whitefield,1,34099
2026-08-30,GAM-MIC-227,Whitefield,3,44899
2026-08-30,GAM-NIN-220,Whitefield,1,43599
2026-08-30,GAM-SON-219,Whitefield,3,46259
2026-08-30,HEA-BOA-189,Whitefield,1,21299
2026-08-30,HEA-JBL-184,Whitefield,1,23399
2026-08-30,HEA-JBL-185,Whitefield,1,12599
2026-08-30,HEA-SON-188,Whitefield,2,4599
2026-08-30,LAP-DEL-121,Whitefield,1,64299
2026-08-30,LAP-DEL-123,Whitefield,1,99899
2026-08-30,LAP-LEN-125,Whitefield,2,79699
2026-08-30,REF-GOD-146,Whitefield,2,30959
2026-08-30,REF-LG-149,Whitefield,1,27699
2026-08-30,REF-SAM-147,Whitefield,1,45199
2026-08-30,SMA-APP-109,Whitefield,1,43399
2026-08-30,SMA-APP-110,Whitefield,1,25399
2026-08-30,SMA-APP-198,Whitefield,1,26099
2026-08-30,SMA-APP-199,Whitefield,1,37049
2026-08-30,SMA-APP-202,Whitefield,1,26199
2026-08-30,SMA-APP-204,Whitefield,3,42499
2026-08-30,SMA-NOI-195,Whitefield,1,28799
2026-08-30,TEL-LG-138,Whitefield,3,81629
2026-08-30,TEL-SAM-128,Whitefield,2,119499
2026-08-30,TEL-XIA-132,Whitefield,2,102219
2026-08-30,TV-55Q7,Whitefield,2,58990
2026-08-30,TV-65U8,Whitefield,1,64990
2026-08-30,WAS-IFB-153,Whitefield,3,22499
2026-08-30,WAS-IFB-159,Whitefield,1,34699
2026-08-30,WAS-LG-155,Whitefield,1,41799
2026-08-31,ACC-ANK-233,HSR Layout,1,3059
2026-08-31,ACC-MI-243,HSR Layout,1,2599
2026-08-31,ACC-POR-235,HSR Layout,1,599
2026-08-31,AIR-BLU-173,HSR Layout,1,55399
2026-08-31,AIR-LG-170,HSR Layout,1,32399
2026-08-31,AIR-LG-175,HSR Layout,2,41219
2026-08-31,AIR-VOL-174,HSR Layout,1,33569
2026-08-31,CAM-CAN-207,HSR Layout,1,96199
2026-08-31,CAM-CAN-213,HSR Layout,1,56619
2026-08-31,CAM-NIK-209,HSR Layout,1,68599
2026-08-31,CAM-NIK-216,HSR Layout,1,81889
2026-08-31,CAM-SON-208,HSR Layout,1,107499
2026-08-31,HEA-BOA-191,HSR Layout,1,24999
2026-08-31,HEA-JBL-182,HSR Layout,1,24899
2026-08-31,HEA-SON-188,HSR Layout,3,4599
2026-08-31,LAP-ASU-120,HSR Layout,1,82199
2026-08-31,LAP-DEL-115,HSR Layout,1,112999
2026-08-31,LAP-HP-119,HSR Layout,2,66879
2026-08-31,LAP-I5-G12,HSR Layout,1,54140
2026-08-31,LAP-LEN-125,HSR Layout,1,79699
2026-08-31,REF-GOD-148,HSR Layout,1,65799
2026-08-31,REF-LG-144,HSR Layout,1,32599
2026-08-31,REF-SAM-147,HSR Layout,1,40679
2026-08-31,SMA-NOI-194,HSR Layout,1,3599
2026-08-31,SMA-NOI-195,HSR Layout,3,27359
2026-08-31,SMA-SAM-101,HSR Layout,1,46599
2026-08-31,SMA-SAM-113,HSR Layout,1,48639
2026-08-31,SMA-XIA-111,HSR Layout,1,65599
2026-08-31,TEL-TCL-131,HSR Layout,1,38799
2026-08-31,TEL-XIA-136,HSR Layout,5,54899
2026-08-31,TV-55Q7,HSR Layout,1,58990
2026-08-31,WAS-LG-155,HSR Layout,1,43999
2026-08-31,WAS-WHI-154,HSR Layout,1,48399
2026-08-31,WAS-WHI-164,HSR Layout,1,16244
2026-08-31,ACC-BEL-238,Indiranagar,1,3039
2026-08-31,ACC-MI-243,Indiranagar,2,2599
2026-08-31,ACC-POR-235,Indiranagar,1,539
2026-08-31,AIR-BLU-178,Indiranagar,1,39199
2026-08-31,AIR-DAI-176,Indiranagar,1,44649
2026-08-31,AIR-LG-166,Indiranagar,3,50499
2026-08-31,CAM-CAN-207,Indiranagar,2,96199
2026-08-31,CAM-NIK-209,Indiranagar,1,68599
2026-08-31,GAM-NIN-229,Indiranagar,1,47689
2026-08-31,GAM-SON-221,Indiranagar,1,43599
2026-08-31,GAM-SON-222,Indiranagar,1,54699
2026-08-31,HEA-BOS-181,Indiranagar,1,9899
2026-08-31,HEA-BOS-186,Indiranagar,1,15294
2026-08-31,HEA-BOS-190,Indiranagar,1,28799
2026-08-31,HEA-JBL-185,Indiranagar,1,11339
2026-08-31,HEA-JBL-187,Indiranagar,1,23899
2026-08-31,HP-ANC-700,Indiranagar,1,18990
2026-08-31,LAP-DEL-124,Indiranagar,2,74954
2026-08-31,LAP-LEN-126,Indiranagar,1,110299
2026-08-31,REF-LG-152,Indiranagar,1,72009
2026-08-31,SMA-NOI-194,Indiranagar,1,3599
2026-08-31,SMA-NOI-200,Indiranagar,1,28784
2026-08-31,SMA-ONE-103,Indiranagar,1,25649
2026-08-31,SMA-SAM-108,Indiranagar,1,55199
2026-08-31,SMA-VIV-102,Indiranagar,1,35399
2026-08-31,TEL-SAM-128,Indiranagar,1,113524
2026-08-31,TEL-SON-135,Indiranagar,1,46499
2026-08-31,TEL-SON-139,Indiranagar,1,65969
2026-08-31,TEL-TCL-137,Indiranagar,1,87029
2026-08-31,TEL-XIA-127,Indiranagar,3,18399
2026-08-31,TEL-XIA-132,Indiranagar,1,107599
2026-08-31,TEL-XIA-136,Indiranagar,1,52154
2026-08-31,WAS-BOS-158,Indiranagar,1,32299
2026-08-31,ACC-MI-243,Jayanagar,1,2599
2026-08-31,ACC-POR-235,Jayanagar,1,569
2026-08-31,ACC-POR-241,Jayanagar,1,1599
2026-08-31,AIR-LG-168,Jayanagar,1,32999
2026-08-31,AIR-LG-169,Jayanagar,1,32099
2026-08-31,AIR-LG-170,Jayanagar,1,32399
2026-08-31,AIR-LG-175,Jayanagar,1,45799
2026-08-31,CAM-NIK-211,Jayanagar,1,100319
2026-08-31,CAM-NIK-215,Jayanagar,1,38519
2026-08-31,GAM-MIC-230,Jayanagar,1,30299
2026-08-31,GAM-SON-219,Jayanagar,1,51399
2026-08-31,HEA-BOA-189,Jayanagar,1,21299
2026-08-31,HEA-BOS-181,Jayanagar,2,9404
2026-08-31,HEA-SON-188,Jayanagar,2,4599
2026-08-31,LAP-DEL-122,Jayanagar,1,84959
2026-08-31,LAP-DEL-124,Jayanagar,1,71009
2026-08-31,LAP-LEN-117,Jayanagar,1,58999
2026-08-31,LAP-LEN-126,Jayanagar,1,110299
2026-08-31,REF-GOD-140,Jayanagar,1,30099
2026-08-31,REF-LG-141,Jayanagar,2,84899
2026-08-31,REF-LG-151,Jayanagar,1,57499
2026-08-31,REF-LG-152,Jayanagar,1,75799
2026-08-31,REF-WHI-145,Jayanagar,3,56999
2026-08-31,SMA-AMA-192,Jayanagar,1,40299
2026-08-31,SMA-NOI-195,Jayanagar,1,28799
2026-08-31,SMA-SAM-108,Jayanagar,2,55199
2026-08-31,SMA-VIV-102,Jayanagar,1,33629
2026-08-31,SMA-XIA-111,Jayanagar,1,59039
2026-08-31,TEL-SON-135,Jayanagar,1,46499
2026-08-31,TEL-TCL-131,Jayanagar,1,38799
2026-08-31,TEL-XIA-136,Jayanagar,1,54899
2026-08-31,WAS-BOS-158,Jayanagar,1,33999
2026-08-31,WAS-IFB-153,Jayanagar,1,21374
2026-08-31,WAS-IFB-162,Jayanagar,1,15029
2026-08-31,WAS-SAM-156,Jayanagar,2,25839
2026-08-31,WAS-SAM-163,Jayanagar,1,41899
2026-08-31,WM-FL-8KG,Jayanagar,1,33291
2026-08-31,ACC-ANK-232,Koramangala,1,2469
2026-08-31,ACC-BEL-231,Koramangala,1,474
2026-08-31,ACC-BEL-238,Koramangala,2,3199
2026-08-31,AIR-BLU-167,Koramangala,2,61599
2026-08-31,AIR-LG-168,Koramangala,1,32999
2026-08-31,AIR-LG-171,Koramangala,1,51929
2026-08-31,AIR-VOL-177,Koramangala,2,32394
2026-08-31,CAM-CAN-213,Koramangala,1,53639
2026-08-31,CAM-CAN-214,Koramangala,1,57299
2026-08-31,CAM-NIK-215,Koramangala,2,40659
2026-08-31,GAM-MIC-223,Koramangala,2,48399
2026-08-31,GAM-MIC-225,Koramangala,1,47159
2026-08-31,HEA-BOA-189,Koramangala,1,21299
2026-08-31,HEA-JBL-184,Koramangala,1,23399
2026-08-31,HEA-SON-188,Koramangala,1,4599
2026-08-31,LAP-ACE-118,Koramangala,1,52199
2026-08-31,LAP-HP-114,Koramangala,1,41309
2026-08-31,LAP-LEN-125,Koramangala,1,79699
2026-08-31,REF-GOD-142,Koramangala,1,42199
2026-08-31,REF-GOD-146,Koramangala,2,34399
2026-08-31,REF-LG-141,Koramangala,1,84899
2026-08-31,REF-LG-149,Koramangala,3,24929
2026-08-31,SMA-AMA-192,Koramangala,1,38284
2026-08-31,SMA-APP-199,Koramangala,3,35099
2026-08-31,SMA-APP-204,Koramangala,1,38249
2026-08-31,SMA-NOI-194,Koramangala,1,3599
2026-08-31,SMA-NOI-200,Koramangala,2,30299
2026-08-31,SMA-ONE-103,Koramangala,1,28499
2026-08-31,SMA-SAM-193,Koramangala,5,11499
2026-08-31,SMA-XIA-111,Koramangala,1,65599
2026-08-31,SW-FIT-3,Koramangala,2,8099
2026-08-31,TEL-SON-130,Koramangala,2,58999
2026-08-31,TEL-SON-135,Koramangala,2,46499
2026-08-31,TEL-XIA-127,Koramangala,1,17479
2026-08-31,WAS-WHI-164,Koramangala,1,17099
2026-08-31,ACC-BEL-238,Malleshwaram,1,3199
2026-08-31,ACC-MI-243,Malleshwaram,2,2599
2026-08-31,ACC-POR-236,Malleshwaram,1,449
2026-08-31,ACC-POR-241,Malleshwaram,1,1439
2026-08-31,AIR-DAI-172,Malleshwaram,1,58799
2026-08-31,AIR-DAI-176,Malleshwaram,1,46999
2026-08-31,AIR-LG-168,Malleshwaram,1,32999
2026-08-31,CAM-CAN-206,Malleshwaram,3,67199
2026-08-31,CAM-SON-205,Malleshwaram,1,54719
2026-08-31,GAM-NIN-220,Malleshwaram,1,43599
2026-08-31,GAM-NIN-229,Malleshwaram,1,50199
2026-08-31,GAM-SON-221,Malleshwaram,1,43599
2026-08-31,HEA-BOA-191,Malleshwaram,1,24999
2026-08-31,HEA-JBL-180,Malleshwaram,1,18089
2026-08-31,HEA-JBL-184,Malleshwaram,1,21059
2026-08-31,HEA-JBL-187,Malleshwaram,1,23899
2026-08-31,HEA-SON-179,Malleshwaram,1,6599
2026-08-31,HP-ANC-700,Malleshwaram,1,19990
2026-08-31,LAP-ASU-120,Malleshwaram,1,82199
2026-08-31,LAP-DEL-123,Malleshwaram,1,94904
2026-08-31,LAP-LEN-125,Malleshwaram,1,79699
2026-08-31,REF-GOD-140,Malleshwaram,3,30099
2026-08-31,REF-GOD-143,Malleshwaram,1,51299
2026-08-31,REF-LG-149,Malleshwaram,1,27699
2026-08-31,REF-LG-151,Malleshwaram,1,51749
2026-08-31,REF-WHI-145,Malleshwaram,1,51299
2026-08-31,SMA-APP-110,Malleshwaram,3,25399
2026-08-31,SMA-APP-202,Malleshwaram,1,23579
2026-08-31,SMA-ONE-106,Malleshwaram,2,84299
2026-08-31,SMA-SAM-108,Malleshwaram,1,49679
2026-08-31,SMA-SAM-112,Malleshwaram,2,49589
2026-08-31,SMA-SAM-201,Malleshwaram,2,4844
2026-08-31,SMA-XIA-111,Malleshwaram,3,65599
2026-08-31,SW-FIT-3,Malleshwaram,2,8999
2026-08-31,TV-65U8,Malleshwaram,1,64990
2026-08-31,WAS-BOS-165,Malleshwaram,1,42299
2026-08-31,WAS-IFB-157,Malleshwaram,1,31824
2026-08-31,WAS-IFB-159,Malleshwaram,1,34699
2026-08-31,WAS-LG-155,Malleshwaram,1,41799
2026-08-31,WAS-LG-160,Malleshwaram,1,40199
2026-08-31,WAS-SAM-156,Malleshwaram,1,27199
2026-08-31,ACC-ANK-233,Whitefield,1,3399
2026-08-31,ACC-ANK-237,Whitefield,2,2899
2026-08-31,ACC-POR-241,Whitefield,2,1599
2026-08-31,AIR-LG-171,Whitefield,1,57699
2026-08-31,CAM-NIK-209,Whitefield,1,65169
2026-08-31,GAM-SON-219,Whitefield,1,48829
2026-08-31,HEA-BOA-189,Whitefield,1,21299
2026-08-31,HEA-JBL-180,Whitefield,1,19094
2026-08-31,HEA-JBL-187,Whitefield,1,23899
2026-08-31,HEA-SON-188,Whitefield,1,4599
2026-08-31,HP-ANC-700,Whitefield,1,19990
2026-08-31,LAP-ASU-120,Whitefield,1,78089
2026-08-31,LAP-DEL-123,Whitefield,1,94904
2026-08-31,LAP-LEN-125,Whitefield,2,79699
2026-08-31,REF-GOD-140,Whitefield,2,27089
2026-08-31,REF-GOD-146,Whitefield,2,30959
2026-08-31,SMA-AMA-192,Whitefield,1,36269
2026-08-31,SMA-APP-110,Whitefield,1,25399
2026-08-31,SMA-APP-198,Whitefield,2,26099
2026-08-31,SMA-APP-202,Whitefield,2,23579
2026-08-31,SMA-APP-204,Whitefield,2,42499
2026-08-31,SMA-NOI-200,Whitefield,1,28784
2026-08-31,TEL-LG-138,Whitefield,2,81629
2026-08-31,TEL-SAM-128,Whitefield,1,119499
2026-08-31,TEL-SON-139,Whitefield,1,73299
2026-08-31,TEL-TCL-129,Whitefield,1,105299
2026-08-31,TEL-XIA-132,Whitefield,1,107599
2026-08-31,TV-55Q7,Whitefield,1,56040
2026-08-31,WAS-IFB-153,Whitefield,3,20249
2026-08-31,WAS-WHI-164,Whitefield,1,17099
2026-09-01,ACC-ANK-239,HSR Layout,1,1199
2026-09-01,ACC-POR-236,HSR Layout,1,474
2026-09-01,ACC-POR-242,HSR Layout,1,1499
2026-09-01,AIR-VOL-177,HSR Layout,1,30689
2026-09-01,CAM-CAN-210,HSR Layout,1,83899
2026-09-01,CAM-CAN-213,HSR Layout,1,53639
2026-09-01,CAM-NIK-217,HSR Layout,1,59199
2026-09-01,GAM-NIN-220,HSR Layout,1,43599
2026-09-01,GAM-NIN-228,HSR Layout,4,49799
2026-09-01,HEA-BOA-183,HSR Layout,1,4409
2026-09-01,HEA-BOA-191,HSR Layout,1,24999
2026-09-01,HEA-JBL-182,HSR Layout,1,24899
2026-09-01,HEA-JBL-187,HSR Layout,1,21509
2026-09-01,HEA-SON-179,HSR Layout,2,6599
2026-09-01,HEA-SON-188,HSR Layout,1,4599
2026-09-01,HP-ANC-700,HSR Layout,1,18990
2026-09-01,LAP-LEN-125,HSR Layout,1,79699
2026-09-01,REF-GOD-146,HSR Layout,2,34399
2026-09-01,REF-LG-141,HSR Layout,1,84899
2026-09-01,SMA-APP-199,HSR Layout,1,38999
2026-09-01,SMA-APP-204,HSR Layout,1,42499
2026-09-01,SMA-NOI-194,HSR Layout,2,3239
2026-09-01,SMA-SAM-101,HSR Layout,1,46599
2026-09-01,TEL-SON-135,HSR Layout,2,41849
2026-09-01,TEL-XIA-136,HSR Layout,1,49409
2026-09-01,TV-55Q7,HSR Layout,2,58990
2026-09-01,WAS-BOS-165,HSR Layout,2,42299
2026-09-01,WAS-SAM-156,HSR Layout,1,27199
2026-09-01,WAS-WHI-154,HSR Layout,1,48399
2026-09-01,WAS-WHI-164,HSR Layout,1,15389
2026-09-01,ACC-ANK-233,Indiranagar,1,3399
2026-09-01,ACC-ANK-237,Indiranagar,2,2899
2026-09-01,ACC-BEL-231,Indiranagar,3,499
2026-09-01,ACC-MI-243,Indiranagar,1,2469
2026-09-01,ACC-POR-242,Indiranagar,1,1499
2026-09-01,AIR-LG-166,Indiranagar,2,47974
2026-09-01,AIR-LG-175,Indiranagar,1,45799
2026-09-01,GAM-MIC-218,Indiranagar,1,45899
2026-09-01,GAM-MIC-230,Indiranagar,1,30299
2026-09-01,GAM-NIN-229,Indiranagar,2,45179
2026-09-01,GAM-SON-222,Indiranagar,1,49229
2026-09-01,HEA-BOS-181,Indiranagar,2,9404
2026-09-01,HEA-JBL-185,Indiranagar,1,11339
2026-09-01,HEA-JBL-187,Indiranagar,1,22704
2026-09-01,HP-ANC-700,Indiranagar,5,18990
2026-09-01,LAP-ASU-120,Indiranagar,1,82199
2026-09-01,LAP-DEL-115,Indiranagar,1,112999
2026-09-01,LAP-DEL-124,Indiranagar,1,74954
2026-09-01,LAP-LEN-116,Indiranagar,2,90399
2026-09-01,LAP-LEN-126,Indiranagar,2,99269
2026-09-01,REF-GOD-140,Indiranagar,1,30099
2026-09-01,REF-LG-149,Indiranagar,1,27699
2026-09-01,REF-LG-152,Indiranagar,1,75799
2026-09-01,SMA-AMA-192,Indiranagar,1,40299
2026-09-01,SMA-APP-109,Indiranagar,2,39059
2026-09-01,SMA-NOI-194,Indiranagar,1,3239
2026-09-01,SMA-NOI-200,Indiranagar,1,30299
2026-09-01,SMA-SAM-113,Indiranagar,1,51199
2026-09-01,SMA-SAM-201,Indiranagar,1,4844
2026-09-01,TEL-LG-138,Indiranagar,1,86164
2026-09-01,TEL-SON-130,Indiranagar,1,53099
2026-09-01,TEL-SON-135,Indiranagar,1,46499
2026-09-01,TEL-TCL-137,Indiranagar,2,96699
2026-09-01,TEL-XIA-136,Indiranagar,1,49409
2026-09-01,TV-55Q7,Indiranagar,1,56040
2026-09-01,WAS-IFB-159,Indiranagar,2,31229
2026-09-01,ACC-ANK-232,Jayanagar,2,2469
2026-09-01,ACC-ANK-237,Jayanagar,1,2609
2026-09-01,ACC-BEL-231,Jayanagar,1,499
2026-09-01,ACC-POR-235,Jayanagar,1,539
2026-09-01,AIR-DAI-176,Jayanagar,1,44649
2026-09-01,AIR-LG-170,Jayanagar,1,32399
2026-09-01,CAM-NIK-212,Jayanagar,1,94524
2026-09-01,CAM-NIK-217,Jayanagar,1,59199
2026-09-01,CAM-SON-205,Jayanagar,1,57599
2026-09-01,GAM-MIC-227,Jayanagar,1,44899
2026-09-01,GAM-NIN-220,Jayanagar,2,41419
2026-09-01,GAM-SON-221,Jayanagar,2,41419
2026-09-01,HEA-BOA-189,Jayanagar,1,21299
2026-09-01,HEA-BOA-191,Jayanagar,1,23749
2026-09-01,LAP-ASU-120,Jayanagar,1,82199
2026-09-01,LAP-DEL-124,Jayanagar,1,74954
2026-09-01,LAP-I5-G12,Jayanagar,1,56990
2026-09-01,LAP-LEN-125,Jayanagar,2,79699
2026-09-01,REF-GOD-140,Jayanagar,1,28594
2026-09-01,REF-LG-152,Jayanagar,1,75799
2026-09-01,SMA-NOI-197,Jayanagar,2,8399
2026-09-01,SMA-ONE-107,Jayanagar,1,66499
2026-09-01,SMA-SAM-113,Jayanagar,1,51199
2026-09-01,SMA-SAM-193,Jayanagar,3,11499
2026-09-01,TEL-SON-139,Jayanagar,1,69634
2026-09-01,TEL-XIA-132,Jayanagar,1,107599
2026-09-01,TEL-XIA-134,Jayanagar,1,107999
2026-09-01,WAS-IFB-153,Jayanagar,1,22499
2026-09-01,WAS-IFB-157,Jayanagar,1,30149
2026-09-01,WAS-IFB-162,Jayanagar,2,15029
2026-09-01,WAS-LG-155,Jayanagar,1,41799
2026-09-01,WAS-SAM-156,Jayanagar,1,24479
2026-09-01,WAS-WHI-161,Jayanagar,1,17599
2026-09-01,WM-FL-8KG,Jayanagar,3,36990
2026-09-01,ACC-BEL-231,Koramangala,1,449
2026-09-01,ACC-BEL-234,Koramangala,1,1349
2026-09-01,ACC-MI-243,Koramangala,1,2469
2026-09-01,ACC-POR-235,Koramangala,1,599
2026-09-01,AIR-BLU-167,Koramangala,2,61599
2026-09-01,AIR-LG-175,Koramangala,1,41219
2026-09-01,CAM-CAN-207,Koramangala,1,91389
2026-09-01,CAM-CAN-213,Koramangala,1,53639
2026-09-01,GAM-SON-222,Koramangala,2,54699
2026-09-01,HEA-JBL-182,Koramangala,1,24899
2026-09-01,HEA-JBL-184,Koramangala,1,21059
2026-09-01,LAP-DEL-121,Koramangala,1,64299
2026-09-01,LAP-DEL-123,Koramangala,1,99899
2026-09-01,LAP-I5-G12,Koramangala,1,56990
2026-09-01,LAP-LEN-116,Koramangala,1,81359
2026-09-01,REF-GOD-143,Koramangala,1,51299
2026-09-01,REF-GOD-146,Koramangala,1,34399
2026-09-01,REF-LG-152,Koramangala,1,68219
2026-09-01,REF-SAM-147,Koramangala,1,45199
2026-09-01,REF-WHI-145,Koramangala,1,54149
2026-09-01,SMA-APP-109,Koramangala,1,39059
2026-09-01,SMA-APP-204,Koramangala,1,40374
2026-09-01,SMA-NOI-194,Koramangala,1,3599
2026-09-01,SMA-ONE-106,Koramangala,1,84299
2026-09-01,SMA-SAM-101,Koramangala,1,44269
2026-09-01,SMA-SAM-113,Koramangala,2,46079
2026-09-01,SMA-SAM-193,Koramangala,3,11499
2026-09-01,SMA-SAM-201,Koramangala,2,5099
2026-09-01,TEL-SON-135,Koramangala,2,46499
2026-09-01,TEL-XIA-127,Koramangala,2,18399
2026-09-01,TEL-XIA-132,Koramangala,3,102219
2026-09-01,TEL-XIA-134,Koramangala,1,113999
2026-09-01,TEL-XIA-136,Koramangala,2,49409
2026-09-01,TV-65U8,Koramangala,1,64990
2026-09-01,WAS-BOS-165,Koramangala,1,38069
2026-09-01,WAS-IFB-159,Koramangala,1,34699
2026-09-01,WM-FL-8KG,Koramangala,1,35140
2026-09-01,ACC-ANK-233,Malleshwaram,1,3399
2026-09-01,ACC-BEL-238,Malleshwaram,1,3039
2026-09-01,ACC-MI-243,Malleshwaram,4,2599
2026-09-01,ACC-POR-241,Malleshwaram,1,1439
2026-09-01,AIR-BLU-167,Malleshwaram,1,61599
2026-09-01,AIR-LG-168,Malleshwaram,1,32999
2026-09-01,AIR-LG-170,Malleshwaram,2,32399
2026-09-01,CAM-CAN-206,Malleshwaram,1,63839
2026-09-01,CAM-NIK-209,Malleshwaram,1,68599
2026-09-01,CAM-NIK-212,Malleshwaram,1,89549
2026-09-01,CAM-NIK-215,Malleshwaram,1,38519
2026-09-01,GAM-NIN-224,Malleshwaram,1,31199
2026-09-01,GAM-NIN-228,Malleshwaram,1,49799
2026-09-01,GAM-SON-221,Malleshwaram,1,43599
2026-09-01,HEA-BOA-183,Malleshwaram,1,4409
2026-09-01,HEA-BOA-191,Malleshwaram,1,22499
2026-09-01,HEA-JBL-180,Malleshwaram,1,20099
2026-09-01,HEA-JBL-187,Malleshwaram,1,23899
2026-09-01,HEA-SON-179,Malleshwaram,1,6599
2026-09-01,HP-ANC-700,Malleshwaram,3,19990
2026-09-01,LAP-ASU-120,Malleshwaram,1,78089
2026-09-01,LAP-DEL-123,Malleshwaram,3,99899
2026-09-01,LAP-LEN-116,Malleshwaram,1,90399
2026-09-01,LAP-LEN-125,Malleshwaram,1,79699
2026-09-01,REF-GOD-140,Malleshwaram,2,30099
2026-09-01,REF-GOD-143,Malleshwaram,1,51299
2026-09-01,REF-LG-149,Malleshwaram,1,26314
2026-09-01,REF-LG-151,Malleshwaram,3,54624
2026-09-01,REF-WHI-145,Malleshwaram,2,56999
2026-09-01,SMA-APP-198,Malleshwaram,1,26099
2026-09-01,SMA-APP-199,Malleshwaram,1,38999
2026-09-01,SMA-APP-204,Malleshwaram,1,42499
2026-09-01,SMA-NOI-194,Malleshwaram,1,3419
2026-09-01,SMA-NOI-197,Malleshwaram,1,8399
2026-09-01,SMA-ONE-107,Malleshwaram,1,66499
2026-09-01,SMA-SAM-108,Malleshwaram,1,52439
2026-09-01,SMA-SAM-112,Malleshwaram,1,49589
2026-09-01,TEL-SON-135,Malleshwaram,1,41849
2026-09-01,WAS-BOS-165,Malleshwaram,3,38069
2026-09-01,WAS-IFB-157,Malleshwaram,1,33499
2026-09-01,WAS-LG-160,Malleshwaram,1,36179
2026-09-01,WAS-SAM-163,Malleshwaram,2,41899
2026-09-01,ACC-ANK-237,Whitefield,1,2899
2026-09-01,AIR-LG-171,Whitefield,3,57699
2026-09-01,AIR-VOL-177,Whitefield,1,30689
2026-09-01,CAM-CAN-214,Whitefield,1,57299
2026-09-01,CAM-NIK-209,Whitefield,1,65169
2026-09-01,CAM-NIK-211,Whitefield,1,105599
2026-09-01,CAM-NIK-215,Whitefield,2,42799
2026-09-01,CAM-SON-208,Whitefield,1,96749
2026-09-01,GAM-MIC-227,Whitefield,1,44899
2026-09-01,GAM-NIN-228,Whitefield,1,49799
2026-09-01,GAM-SON-219,Whitefield,1,51399
2026-09-01,GAM-SON-221,Whitefield,1,43599
2026-09-01,HEA-BOA-189,Whitefield,1,21299
2026-09-01,HEA-JBL-184,Whitefield,1,23399
2026-09-01,HEA-JBL-187,Whitefield,1,23899
2026-09-01,HEA-SON-188,Whitefield,3,4139
2026-09-01,LAP-HP-119,Whitefield,1,70399
2026-09-01,LAP-LEN-126,Whitefield,1,110299
2026-09-01,REF-GOD-146,Whitefield,1,34399
2026-09-01,SMA-APP-109,Whitefield,2,41229
2026-09-01,SMA-APP-110,Whitefield,1,25399
2026-09-01,SMA-APP-198,Whitefield,1,23489
2026-09-01,SMA-APP-202,Whitefield,1,24889
2026-09-01,SMA-APP-204,Whitefield,2,40374
2026-09-01,SMA-ONE-105,Whitefield,1,49799
2026-09-01,SMA-VIV-102,Whitefield,1,35399
2026-09-01,SMA-XIA-111,Whitefield,1,65599
2026-09-01,TEL-SAM-128,Whitefield,1,107549
2026-09-01,TEL-XIA-136,Whitefield,1,54899
2026-09-01,TV-65U8,Whitefield,1,64990
2026-09-01,WAS-IFB-153,Whitefield,3,22499
2026-09-01,WAS-SAM-163,Whitefield,1,41899
2026-09-02,ACC-MI-240,HSR Layout,1,3899
2026-09-02,ACC-POR-241,HSR Layout,1,1519
2026-09-02,AIR-DAI-172,HSR Layout,1,52919
2026-09-02,AIR-LG-168,HSR Layout,1,29699
2026-09-02,AIR-LG-170,HSR Layout,1,29159
2026-09-02,AIR-LG-175,HSR Layout,1,45799
2026-09-02,AIR-VOL-174,HSR Layout,1,37299
2026-09-02,CAM-CAN-213,HSR Layout,1,59599
2026-09-02,GAM-MIC-230,HSR Layout,1,30299
2026-09-02,GAM-NIN-220,HSR Layout,1,43599
2026-09-02,GAM-NIN-228,HSR Layout,1,44819
2026-09-02,HEA-BOA-191,HSR Layout,1,24999
2026-09-02,HEA-BOS-190,HSR Layout,1,28799
2026-09-02,HP-ANC-700,HSR Layout,1,18990
2026-09-02,LAP-DEL-121,HSR Layout,1,64299
2026-09-02,LAP-LEN-125,HSR Layout,1,71729
2026-09-02,REF-LG-144,HSR Layout,3,32599
2026-09-02,REF-WHI-145,HSR Layout,1,56999
2026-09-02,SMA-AMA-203,HSR Layout,1,12254
2026-09-02,SMA-APP-199,HSR Layout,2,37049
2026-09-02,SMA-NOI-195,HSR Layout,1,28799
2026-09-02,SMA-ONE-103,HSR Layout,1,28499
2026-09-02,SMA-ONE-107,HSR Layout,1,59849
2026-09-02,SMA-SAM-101,HSR Layout,1,41939
2026-09-02,SW-FIT-3,HSR Layout,1,8549
2026-09-02,TEL-XIA-132,HSR Layout,3,96839
2026-09-02,TEL-XIA-136,HSR Layout,1,54899
2026-09-02,WAS-LG-155,HSR Layout,3,43999
2026-09-02,ACC-MI-243,Indiranagar,4,2599
2026-09-02,AIR-BLU-173,Indiranagar,1,49859
2026-09-02,AIR-BLU-178,Indiranagar,1,37239
2026-09-02,AIR-LG-166,Indiranagar,1,50499
2026-09-02,CAM-CAN-213,Indiranagar,2,53639
2026-09-02,CAM-SON-205,Indiranagar,1,57599
2026-09-02,CAM-SON-208,Indiranagar,1,107499
2026-09-02,GAM-NIN-224,Indiranagar,1,28079
2026-09-02,GAM-NIN-226,Indiranagar,1,34099
2026-09-02,HEA-BOS-181,Indiranagar,1,9899
2026-09-02,HEA-JBL-180,Indiranagar,2,18089
2026-09-02,HEA-SON-179,Indiranagar,1,6599
2026-09-02,HEA-SON-188,Indiranagar,1,4599
2026-09-02,HP-ANC-700,Indiranagar,1,19990
2026-09-02,LAP-DEL-115,Indiranagar,1,112999
2026-09-02,LAP-LEN-125,Indiranagar,1,79699
2026-09-02,REF-GOD-140,Indiranagar,1,28594
2026-09-02,REF-SAM-147,Indiranagar,1,45199
2026-09-02,SMA-AMA-203,Indiranagar,2,12899
2026-09-02,SMA-APP-198,Indiranagar,1,24794
2026-09-02,SMA-APP-199,Indiranagar,3,37049
2026-09-02,SMA-ONE-103,Indiranagar,1,28499
2026-09-02,SMA-XIA-111,Indiranagar,2,65599
2026-09-02,WAS-IFB-153,Indiranagar,2,22499
2026-09-02,WAS-WHI-161,Indiranagar,1,17599
2026-09-02,WM-FL-8KG,Indiranagar,1,36990
2026-09-02,ACC-ANK-232,Jayanagar,1,2339
2026-09-02,ACC-MI-243,Jayanagar,2,2599
2026-09-02,ACC-POR-235,Jayanagar,1,599
2026-09-02,ACC-POR-236,Jayanagar,1,499
2026-09-02,ACC-POR-241,Jayanagar,1,1439
2026-09-02,AIR-DAI-176,Jayanagar,2,46999
2026-09-02,AIR-LG-170,Jayanagar,1,32399
2026-09-02,AIR-VOL-174,Jayanagar,1,37299
2026-09-02,AIR-VOL-177,Jayanagar,2,34099
2026-09-02,CAM-SON-205,Jayanagar,2,54719
2026-09-02,GAM-MIC-218,Jayanagar,1,50999
2026-09-02,GAM-MIC-230,Jayanagar,1,28784
2026-09-02,GAM-NIN-226,Jayanagar,3,34099
2026-09-02,GAM-SON-219,Jayanagar,1,51399
2026-09-02,GAM-SON-221,Jayanagar,1,43599
2026-09-02,HEA-BOA-189,Jayanagar,1,21299
2026-09-02,HEA-BOS-186,Jayanagar,1,15294
2026-09-02,HEA-JBL-182,Jayanagar,1,23654
2026-09-02,LAP-DEL-123,Jayanagar,1,89909
2026-09-02,LAP-DEL-124,Jayanagar,1,78899
2026-09-02,LAP-LEN-125,Jayanagar,1,71729
2026-09-02,LAP-LEN-126,Jayanagar,2,110299
2026-09-02,REF-GOD-143,Jayanagar,1,51299
2026-09-02,REF-LG-149,Jayanagar,1,24929
2026-09-02,REF-LG-150,Jayanagar,1,49399
2026-09-02,SMA-ONE-107,Jayanagar,2,66499
2026-09-02,SMA-SAM-112,Jayanagar,1,49589
2026-09-02,SMA-XIA-111,Jayanagar,1,59039
2026-09-02,TEL-SAM-133,Jayanagar,2,48899
2026-09-02,TEL-XIA-132,Jayanagar,1,107599
2026-09-02,WAS-BOS-165,Jayanagar,1,42299
2026-09-02,WAS-IFB-162,Jayanagar,1,16699
2026-09-02,WAS-SAM-156,Jayanagar,2,24479
2026-09-02,WAS-WHI-161,Jayanagar,1,16719
2026-09-02,WM-FL-8KG,Jayanagar,2,36990
2026-09-02,ACC-POR-236,Koramangala,1,474
2026-09-02,AIR-BLU-167,Koramangala,2,55439
2026-09-02,AIR-LG-166,Koramangala,1,47974
2026-09-02,AIR-LG-170,Koramangala,1,30779
2026-09-02,CAM-CAN-213,Koramangala,2,59599
2026-09-02,CAM-NIK-215,Koramangala,3,42799
2026-09-02,GAM-MIC-218,Koramangala,1,50999
2026-09-02,GAM-NIN-220,Koramangala,1,41419
2026-09-02,GAM-SON-219,Koramangala,1,51399
2026-09-02,GAM-SON-222,Koramangala,1,54699
2026-09-02,HEA-JBL-182,Koramangala,1,24899
2026-09-02,HEA-JBL-184,Koramangala,1,23399
2026-09-02,HEA-JBL-185,Koramangala,1,12599
2026-09-02,HEA-SON-179,Koramangala,1,5939
2026-09-02,LAP-ASU-120,Koramangala,1,73979
2026-09-02,LAP-DEL-123,Koramangala,1,99899
2026-09-02,LAP-DEL-124,Koramangala,1,74954
2026-09-02,LAP-I5-G12,Koramangala,2,56990
2026-09-02,LAP-LEN-126,Koramangala,1,110299
2026-09-02,REF-GOD-148,Koramangala,1,65799
2026-09-02,REF-LG-149,Koramangala,2,27699
2026-09-02,REF-LG-152,Koramangala,1,75799
2026-09-02,REF-WHI-145,Koramangala,1,56999
2026-09-02,SMA-APP-199,Koramangala,2,35099
2026-09-02,SMA-APP-204,Koramangala,1,42499
2026-09-02,SMA-ONE-103,Koramangala,1,25649
2026-09-02,SMA-ONE-106,Koramangala,2,84299
2026-09-02,SMA-SAM-101,Koramangala,1,46599
2026-09-02,SMA-SAM-108,Koramangala,1,55199
2026-09-02,SMA-SAM-112,Koramangala,1,55099
2026-09-02,SMA-SAM-193,Koramangala,3,11499
2026-09-02,SMA-SAM-196,Koramangala,1,18049
2026-09-02,SMA-SAM-201,Koramangala,1,4844
2026-09-02,SMA-XIA-104,Koramangala,1,72699
2026-09-02,TEL-LG-138,Koramangala,1,90699
2026-09-02,TEL-TCL-131,Koramangala,1,36859
2026-09-02,TEL-XIA-132,Koramangala,3,107599
2026-09-02,TV-55Q7,Koramangala,1,58990
2026-09-02,WAS-BOS-165,Koramangala,2,42299
2026-09-02,WAS-IFB-153,Koramangala,2,21374
2026-09-02,WAS-IFB-157,Koramangala,1,33499
2026-09-02,WM-FL-8KG,Koramangala,2,36990
2026-09-02,ACC-ANK-239,Malleshwaram,1,1079
2026-09-02,ACC-POR-235,Malleshwaram,1,599
2026-09-02,ACC-POR-241,Malleshwaram,1,1519
2026-09-02,AIR-BLU-178,Malleshwaram,1,37239
2026-09-02,AIR-DAI-172,Malleshwaram,1,55859
2026-09-02,AIR-LG-170,Malleshwaram,2,30779
2026-09-02,AIR-LG-171,Malleshwaram,2,54814
2026-09-02,CAM-CAN-206,Malleshwaram,2,67199
2026-09-02,CAM-NIK-209,Malleshwaram,1,65169
2026-09-02,CAM-NIK-212,Malleshwaram,1,99499
2026-09-02,CAM-NIK-216,Malleshwaram,2,77579
2026-09-02,CAM-NIK-217,Malleshwaram,2,59199
2026-09-02,GAM-MIC-223,Malleshwaram,1,48399
2026-09-02,GAM-NIN-224,Malleshwaram,3,29639
2026-09-02,GAM-NIN-229,Malleshwaram,1,50199
2026-09-02,HEA-BOA-191,Malleshwaram,1,23749
2026-09-02,HEA-BOS-190,Malleshwaram,3,28799
2026-09-02,HEA-JBL-180,Malleshwaram,1,20099
2026-09-02,HEA-JBL-184,Malleshwaram,1,23399
2026-09-02,HEA-JBL-187,Malleshwaram,2,21509
2026-09-02,HP-ANC-700,Malleshwaram,1,19990
2026-09-02,LAP-ASU-120,Malleshwaram,2,73979
2026-09-02,LAP-DEL-115,Malleshwaram,1,107349
2026-09-02,LAP-LEN-117,Malleshwaram,1,53099
2026-09-02,LAP-LEN-126,Malleshwaram,1,110299
2026-09-02,REF-GOD-140,Malleshwaram,1,30099
2026-09-02,REF-GOD-142,Malleshwaram,1,42199
2026-09-02,REF-GOD-146,Malleshwaram,1,34399
2026-09-02,REF-LG-149,Malleshwaram,1,27699
2026-09-02,REF-LG-151,Malleshwaram,1,54624
2026-09-02,REF-WHI-145,Malleshwaram,1,56999
2026-09-02,SMA-ONE-106,Malleshwaram,1,80084
2026-09-02,SMA-SAM-201,Malleshwaram,1,5099
2026-09-02,SMA-VIV-102,Malleshwaram,2,33629
2026-09-02,TEL-SON-139,Malleshwaram,1,69634
2026-09-02,WAS-BOS-165,Malleshwaram,1,42299
2026-09-02,WAS-IFB-159,Malleshwaram,1,32964
2026-09-02,WAS-IFB-162,Malleshwaram,1,16699
2026-09-02,WAS-LG-155,Malleshwaram,1,43999
2026-09-02,WAS-LG-160,Malleshwaram,1,40199
2026-09-02,WAS-SAM-156,Malleshwaram,1,27199
2026-09-02,WAS-WHI-161,Malleshwaram,1,15839
2026-09-02,ACC-BEL-238,Whitefield,1,3039
2026-09-02,ACC-MI-243,Whitefield,2,2339
2026-09-02,ACC-POR-241,Whitefield,1,1599
2026-09-02,AIR-LG-169,Whitefield,1,28889
2026-09-02,AIR-LG-171,Whitefield,1,57699
2026-09-02,AIR-VOL-177,Whitefield,1,30689
2026-09-02,CAM-CAN-213,Whitefield,1,56619
2026-09-02,CAM-CAN-214,Whitefield,2,54434
2026-09-02,CAM-NIK-216,Whitefield,1,86199
2026-09-02,GAM-MIC-227,Whitefield,4,44899
2026-09-02,GAM-NIN-220,Whitefield,1,43599
2026-09-02,GAM-NIN-224,Whitefield,1,31199
2026-09-02,GAM-NIN-228,Whitefield,1,44819
2026-09-02,HEA-BOS-181,Whitefield,1,8909
2026-09-02,HEA-JBL-185,Whitefield,2,12599
2026-09-02,HEA-SON-188,Whitefield,1,4369
2026-09-02,LAP-ASU-120,Whitefield,2,82199
2026-09-02,REF-GOD-146,Whitefield,1,34399
2026-09-02,REF-SAM-147,Whitefield,1,45199
2026-09-02,REF-WHI-145,Whitefield,1,56999
2026-09-02,SMA-APP-109,Whitefield,1,41229
2026-09-02,SMA-APP-198,Whitefield,1,24794
2026-09-02,SMA-APP-199,Whitefield,1,38999
2026-09-02,SMA-APP-202,Whitefield,1,26199
2026-09-02,SMA-NOI-195,Whitefield,2,25919
2026-09-02,SMA-ONE-103,Whitefield,1,27074
2026-09-02,SMA-XIA-104,Whitefield,1,72699
2026-09-02,TEL-LG-138,Whitefield,1,90699
2026-09-02,TEL-SON-135,Whitefield,1,46499
2026-09-02,TEL-SON-139,Whitefield,1,65969
2026-09-02,TEL-XIA-132,Whitefield,1,107599
2026-09-02,TEL-XIA-136,Whitefield,1,54899
2026-09-02,TV-55Q7,Whitefield,1,53091
2026-09-02,WAS-BOS-158,Whitefield,1,33999
2026-09-02,WAS-WHI-154,Whitefield,1,48399
2026-09-02,WAS-WHI-161,Whitefield,1,17599
2026-09-02,WAS-WHI-164,Whitefield,1,17099
2026-09-02,WM-FL-8KG,Whitefield,1,35140
2026-09-03,ACC-BEL-231,HSR Layout,1,499
2026-09-03,AIR-DAI-172,HSR Layout,1,55859
2026-09-03,AIR-LG-166,HSR Layout,1,50499
2026-09-03,AIR-LG-168,HSR Layout,1,31349
2026-09-03,AIR-LG-169,HSR Layout,1,28889
2026-09-03,AIR-LG-170,HSR Layout,1,29159
2026-09-03,CAM-CAN-213,HSR Layout,1,59599
2026-09-03,CAM-NIK-209,HSR Layout,1,68599
2026-09-03,GAM-NIN-226,HSR Layout,1,32394
2026-09-03,GAM-NIN-228,HSR Layout,1,49799
2026-09-03,HEA-BOA-183,HSR Layout,1,4899
2026-09-03,HEA-BOA-191,HSR Layout,1,22499
2026-09-03,HEA-JBL-182,HSR Layout,1,24899
2026-09-03,LAP-ACE-118,HSR Layout,1,52199
2026-09-03,LAP-HP-114,HSR Layout,2,45899
2026-09-03,LAP-HP-119,HSR Layout,1,66879
2026-09-03,LAP-I5-G12,HSR Layout,2,54140
2026-09-03,LAP-LEN-125,HSR Layout,1,79699
2026-09-03,REF-GOD-148,HSR Layout,1,65799
2026-09-03,REF-LG-144,HSR Layout,1,30969
2026-09-03,REF-LG-151,HSR Layout,2,57499
2026-09-03,SMA-AMA-192,HSR Layout,1,40299
2026-09-03,SMA-NOI-194,HSR Layout,1,3599
2026-09-03,TEL-TCL-131,HSR Layout,1,38799
2026-09-03,TEL-TCL-137,HSR Layout,1,96699
2026-09-03,TEL-XIA-136,HSR Layout,3,54899
2026-09-03,TV-65U8,HSR Layout,2,64990
2026-09-03,WAS-SAM-163,HSR Layout,1,37709
2026-09-03,ACC-ANK-232,Indiranagar,1,2599
2026-09-03,ACC-ANK-237,Indiranagar,3,2609
2026-09-03,ACC-ANK-239,Indiranagar,1,1079
2026-09-03,ACC-MI-243,Indiranagar,2,2599
2026-09-03,ACC-POR-235,Indiranagar,1,599
2026-09-03,ACC-POR-236,Indiranagar,1,449
2026-09-03,ACC-POR-242,Indiranagar,1,1424
2026-09-03,AIR-BLU-173,Indiranagar,2,55399
2026-09-03,AIR-DAI-176,Indiranagar,1,46999
2026-09-03,AIR-LG-166,Indiranagar,1,50499
2026-09-03,CAM-CAN-207,Indiranagar,4,96199
2026-09-03,CAM-CAN-213,Indiranagar,2,59599
2026-09-03,CAM-SON-205,Indiranagar,1,54719
2026-09-03,GAM-MIC-225,Indiranagar,1,52399
2026-09-03,GAM-NIN-220,Indiranagar,1,43599
2026-09-03,GAM-NIN-226,Indiranagar,1,34099
2026-09-03,GAM-SON-219,Indiranagar,2,48829
2026-09-03,GAM-SON-222,Indiranagar,1,54699
2026-09-03,HEA-BOA-189,Indiranagar,4,21299
2026-09-03,HEA-BOS-181,Indiranagar,1,9899
2026-09-03,HEA-JBL-180,Indiranagar,1,20099
2026-09-03,HP-ANC-700,Indiranagar,2,19990
2026-09-03,LAP-ACE-118,Indiranagar,1,46979
2026-09-03,REF-GOD-140,Indiranagar,1,30099
2026-09-03,REF-SAM-147,Indiranagar,1,45199
2026-09-03,SMA-AMA-192,Indiranagar,2,40299
2026-09-03,SMA-AMA-203,Indiranagar,1,12899
2026-09-03,SMA-APP-199,Indiranagar,1,38999
2026-09-03,SMA-NOI-200,Indiranagar,1,30299
2026-09-03,SMA-ONE-107,Indiranagar,1,66499
2026-09-03,SMA-SAM-101,Indiranagar,1,46599
2026-09-03,SMA-XIA-111,Indiranagar,1,65599
2026-09-03,TEL-SAM-128,Indiranagar,1,119499
2026-09-03,TEL-SON-130,Indiranagar,1,58999
2026-09-03,TEL-TCL-131,Indiranagar,1,34919
2026-09-03,TEL-XIA-127,Indiranagar,1,16559
2026-09-03,WAS-BOS-158,Indiranagar,1,32299
2026-09-03,WAS-WHI-161,Indiranagar,1,16719
2026-09-03,ACC-ANK-232,Jayanagar,1,2599
2026-09-03,ACC-BEL-234,Jayanagar,1,1424
2026-09-03,ACC-BEL-238,Jayanagar,1,2879
2026-09-03,ACC-MI-240,Jayanagar,1,3899
2026-09-03,ACC-POR-242,Jayanagar,1,1499
2026-09-03,AIR-VOL-177,Jayanagar,3,30689
2026-09-03,CAM-CAN-206,Jayanagar,3,67199
2026-09-03,CAM-CAN-210,Jayanagar,1,83899
2026-09-03,GAM-NIN-220,Jayanagar,1,39239
2026-09-03,GAM-SON-221,Jayanagar,1,41419
2026-09-03,GAM-SON-222,Jayanagar,1,54699
2026-09-03,HEA-BOA-189,Jayanagar,1,21299
2026-09-03,HEA-BOS-181,Jayanagar,1,9899
2026-09-03,HEA-SON-179,Jayanagar,1,5939
2026-09-03,HP-ANC-700,Jayanagar,1,18990
2026-09-03,LAP-DEL-124,Jayanagar,1,78899
2026-09-03,REF-GOD-140,Jayanagar,1,30099
2026-09-03,REF-GOD-143,Jayanagar,1,51299
2026-09-03,REF-LG-141,Jayanagar,1,84899
2026-09-03,REF-LG-150,Jayanagar,3,49399
2026-09-03,REF-WHI-145,Jayanagar,1,56999
2026-09-03,SMA-NOI-195,Jayanagar,1,27359
2026-09-03,SMA-NOI-200,Jayanagar,1,30299
2026-09-03,SMA-ONE-107,Jayanagar,1,66499
2026-09-03,SMA-SAM-113,Jayanagar,1,51199
2026-09-03,SMA-SAM-193,Jayanagar,2,11499
2026-09-03,SMA-XIA-104,Jayanagar,2,72699
2026-09-03,TEL-SAM-133,Jayanagar,1,44009
2026-09-03,TEL-XIA-136,Jayanagar,2,54899
2026-09-03,TV-65U8,Jayanagar,1,64990
2026-09-03,WAS-IFB-162,Jayanagar,1,16699
2026-09-03,WAS-LG-160,Jayanagar,1,40199
2026-09-03,WAS-SAM-163,Jayanagar,1,39804
2026-09-03,WAS-WHI-161,Jayanagar,1,17599
2026-09-03,ACC-ANK-233,Koramangala,1,3399
2026-09-03,ACC-BEL-238,Koramangala,2,2879
2026-09-03,ACC-POR-236,Koramangala,1,449
2026-09-03,AIR-BLU-167,Koramangala,2,61599
2026-09-03,AIR-DAI-172,Koramangala,1,58799
2026-09-03,CAM-CAN-213,Koramangala,1,59599
2026-09-03,CAM-NIK-209,Koramangala,1,61739
2026-09-03,CAM-SON-208,Koramangala,1,107499
2026-09-03,GAM-MIC-218,Koramangala,1,50999
2026-09-03,GAM-MIC-225,Koramangala,1,52399
2026-09-03,GAM-NIN-220,Koramangala,3,43599
2026-09-03,GAM-SON-219,Koramangala,1,51399
2026-09-03,HEA-BOS-181,Koramangala,1,9899
2026-09-03,HEA-JBL-184,Koramangala,2,23399
2026-09-03,HEA-JBL-187,Koramangala,1,21509
2026-09-03,HEA-SON-188,Koramangala,1,4599
2026-09-03,LAP-ACE-118,Koramangala,1,52199
2026-09-03,LAP-ASU-120,Koramangala,1,82199
2026-09-03,REF-GOD-140,Koramangala,1,30099
2026-09-03,REF-GOD-143,Koramangala,1,51299
2026-09-03,REF-LG-141,Koramangala,2,84899
2026-09-03,REF-LG-144,Koramangala,1,29339
2026-09-03,REF-LG-150,Koramangala,1,46929
2026-09-03,REF-LG-152,Koramangala,1,75799
2026-09-03,REF-WHI-145,Koramangala,1,56999
2026-09-03,SMA-AMA-192,Koramangala,1,40299
2026-09-03,SMA-NOI-194,Koramangala,1,3239
2026-09-03,SMA-ONE-106,Koramangala,5,84299
2026-09-03,SMA-SAM-112,Koramangala,1,55099
2026-09-03,SMA-SAM-113,Koramangala,1,48639
2026-09-03,SMA-SAM-193,Koramangala,2,10349
2026-09-03,SW-FIT-3,Koramangala,1,8999
2026-09-03,TEL-LG-138,Koramangala,1,90699
2026-09-03,TEL-SON-130,Koramangala,1,53099
2026-09-03,TEL-SON-135,Koramangala,2,44174
2026-09-03,TEL-TCL-129,Koramangala,1,116999
2026-09-03,WAS-BOS-158,Koramangala,1,33999
2026-09-03,WAS-BOS-165,Koramangala,1,40184
2026-09-03,WAS-WHI-154,Koramangala,1,48399
2026-09-03,WM-FL-8KG,Koramangala,1,36990
2026-09-03,ACC-ANK-232,Malleshwaram,1,2469
2026-09-03,ACC-BEL-238,Malleshwaram,1,2879
2026-09-03,ACC-POR-241,Malleshwaram,4,1599
2026-09-03,AIR-BLU-167,Malleshwaram,1,55439
2026-09-03,AIR-DAI-172,Malleshwaram,1,58799
2026-09-03,AIR-LG-170,Malleshwaram,3,30779
2026-09-03,AIR-LG-175,Malleshwaram,1,45799
2026-09-03,AIR-VOL-177,Malleshwaram,1,30689
2026-09-03,CAM-NIK-215,Malleshwaram,1,42799
2026-09-03,CAM-NIK-217,Malleshwaram,1,59199
2026-09-03,GAM-MIC-223,Malleshwaram,1,48399
2026-09-03,GAM-MIC-225,Malleshwaram,1,52399
2026-09-03,GAM-NIN-226,Malleshwaram,1,32394
2026-09-03,GAM-SON-221,Malleshwaram,1,39239
2026-09-03,HEA-BOS-190,Malleshwaram,1,27359
2026-09-03,HEA-JBL-184,Malleshwaram,1,21059
2026-09-03,HP-ANC-700,Malleshwaram,1,18990
2026-09-03,LAP-ACE-118,Malleshwaram,3,46979
2026-09-03,LAP-DEL-123,Malleshwaram,1,94904
2026-09-03,LAP-I5-G12,Malleshwaram,1,54140
2026-09-03,LAP-LEN-125,Malleshwaram,1,71729
2026-09-03,REF-LG-149,Malleshwaram,1,27699
2026-09-03,REF-LG-151,Malleshwaram,2,57499
2026-09-03,REF-WHI-145,Malleshwaram,1,56999
2026-09-03,SMA-APP-199,Malleshwaram,1,37049
2026-09-03,SMA-APP-202,Malleshwaram,1,23579
2026-09-03,SMA-ONE-106,Malleshwaram,1,80084
2026-09-03,SMA-SAM-201,Malleshwaram,1,5099
2026-09-03,SMA-VIV-102,Malleshwaram,1,35399
2026-09-03,TEL-SON-135,Malleshwaram,1,46499
2026-09-03,TEL-XIA-136,Malleshwaram,1,54899
2026-09-03,WAS-BOS-165,Malleshwaram,2,42299
2026-09-03,WAS-IFB-159,Malleshwaram,1,31229
2026-09-03,WAS-SAM-156,Malleshwaram,1,27199
2026-09-03,ACC-ANK-233,Whitefield,1,3229
2026-09-03,ACC-POR-241,Whitefield,2,1599
2026-09-03,AIR-LG-175,Whitefield,1,43509
2026-09-03,AIR-VOL-174,Whitefield,1,37299
2026-09-03,AIR-VOL-177,Whitefield,1,30689
2026-09-03,CAM-NIK-215,Whitefield,1,38519
2026-09-03,CAM-SON-208,Whitefield,1,96749
2026-09-03,GAM-MIC-227,Whitefield,1,44899
2026-09-03,GAM-NIN-224,Whitefield,1,29639
2026-09-03,GAM-NIN-228,Whitefield,1,47309
2026-09-03,HEA-BOA-189,Whitefield,2,21299
2026-09-03,HEA-JBL-180,Whitefield,2,18089
2026-09-03,HEA-JBL-184,Whitefield,1,23399
2026-09-03,HEA-JBL-187,Whitefield,2,23899
2026-09-03,HEA-SON-188,Whitefield,1,4139
2026-09-03,LAP-DEL-123,Whitefield,1,99899
2026-09-03,LAP-DEL-124,Whitefield,1,74954
2026-09-03,LAP-LEN-125,Whitefield,1,79699
2026-09-03,REF-GOD-146,Whitefield,2,32679
2026-09-03,REF-LG-149,Whitefield,1,27699
2026-09-03,SMA-APP-109,Whitefield,1,41229
2026-09-03,SMA-APP-199,Whitefield,1,38999
2026-09-03,SMA-APP-202,Whitefield,1,23579
2026-09-03,SMA-APP-204,Whitefield,1,42499
2026-09-03,SMA-SAM-108,Whitefield,1,55199
2026-09-03,SMA-SAM-113,Whitefield,1,48639
2026-09-03,TEL-LG-138,Whitefield,1,90699
2026-09-03,TEL-TCL-129,Whitefield,1,116999
2026-09-03,TEL-XIA-132,Whitefield,1,107599
2026-09-03,TEL-XIA-136,Whitefield,1,54899
2026-09-03,TV-55Q7,Whitefield,1,58990
2026-09-03,WAS-BOS-158,Whitefield,1,32299
2026-09-03,WAS-IFB-153,Whitefield,2,22499
2026-09-03,WAS-LG-160,Whitefield,1,36179
2026-09-03,WAS-SAM-163,Whitefield,1,37709
2026-09-04,ACC-ANK-233,HSR Layout,1,3399
2026-09-04,ACC-ANK-239,HSR Layout,1,1199
2026-09-04,ACC-POR-242,HSR Layout,1,1499
2026-09-04,AIR-BLU-167,HSR Layout,1,61599
2026-09-04,AIR-BLU-173,HSR Layout,2,49859
2026-09-04,AIR-LG-169,HSR Layout,1,32099
2026-09-04,AIR-LG-170,HSR Layout,1,29159
2026-09-04,CAM-CAN-207,HSR Layout,1,91389
2026-09-04,CAM-CAN-210,HSR Layout,1,83899
2026-09-04,CAM-NIK-209,HSR Layout,2,61739
2026-09-04,CAM-SON-205,HSR Layout,2,57599
2026-09-04,GAM-NIN-226,HSR Layout,1,32394
2026-09-04,GAM-NIN-228,HSR Layout,1,44819
2026-09-04,GAM-SON-219,HSR Layout,1,51399
2026-09-04,GAM-SON-222,HSR Layout,1,54699
2026-09-04,HEA-BOA-183,HSR Layout,1,4899
2026-09-04,HEA-BOA-191,HSR Layout,2,24999
2026-09-04,HEA-BOS-186,HSR Layout,1,16099
2026-09-04,HEA-SON-179,HSR Layout,1,6599
2026-09-04,LAP-LEN-117,HSR Layout,1,58999
2026-09-04,LAP-LEN-125,HSR Layout,1,79699
2026-09-04,REF-GOD-146,HSR Layout,2,34399
2026-09-04,REF-LG-144,HSR Layout,1,32599
2026-09-04,REF-LG-150,HSR Layout,1,44459
2026-09-04,REF-LG-151,HSR Layout,1,57499
2026-09-04,SMA-AMA-203,HSR Layout,1,12899
2026-09-04,SMA-APP-109,HSR Layout,1,39059
2026-09-04,SMA-APP-204,HSR Layout,1,40374
2026-09-04,SMA-NOI-194,HSR Layout,1,3419
2026-09-04,SW-FIT-3,HSR Layout,1,8549
2026-09-04,TEL-SON-130,HSR Layout,1,53099
2026-09-04,TEL-SON-135,HSR Layout,2,44174
2026-09-04,TEL-XIA-127,HSR Layout,1,17479
2026-09-04,TV-55Q7,HSR Layout,1,58990
2026-09-04,TV-65U8,HSR Layout,1,64990
2026-09-04,WAS-BOS-158,HSR Layout,1,33999
2026-09-04,WAS-IFB-153,HSR Layout,1,22499
2026-09-04,WAS-SAM-156,HSR Layout,1,27199
2026-09-04,WAS-WHI-154,HSR Layout,3,45979
2026-09-04,WAS-WHI-164,HSR Layout,1,15389
2026-09-04,ACC-ANK-232,Indiranagar,1,2599
2026-09-04,ACC-ANK-237,Indiranagar,2,2899
2026-09-04,ACC-BEL-231,Indiranagar,2,499
2026-09-04,ACC-MI-243,Indiranagar,1,2599
2026-09-04,ACC-POR-241,Indiranagar,1,1599
2026-09-04,CAM-CAN-206,Indiranagar,1,63839
2026-09-04,CAM-CAN-207,Indiranagar,2,96199
2026-09-04,CAM-CAN-213,Indiranagar,1,59599
2026-09-04,CAM-NIK-209,Indiranagar,1,65169
2026-09-04,CAM-NIK-211,Indiranagar,1,105599
2026-09-04,CAM-NIK-216,Indiranagar,1,86199
2026-09-04,CAM-SON-205,Indiranagar,1,57599
2026-09-04,GAM-MIC-218,Indiranagar,1,50999
2026-09-04,GAM-NIN-226,Indiranagar,1,34099
2026-09-04,GAM-NIN-229,Indiranagar,1,50199
2026-09-04,GAM-SON-222,Indiranagar,1,49229
2026-09-04,HEA-BOA-189,Indiranagar,2,21299
2026-09-04,HEA-BOS-186,Indiranagar,1,15294
2026-09-04,HEA-BOS-190,Indiranagar,1,28799
2026-09-04,HEA-JBL-180,Indiranagar,1,20099
2026-09-04,HEA-JBL-185,Indiranagar,1,11339
2026-09-04,HEA-JBL-187,Indiranagar,1,23899
2026-09-04,HP-ANC-700,Indiranagar,1,19990
2026-09-04,LAP-ACE-118,Indiranagar,1,49589
2026-09-04,SMA-APP-199,Indiranagar,1,38999
2026-09-04,SMA-NOI-200,Indiranagar,1,30299
2026-09-04,SMA-ONE-103,Indiranagar,1,28499
2026-09-04,SMA-ONE-105,Indiranagar,1,49799
2026-09-04,SMA-SAM-113,Indiranagar,1,46079
2026-09-04,SMA-SAM-201,Indiranagar,1,5099
2026-09-04,TEL-LG-138,Indiranagar,1,81629
2026-09-04,TEL-SON-130,Indiranagar,1,58999
2026-09-04,TEL-XIA-136,Indiranagar,1,54899
2026-09-04,WAS-LG-160,Indiranagar,1,38189
2026-09-04,WAS-SAM-156,Indiranagar,1,25839
2026-09-04,WAS-SAM-163,Indiranagar,1,37709
2026-09-04,ACC-ANK-232,Jayanagar,1,2599
2026-09-04,ACC-MI-243,Jayanagar,1,2599
2026-09-04,ACC-POR-242,Jayanagar,2,1499
2026-09-04,AIR-DAI-176,Jayanagar,2,44649
2026-09-04,AIR-VOL-177,Jayanagar,2,34099
2026-09-04,CAM-CAN-214,Jayanagar,1,57299
2026-09-04,CAM-SON-208,Jayanagar,1,107499
2026-09-04,GAM-NIN-228,Jayanagar,1,44819
2026-09-04,GAM-SON-221,Jayanagar,1,43599
2026-09-04,GAM-SON-222,Jayanagar,1,49229
2026-09-04,HEA-BOA-183,Jayanagar,1,4409
2026-09-04,HEA-JBL-182,Jayanagar,1,22409
2026-09-04,LAP-DEL-121,Jayanagar,1,64299
2026-09-04,LAP-DEL-123,Jayanagar,1,99899
2026-09-04,LAP-LEN-126,Jayanagar,3,104784
2026-09-04,REF-GOD-148,Jayanagar,1,65799
2026-09-04,REF-LG-144,Jayanagar,1,30969
2026-09-04,SMA-NOI-197,Jayanagar,1,8399
2026-09-04,SMA-XIA-111,Jayanagar,1,59039
2026-09-04,TEL-SAM-133,Jayanagar,2,48899
2026-09-04,WAS-IFB-153,Jayanagar,2,21374
2026-09-04,WAS-LG-155,Jayanagar,1,39599
2026-09-04,WM-FL-8KG,Jayanagar,2,36990
2026-09-04,ACC-BEL-234,Koramangala,1,1499
2026-09-04,ACC-BEL-238,Koramangala,2,3199
2026-09-04,ACC-POR-236,Koramangala,1,449
2026-09-04,ACC-POR-242,Koramangala,1,1499
2026-09-04,AIR-BLU-167,Koramangala,2,61599
2026-09-04,AIR-DAI-172,Koramangala,1,58799
2026-09-04,AIR-LG-170,Koramangala,2,30779
2026-09-04,CAM-CAN-213,Koramangala,1,56619
2026-09-04,CAM-CAN-214,Koramangala,1,54434
2026-09-04,CAM-NIK-212,Koramangala,1,89549
2026-09-04,CAM-NIK-215,Koramangala,2,38519
2026-09-04,CAM-NIK-217,Koramangala,2,53279
2026-09-04,GAM-MIC-225,Koramangala,1,47159
2026-09-04,GAM-NIN-228,Koramangala,1,44819
2026-09-04,HEA-BOA-183,Koramangala,2,4654
2026-09-04,HEA-BOA-189,Koramangala,1,21299
2026-09-04,HEA-BOA-191,Koramangala,1,24999
2026-09-04,HEA-JBL-182,Koramangala,1,24899
2026-09-04,HEA-SON-179,Koramangala,1,6599
2026-09-04,HEA-SON-188,Koramangala,1,4599
2026-09-04,LAP-DEL-122,Koramangala,1,94399
2026-09-04,LAP-HP-114,Koramangala,1,45899
2026-09-04,LAP-LEN-116,Koramangala,1,90399
2026-09-04,REF-GOD-143,Koramangala,1,51299
2026-09-04,REF-LG-144,Koramangala,1,30969
2026-09-04,REF-LG-149,Koramangala,2,27699
2026-09-04,SMA-APP-199,Koramangala,1,38999
2026-09-04,SMA-NOI-194,Koramangala,1,3419
2026-09-04,SMA-NOI-195,Koramangala,1,28799
2026-09-04,SMA-ONE-106,Koramangala,2,84299
2026-09-04,SMA-SAM-113,Koramangala,1,48639
2026-09-04,SMA-SAM-193,Koramangala,5,11499
2026-09-04,SMA-SAM-201,Koramangala,1,4844
2026-09-04,TEL-LG-138,Koramangala,3,90699
2026-09-04,TEL-TCL-129,Koramangala,1,111149
2026-09-04,TEL-XIA-127,Koramangala,2,17479
2026-09-04,TV-55Q7,Koramangala,1,53091
2026-09-04,WAS-BOS-165,Koramangala,2,42299
2026-09-04,WAS-IFB-159,Koramangala,1,32964
2026-09-04,WM-FL-8KG,Koramangala,4,33291
2026-09-04,ACC-BEL-238,Malleshwaram,1,2879
2026-09-04,AIR-LG-170,Malleshwaram,3,32399
2026-09-04,CAM-CAN-206,Malleshwaram,4,67199
2026-09-04,CAM-NIK-212,Malleshwaram,1,99499
2026-09-04,CAM-NIK-215,Malleshwaram,1,40659
2026-09-04,CAM-NIK-216,Malleshwaram,1,77579
2026-09-04,GAM-MIC-223,Malleshwaram,3,48399
2026-09-04,GAM-MIC-225,Malleshwaram,1,52399
2026-09-04,GAM-NIN-226,Malleshwaram,2,34099
2026-09-04,GAM-NIN-229,Malleshwaram,2,50199
2026-09-04,GAM-SON-219,Malleshwaram,1,46259
2026-09-04,GAM-SON-221,Malleshwaram,2,41419
2026-09-04,GAM-SON-222,Malleshwaram,2,54699
2026-09-04,HEA-JBL-184,Malleshwaram,1,23399
2026-09-04,HEA-SON-179,Malleshwaram,1,6599
2026-09-04,LAP-ASU-120,Malleshwaram,2,73979
2026-09-04,LAP-DEL-123,Malleshwaram,2,99899
2026-09-04,LAP-HP-119,Malleshwaram,2,70399
2026-09-04,LAP-LEN-116,Malleshwaram,1,90399
2026-09-04,LAP-LEN-125,Malleshwaram,1,79699
2026-09-04,REF-GOD-140,Malleshwaram,5,27089
2026-09-04,REF-SAM-147,Malleshwaram,1,45199
2026-09-04,SMA-AMA-192,Malleshwaram,1,40299
2026-09-04,SMA-AMA-203,Malleshwaram,1,12899
2026-09-04,SMA-APP-109,Malleshwaram,1,39059
2026-09-04,SMA-APP-202,Malleshwaram,1,24889
2026-09-04,SMA-NOI-194,Malleshwaram,1,3239
2026-09-04,SMA-ONE-103,Malleshwaram,1,28499
2026-09-04,SMA-SAM-101,Malleshwaram,1,46599
2026-09-04,SMA-SAM-112,Malleshwaram,1,55099
2026-09-04,SW-FIT-3,Malleshwaram,1,8099
2026-09-04,TEL-SON-130,Malleshwaram,1,58999
2026-09-04,TEL-TCL-131,Malleshwaram,1,38799
2026-09-04,TEL-XIA-127,Malleshwaram,2,16559
2026-09-04,TV-55Q7,Malleshwaram,1,58990
2026-09-04,WAS-IFB-153,Malleshwaram,1,21374
2026-09-04,WAS-LG-160,Malleshwaram,1,40199
2026-09-04,WAS-WHI-161,Malleshwaram,1,17599
2026-09-04,ACC-ANK-232,Whitefield,1,2339
2026-09-04,ACC-POR-236,Whitefield,3,499
2026-09-04,ACC-POR-242,Whitefield,1,1424
2026-09-04,AIR-LG-169,Whitefield,1,28889
2026-09-04,AIR-LG-171,Whitefield,1,57699
2026-09-04,AIR-VOL-174,Whitefield,1,37299
2026-09-04,AIR-VOL-177,Whitefield,2,34099
2026-09-04,CAM-CAN-206,Whitefield,1,67199
2026-09-04,CAM-CAN-214,Whitefield,1,57299
2026-09-04,GAM-MIC-218,Whitefield,1,48449
2026-09-04,GAM-MIC-223,Whitefield,1,45979
2026-09-04,GAM-MIC-227,Whitefield,5,44899
2026-09-04,GAM-NIN-220,Whitefield,1,43599
2026-09-04,GAM-NIN-228,Whitefield,1,47309
2026-09-04,GAM-SON-221,Whitefield,1,41419
2026-09-04,HEA-BOA-191,Whitefield,1,22499
2026-09-04,HEA-SON-188,Whitefield,2,4139
2026-09-04,LAP-HP-114,Whitefield,1,45899
2026-09-04,LAP-LEN-117,Whitefield,1,58999
2026-09-04,REF-GOD-140,Whitefield,1,30099
2026-09-04,REF-LG-144,Whitefield,1,30969
2026-09-04,REF-LG-149,Whitefield,2,27699
2026-09-04,REF-WHI-145,Whitefield,1,51299
2026-09-04,SMA-AMA-192,Whitefield,1,38284
2026-09-04,SMA-APP-110,Whitefield,1,25399
2026-09-04,SMA-APP-199,Whitefield,1,37049
2026-09-04,SMA-APP-202,Whitefield,1,23579
2026-09-04,SMA-APP-204,Whitefield,1,42499
2026-09-04,SMA-NOI-195,Whitefield,3,27359
2026-09-04,SMA-NOI-200,Whitefield,1,30299
2026-09-04,SMA-SAM-101,Whitefield,4,44269
2026-09-04,TEL-LG-138,Whitefield,2,81629
2026-09-04,TEL-SAM-128,Whitefield,1,119499
2026-09-04,TEL-SON-135,Whitefield,1,46499
2026-09-04,TEL-XIA-127,Whitefield,1,18399
2026-09-04,TEL-XIA-132,Whitefield,1,102219
2026-09-04,TEL-XIA-136,Whitefield,1,49409
2026-09-04,WAS-IFB-153,Whitefield,1,20249
2026-09-05,ACC-ANK-233,HSR Layout,1,3399
2026-09-05,ACC-ANK-239,HSR Layout,1,1199
2026-09-05,ACC-BEL-231,HSR Layout,1,449
2026-09-05,ACC-POR-242,HSR Layout,1,1349
2026-09-05,AIR-DAI-172,HSR Layout,1,58799
2026-09-05,AIR-LG-168,HSR Layout,2,32999
2026-09-05,AIR-LG-169,HSR Layout,1,32099
2026-09-05,AIR-LG-170,HSR Layout,3,32399
2026-09-05,AIR-LG-171,HSR Layout,1,51929
2026-09-05,CAM-SON-208,HSR Layout,1,107499
2026-09-05,GAM-MIC-218,HSR Layout,2,50999
2026-09-05,GAM-SON-219,HSR Layout,2,48829
2026-09-05,HEA-BOA-183,HSR Layout,1,4654
2026-09-05,HEA-BOA-191,HSR Layout,4,24999
2026-09-05,HEA-BOS-186,HSR Layout,1,14489
2026-09-05,HEA-BOS-190,HSR Layout,1,25919
2026-09-05,HEA-JBL-182,HSR Layout,2,24899
2026-09-05,HEA-SON-179,HSR Layout,2,6269
2026-09-05,HEA-SON-188,HSR Layout,1,4599
2026-09-05,HP-ANC-700,HSR Layout,2,19990
2026-09-05,LAP-ACE-118,HSR Layout,1,52199
2026-09-05,LAP-DEL-122,HSR Layout,1,84959
2026-09-05,LAP-HP-114,HSR Layout,1,45899
2026-09-05,LAP-HP-119,HSR Layout,2,70399
2026-09-05,LAP-LEN-116,HSR Layout,1,85879
2026-09-05,LAP-LEN-125,HSR Layout,1,79699
2026-09-05,REF-GOD-142,HSR Layout,1,42199
2026-09-05,REF-LG-141,HSR Layout,1,80654
2026-09-05,REF-LG-144,HSR Layout,1,30969
2026-09-05,SMA-AMA-203,HSR Layout,1,11609
2026-09-05,SMA-APP-109,HSR Layout,1,43399
2026-09-05,SMA-APP-199,HSR Layout,1,35099
2026-09-05,SMA-NOI-194,HSR Layout,1,3599
2026-09-05,SMA-NOI-195,HSR Layout,2,25919
2026-09-05,SMA-ONE-106,HSR Layout,1,80084
2026-09-05,SMA-SAM-101,HSR Layout,1,46599
2026-09-05,SMA-SAM-201,HSR Layout,1,5099
2026-09-05,SW-FIT-3,HSR Layout,3,8549
2026-09-05,TEL-SON-130,HSR Layout,2,58999
2026-09-05,TEL-XIA-136,HSR Layout,3,54899
2026-09-05,TV-55Q7,HSR Layout,1,58990
2026-09-05,WAS-IFB-159,HSR Layout,1,32964
2026-09-05,WAS-WHI-164,HSR Layout,2,17099
2026-09-05,ACC-ANK-237,Indiranagar,3,2899
2026-09-05,ACC-ANK-239,Indiranagar,1,1199
2026-09-05,ACC-MI-243,Indiranagar,4,2599
2026-09-05,ACC-POR-236,Indiranagar,2,499
2026-09-05,AIR-BLU-173,Indiranagar,1,55399
2026-09-05,AIR-LG-166,Indiranagar,1,50499
2026-09-05,AIR-LG-169,Indiranagar,1,28889
2026-09-05,CAM-CAN-207,Indiranagar,3,96199
2026-09-05,CAM-NIK-209,Indiranagar,1,61739
2026-09-05,CAM-NIK-211,Indiranagar,1,105599
2026-09-05,GAM-MIC-227,Indiranagar,1,40409
2026-09-05,GAM-NIN-220,Indiranagar,1,41419
2026-09-05,GAM-SON-219,Indiranagar,1,46259
2026-09-05,HEA-BOA-189,Indiranagar,2,19169
2026-09-05,HEA-BOS-181,Indiranagar,2,9899
2026-09-05,HEA-BOS-190,Indiranagar,2,25919
2026-09-05,HEA-JBL-180,Indiranagar,1,20099
2026-09-05,HEA-JBL-185,Indiranagar,2,11339
2026-09-05,HP-ANC-700,Indiranagar,1,18990
2026-09-05,LAP-DEL-122,Indiranagar,1,89679
2026-09-05,LAP-DEL-124,Indiranagar,2,71009
2026-09-05,LAP-LEN-125,Indiranagar,2,79699
2026-09-05,LAP-LEN-126,Indiranagar,2,110299
2026-09-05,REF-GOD-143,Indiranagar,1,46169
2026-09-05,REF-GOD-146,Indiranagar,1,32679
2026-09-05,SMA-AMA-203,Indiranagar,2,12899
2026-09-05,SMA-APP-199,Indiranagar,1,38999
2026-09-05,SMA-APP-202,Indiranagar,1,26199
2026-09-05,SMA-NOI-194,Indiranagar,1,3419
2026-09-05,SMA-NOI-200,Indiranagar,1,28784
2026-09-05,SMA-ONE-106,Indiranagar,1,84299
2026-09-05,SMA-XIA-111,Indiranagar,1,65599
2026-09-05,TEL-SAM-128,Indiranagar,2,107549
2026-09-05,TEL-TCL-131,Indiranagar,2,38799
2026-09-05,TEL-TCL-137,Indiranagar,1,87029
2026-09-05,TEL-XIA-136,Indiranagar,1,54899
2026-09-05,TV-65U8,Indiranagar,1,64990
2026-09-05,WAS-IFB-159,Indiranagar,2,32964
2026-09-05,WAS-WHI-161,Indiranagar,2,16719
2026-09-05,WM-FL-8KG,Indiranagar,1,36990
2026-09-05,ACC-ANK-232,Jayanagar,1,2339
2026-09-05,ACC-BEL-231,Jayanagar,1,499
2026-09-05,ACC-BEL-234,Jayanagar,2,1499
2026-09-05,ACC-MI-240,Jayanagar,2,3899
2026-09-05,ACC-MI-243,Jayanagar,1,2339
2026-09-05,ACC-POR-242,Jayanagar,1,1499
2026-09-05,AIR-BLU-173,Jayanagar,1,55399
2026-09-05,AIR-DAI-176,Jayanagar,1,46999
2026-09-05,AIR-LG-166,Jayanagar,2,50499
2026-09-05,AIR-LG-170,Jayanagar,1,32399
2026-09-05,CAM-CAN-210,Jayanagar,1,83899
2026-09-05,CAM-NIK-216,Jayanagar,1,81889
2026-09-05,CAM-SON-205,Jayanagar,1,51839
2026-09-05,GAM-MIC-225,Jayanagar,1,52399
2026-09-05,GAM-NIN-220,Jayanagar,1,43599
2026-09-05,GAM-NIN-228,Jayanagar,2,49799
2026-09-05,GAM-SON-221,Jayanagar,1,41419
2026-09-05,GAM-SON-222,Jayanagar,2,51964
2026-09-05,HEA-BOS-181,Jayanagar,1,9404
2026-09-05,HEA-JBL-180,Jayanagar,1,20099
2026-09-05,HEA-JBL-182,Jayanagar,4,22409
2026-09-05,HEA-SON-188,Jayanagar,1,4599
2026-09-05,HP-ANC-700,Jayanagar,1,17991
2026-09-05,LAP-ASU-120,Jayanagar,1,82199
2026-09-05,LAP-DEL-123,Jayanagar,2,89909
2026-09-05,LAP-HP-119,Jayanagar,1,70399
2026-09-05,LAP-I5-G12,Jayanagar,1,54140
2026-09-05,REF-GOD-140,Jayanagar,3,28594
2026-09-05,REF-GOD-143,Jayanagar,1,51299
2026-09-05,REF-GOD-148,Jayanagar,1,65799
2026-09-05,REF-LG-150,Jayanagar,1,44459
2026-09-05,REF-LG-152,Jayanagar,1,75799
2026-09-05,REF-WHI-145,Jayanagar,2,54149
2026-09-05,SMA-AMA-192,Jayanagar,1,40299
2026-09-05,SMA-APP-109,Jayanagar,1,41229
2026-09-05,SMA-APP-198,Jayanagar,1,24794
2026-09-05,SMA-APP-204,Jayanagar,1,40374
2026-09-05,SMA-NOI-197,Jayanagar,1,8399
2026-09-05,SMA-ONE-103,Jayanagar,1,27074
2026-09-05,SMA-SAM-108,Jayanagar,1,55199
2026-09-05,SMA-SAM-112,Jayanagar,2,49589
2026-09-05,SMA-XIA-111,Jayanagar,2,62319
2026-09-05,SW-FIT-3,Jayanagar,1,8999
2026-09-05,TEL-SAM-133,Jayanagar,1,46454
2026-09-05,TEL-TCL-137,Jayanagar,1,96699
2026-09-05,TEL-XIA-132,Jayanagar,1,107599
2026-09-05,TEL-XIA-136,Jayanagar,1,54899
2026-09-05,WAS-BOS-165,Jayanagar,2,38069
2026-09-05,WAS-IFB-162,Jayanagar,1,16699
2026-09-05,WAS-SAM-163,Jayanagar,1,37709
2026-09-05,WM-FL-8KG,Jayanagar,3,33291
2026-09-05,ACC-BEL-231,Koramangala,1,499
2026-09-05,ACC-BEL-238,Koramangala,2,2879
2026-09-05,ACC-POR-235,Koramangala,1,539
2026-09-05,ACC-POR-236,Koramangala,1,449
2026-09-05,ACC-POR-241,Koramangala,1,1599
2026-09-05,AIR-BLU-167,Koramangala,1,55439
2026-09-05,AIR-DAI-172,Koramangala,1,58799
2026-09-05,AIR-LG-170,Koramangala,1,32399
2026-09-05,CAM-CAN-206,Koramangala,1,67199
2026-09-05,CAM-CAN-213,Koramangala,1,59599
2026-09-05,CAM-NIK-212,Koramangala,1,99499
2026-09-05,CAM-NIK-215,Koramangala,3,40659
2026-09-05,CAM-NIK-217,Koramangala,2,59199
2026-09-05,GAM-MIC-218,Koramangala,1,50999
2026-09-05,GAM-NIN-220,Koramangala,2,43599
2026-09-05,GAM-NIN-226,Koramangala,1,32394
2026-09-05,GAM-NIN-228,Koramangala,2,44819
2026-09-05,GAM-SON-219,Koramangala,2,48829
2026-09-05,HEA-BOA-183,Koramangala,1,4409
2026-09-05,HEA-BOA-189,Koramangala,1,21299
2026-09-05,HEA-BOA-191,Koramangala,1,24999
2026-09-05,HEA-BOS-181,Koramangala,1,8909
2026-09-05,HEA-JBL-187,Koramangala,2,23899
2026-09-05,LAP-ACE-118,Koramangala,1,52199
2026-09-05,LAP-DEL-122,Koramangala,2,89679
2026-09-05,LAP-HP-114,Koramangala,1,43604
2026-09-05,LAP-LEN-116,Koramangala,1,90399
2026-09-05,REF-GOD-140,Koramangala,1,28594
2026-09-05,REF-GOD-143,Koramangala,1,51299
2026-09-05,REF-GOD-146,Koramangala,1,34399
2026-09-05,REF-LG-141,Koramangala,1,80654
2026-09-05,REF-LG-149,Koramangala,3,27699
2026-09-05,SMA-APP-199,Koramangala,1,38999
2026-09-05,SMA-NOI-195,Koramangala,2,25919
2026-09-05,SMA-NOI-197,Koramangala,1,7979
2026-09-05,SMA-ONE-106,Koramangala,1,80084
2026-09-05,SMA-ONE-107,Koramangala,1,66499
2026-09-05,SMA-SAM-101,Koramangala,2,46599
2026-09-05,SMA-SAM-108,Koramangala,1,55199
2026-09-05,SMA-SAM-112,Koramangala,1,55099
2026-09-05,SMA-SAM-113,Koramangala,1,51199
2026-09-05,SMA-SAM-193,Koramangala,8,11499
2026-09-05,SMA-SAM-196,Koramangala,1,18999
2026-09-05,SW-FIT-3,Koramangala,2,8999
2026-09-05,TEL-LG-138,Koramangala,1,90699
2026-09-05,TEL-TCL-129,Koramangala,3,116999
2026-09-05,TEL-XIA-127,Koramangala,2,18399
2026-09-05,TEL-XIA-132,Koramangala,4,107599
2026-09-05,TV-55Q7,Koramangala,1,58990
2026-09-05,TV-65U8,Koramangala,1,64990
2026-09-05,WAS-BOS-165,Koramangala,1,40184
2026-09-05,WAS-IFB-153,Koramangala,1,20249
2026-09-05,WAS-IFB-159,Koramangala,2,32964
2026-09-05,WAS-LG-160,Koramangala,1,38189
2026-09-05,WAS-WHI-154,Koramangala,1,45979
2026-09-05,WM-FL-8KG,Koramangala,3,35140
2026-09-05,ACC-POR-241,Malleshwaram,2,1599
2026-09-05,AIR-BLU-178,Malleshwaram,1,39199
2026-09-05,AIR-LG-168,Malleshwaram,1,29699
2026-09-05,AIR-LG-169,Malleshwaram,1,28889
2026-09-05,AIR-LG-170,Malleshwaram,1,32399
2026-09-05,AIR-VOL-177,Malleshwaram,1,34099
2026-09-05,CAM-CAN-206,Malleshwaram,5,60479
2026-09-05,CAM-NIK-212,Malleshwaram,1,99499
2026-09-05,CAM-NIK-215,Malleshwaram,1,40659
2026-09-05,CAM-NIK-216,Malleshwaram,1,86199
2026-09-05,GAM-MIC-223,Malleshwaram,2,48399
2026-09-05,GAM-MIC-225,Malleshwaram,2,49779
2026-09-05,GAM-MIC-227,Malleshwaram,2,44899
2026-09-05,GAM-NIN-220,Malleshwaram,1,43599
2026-09-05,GAM-NIN-226,Malleshwaram,3,34099
2026-09-05,GAM-NIN-228,Malleshwaram,1,47309
2026-09-05,HEA-BOA-183,Malleshwaram,3,4899
2026-09-05,HEA-BOS-190,Malleshwaram,2,28799
2026-09-05,HEA-JBL-180,Malleshwaram,1,18089
2026-09-05,HEA-JBL-187,Malleshwaram,1,23899
2026-09-05,HP-ANC-700,Malleshwaram,1,19990
2026-09-05,LAP-ACE-118,Malleshwaram,1,46979
2026-09-05,LAP-ASU-120,Malleshwaram,1,73979
2026-09-05,LAP-DEL-115,Malleshwaram,1,112999
2026-09-05,LAP-DEL-121,Malleshwaram,1,57869
2026-09-05,LAP-DEL-123,Malleshwaram,1,99899
2026-09-05,LAP-DEL-124,Malleshwaram,1,74954
2026-09-05,LAP-HP-114,Malleshwaram,1,41309
2026-09-05,LAP-HP-119,Malleshwaram,1,70399
2026-09-05,LAP-LEN-125,Malleshwaram,1,79699
2026-09-05,LAP-LEN-126,Malleshwaram,1,110299
2026-09-05,REF-GOD-148,Malleshwaram,2,65799
2026-09-05,SMA-APP-110,Malleshwaram,2,25399
2026-09-05,SMA-APP-198,Malleshwaram,1,26099
2026-09-05,SMA-APP-202,Malleshwaram,1,26199
2026-09-05,SMA-APP-204,Malleshwaram,1,40374
2026-09-05,SMA-NOI-197,Malleshwaram,1,7979
2026-09-05,SMA-ONE-103,Malleshwaram,2,27074
2026-09-05,SMA-ONE-106,Malleshwaram,1,84299
2026-09-05,SMA-SAM-113,Malleshwaram,1,51199
2026-09-05,TEL-LG-138,Malleshwaram,1,90699
2026-09-05,TEL-SON-135,Malleshwaram,1,41849
2026-09-05,TEL-XIA-127,Malleshwaram,1,18399
2026-09-05,WAS-BOS-165,Malleshwaram,1,40184
2026-09-05,WAS-SAM-156,Malleshwaram,3,27199
2026-09-05,WAS-SAM-163,Malleshwaram,2,39804
2026-09-05,ACC-ANK-232,Whitefield,1,2339
2026-09-05,ACC-ANK-233,Whitefield,1,3399
2026-09-05,ACC-BEL-231,Whitefield,2,499
2026-09-05,ACC-BEL-234,Whitefield,1,1499
2026-09-05,ACC-BEL-238,Whitefield,1,3199
2026-09-05,ACC-MI-243,Whitefield,2,2599
2026-09-05,AIR-LG-169,Whitefield,1,32099
2026-09-05,AIR-LG-171,Whitefield,1,57699
2026-09-05,AIR-VOL-174,Whitefield,1,37299
2026-09-05,AIR-VOL-177,Whitefield,1,34099
2026-09-05,CAM-CAN-214,Whitefield,1,57299
2026-09-05,CAM-NIK-209,Whitefield,1,61739
2026-09-05,GAM-MIC-223,Whitefield,2,45979
2026-09-05,GAM-MIC-227,Whitefield,1,42654
2026-09-05,GAM-MIC-230,Whitefield,1,28784
2026-09-05,GAM-NIN-224,Whitefield,1,31199
2026-09-05,GAM-SON-219,Whitefield,2,48829
2026-09-05,HEA-BOA-189,Whitefield,1,20234
2026-09-05,HEA-BOA-191,Whitefield,1,22499
2026-09-05,HEA-BOS-181,Whitefield,1,9899
2026-09-05,HEA-JBL-180,Whitefield,1,20099
2026-09-05,HEA-JBL-185,Whitefield,1,12599
2026-09-05,HEA-JBL-187,Whitefield,1,21509
2026-09-05,HEA-SON-188,Whitefield,2,4369
2026-09-05,HP-ANC-700,Whitefield,1,19990
2026-09-05,LAP-DEL-121,Whitefield,3,57869
2026-09-05,LAP-DEL-124,Whitefield,1,71009
2026-09-05,LAP-HP-119,Whitefield,1,63359
2026-09-05,LAP-LEN-125,Whitefield,4,79699
2026-09-05,REF-GOD-146,Whitefield,3,30959
2026-09-05,REF-LG-149,Whitefield,1,27699
2026-09-05,REF-LG-150,Whitefield,1,46929
2026-09-05,REF-SAM-147,Whitefield,2,45199
2026-09-05,REF-WHI-145,Whitefield,1,56999
2026-09-05,SMA-APP-109,Whitefield,2,43399
2026-09-05,SMA-APP-198,Whitefield,1,23489
2026-09-05,SMA-APP-202,Whitefield,2,26199
2026-09-05,SMA-APP-204,Whitefield,1,42499
2026-09-05,SMA-NOI-195,Whitefield,2,27359
2026-09-05,SMA-ONE-105,Whitefield,1,44819
2026-09-05,SMA-SAM-101,Whitefield,1,44269
2026-09-05,SMA-SAM-112,Whitefield,1,55099
2026-09-05,SMA-SAM-113,Whitefield,2,51199
2026-09-05,SMA-XIA-104,Whitefield,1,69064
2026-09-05,TEL-LG-138,Whitefield,3,86164
2026-09-05,TEL-SAM-128,Whitefield,1,119499
2026-09-05,TEL-SON-135,Whitefield,1,41849
2026-09-05,TEL-XIA-132,Whitefield,1,96839
2026-09-05,WAS-IFB-153,Whitefield,1,22499
2026-09-06,ACC-ANK-239,HSR Layout,1,1199
2026-09-06,ACC-POR-241,HSR Layout,1,1599
2026-09-06,AIR-DAI-172,HSR Layout,1,58799
2026-09-06,AIR-LG-166,HSR Layout,1,47974
2026-09-06,AIR-LG-168,HSR Layout,1,31349
2026-09-06,AIR-LG-169,HSR Layout,1,28889
2026-09-06,AIR-LG-170,HSR Layout,3,32399
2026-09-06,CAM-SON-208,HSR Layout,1,107499
2026-09-06,GAM-MIC-225,HSR Layout,1,49779
2026-09-06,GAM-NIN-224,HSR Layout,1,31199
2026-09-06,GAM-NIN-228,HSR Layout,1,44819
2026-09-06,GAM-SON-219,HSR Layout,2,48829
2026-09-06,GAM-SON-222,HSR Layout,1,49229
2026-09-06,HEA-BOA-183,HSR Layout,1,4654
2026-09-06,HEA-BOS-181,HSR Layout,1,9899
2026-09-06,HEA-BOS-186,HSR Layout,1,14489
2026-09-06,LAP-HP-114,HSR Layout,1,41309
2026-09-06,LAP-HP-119,HSR Layout,1,66879
2026-09-06,LAP-LEN-116,HSR Layout,1,90399
2026-09-06,LAP-LEN-125,HSR Layout,1,79699
2026-09-06,REF-GOD-146,HSR Layout,1,34399
2026-09-06,REF-LG-141,HSR Layout,1,80654
2026-09-06,REF-LG-150,HSR Layout,1,44459
2026-09-06,SMA-APP-109,HSR Layout,2,43399
2026-09-06,SMA-APP-202,HSR Layout,1,26199
2026-09-06,SMA-APP-204,HSR Layout,2,42499
2026-09-06,SMA-NOI-194,HSR Layout,3,3419
2026-09-06,SMA-NOI-195,HSR Layout,3,27359
2026-09-06,SMA-ONE-106,HSR Layout,1,84299
2026-09-06,SMA-ONE-107,HSR Layout,1,66499
2026-09-06,SMA-SAM-101,HSR Layout,1,46599
2026-09-06,SMA-SAM-113,HSR Layout,1,51199
2026-09-06,SMA-SAM-196,HSR Layout,1,18999
2026-09-06,TEL-SON-130,HSR Layout,2,58999
2026-09-06,TEL-SON-139,HSR Layout,1,73299
2026-09-06,TEL-TCL-137,HSR Layout,2,87029
2026-09-06,TEL-XIA-136,HSR Layout,1,52154
2026-09-06,TV-55Q7,HSR Layout,1,58990
2026-09-06,WAS-BOS-158,HSR Layout,1,32299
2026-09-06,WAS-LG-155,HSR Layout,1,43999
2026-09-06,WAS-WHI-154,HSR Layout,2,45979
2026-09-06,ACC-ANK-232,Indiranagar,1,2469
2026-09-06,ACC-ANK-237,Indiranagar,4,2899
2026-09-06,ACC-BEL-234,Indiranagar,1,1349
2026-09-06,ACC-MI-243,Indiranagar,1,2599
2026-09-06,ACC-POR-236,Indiranagar,2,499
2026-09-06,AIR-BLU-167,Indiranagar,1,55439
2026-09-06,AIR-BLU-173,Indiranagar,1,52629
2026-09-06,AIR-DAI-172,Indiranagar,1,58799
2026-09-06,AIR-LG-166,Indiranagar,1,50499
2026-09-06,CAM-NIK-211,Indiranagar,2,95039
2026-09-06,CAM-SON-208,Indiranagar,1,96749
2026-09-06,GAM-NIN-220,Indiranagar,1,43599
2026-09-06,GAM-NIN-229,Indiranagar,3,47689
2026-09-06,HEA-BOA-189,Indiranagar,2,21299
2026-09-06,HEA-BOS-181,Indiranagar,1,9899
2026-09-06,HEA-JBL-180,Indiranagar,2,20099
2026-09-06,HEA-JBL-185,Indiranagar,3,12599
2026-09-06,HEA-JBL-187,Indiranagar,1,23899
2026-09-06,HP-ANC-700,Indiranagar,5,18990
2026-09-06,LAP-ACE-118,Indiranagar,2,52199
2026-09-06,LAP-ASU-120,Indiranagar,1,82199
2026-09-06,LAP-HP-114,Indiranagar,1,41309
2026-09-06,LAP-I5-G12,Indiranagar,1,51291
2026-09-06,REF-GOD-140,Indiranagar,1,30099
2026-09-06,REF-GOD-143,Indiranagar,1,51299
2026-09-06,REF-LG-149,Indiranagar,1,26314
2026-09-06,REF-LG-151,Indiranagar,1,57499
2026-09-06,REF-LG-152,Indiranagar,2,68219
2026-09-06,SMA-AMA-192,Indiranagar,1,40299
2026-09-06,SMA-APP-199,Indiranagar,1,35099
2026-09-06,SMA-APP-202,Indiranagar,1,26199
2026-09-06,SMA-APP-204,Indiranagar,1,40374
2026-09-06,SMA-ONE-107,Indiranagar,1,63174
2026-09-06,SMA-SAM-108,Indiranagar,1,49679
2026-09-06,SMA-SAM-112,Indiranagar,1,49589
2026-09-06,SMA-SAM-113,Indiranagar,1,51199
2026-09-06,SMA-SAM-196,Indiranagar,1,18999
2026-09-06,SMA-SAM-201,Indiranagar,1,5099
2026-09-06,TEL-SON-130,Indiranagar,1,58999
2026-09-06,TEL-SON-135,Indiranagar,1,46499
2026-09-06,TEL-TCL-131,Indiranagar,1,38799
2026-09-06,TEL-XIA-132,Indiranagar,2,107599
2026-09-06,TEL-XIA-136,Indiranagar,2,54899
2026-09-06,WAS-IFB-159,Indiranagar,1,34699
2026-09-06,WAS-LG-160,Indiranagar,1,40199
2026-09-06,WAS-WHI-161,Indiranagar,1,17599
2026-09-06,WAS-WHI-164,Indiranagar,1,17099
2026-09-06,ACC-ANK-232,Jayanagar,1,2599
2026-09-06,ACC-BEL-231,Jayanagar,1,499
2026-09-06,ACC-BEL-238,Jayanagar,2,3199
2026-09-06,AIR-LG-170,Jayanagar,3,30779
2026-09-06,AIR-VOL-177,Jayanagar,2,32394
2026-09-06,CAM-SON-205,Jayanagar,1,54719
2026-09-06,GAM-MIC-225,Jayanagar,2,52399
2026-09-06,GAM-NIN-220,Jayanagar,1,41419
2026-09-06,GAM-NIN-228,Jayanagar,1,49799
2026-09-06,GAM-SON-221,Jayanagar,1,43599
2026-09-06,HP-ANC-700,Jayanagar,1,17991
2026-09-06,LAP-DEL-121,Jayanagar,1,57869
2026-09-06,LAP-DEL-124,Jayanagar,2,78899
2026-09-06,LAP-LEN-116,Jayanagar,1,81359
2026-09-06,LAP-LEN-117,Jayanagar,1,53099
2026-09-06,LAP-LEN-126,Jayanagar,2,110299
2026-09-06,REF-GOD-140,Jayanagar,3,30099
2026-09-06,REF-GOD-143,Jayanagar,1,46169
2026-09-06,REF-LG-141,Jayanagar,1,84899
2026-09-06,REF-WHI-145,Jayanagar,2,51299
2026-09-06,SMA-APP-204,Jayanagar,1,38249
2026-09-06,SMA-NOI-200,Jayanagar,1,28784
2026-09-06,SMA-ONE-107,Jayanagar,1,66499
2026-09-06,SMA-SAM-193,Jayanagar,2,11499
2026-09-06,SMA-XIA-111,Jayanagar,1,65599
2026-09-06,TEL-SON-135,Jayanagar,1,46499
2026-09-06,TEL-SON-139,Jayanagar,2,69634
2026-09-06,TEL-TCL-131,Jayanagar,1,38799
2026-09-06,TEL-XIA-132,Jayanagar,1,107599
2026-09-06,TEL-XIA-136,Jayanagar,1,49409
2026-09-06,TV-55Q7,Jayanagar,1,58990
2026-09-06,WAS-BOS-165,Jayanagar,1,38069
2026-09-06,WAS-IFB-153,Jayanagar,1,21374
2026-09-06,WAS-IFB-157,Jayanagar,2,33499
2026-09-06,WAS-IFB-162,Jayanagar,1,15029
2026-09-06,WAS-LG-155,Jayanagar,1,43999
2026-09-06,WAS-WHI-161,Jayanagar,2,17599
2026-09-06,WM-FL-8KG,Jayanagar,1,35140
2026-09-06,ACC-POR-236,Koramangala,2,499
2026-09-06,AIR-BLU-167,Koramangala,1,61599
2026-09-06,AIR-DAI-172,Koramangala,2,58799
2026-09-06,AIR-LG-170,Koramangala,1,32399
2026-09-06,CAM-CAN-207,Koramangala,1,96199
2026-09-06,CAM-CAN-213,Koramangala,1,59599
2026-09-06,CAM-NIK-209,Koramangala,1,61739
2026-09-06,CAM-NIK-215,Koramangala,1,38519
2026-09-06,CAM-NIK-217,Koramangala,1,53279
2026-09-06,CAM-SON-208,Koramangala,2,96749
2026-09-06,GAM-MIC-225,Koramangala,4,52399
2026-09-06,GAM-NIN-220,Koramangala,2,43599
2026-09-06,GAM-NIN-226,Koramangala,1,34099
2026-09-06,GAM-NIN-229,Koramangala,1,50199
2026-09-06,GAM-SON-219,Koramangala,4,48829
2026-09-06,HEA-BOA-189,Koramangala,1,21299
2026-09-06,HEA-BOA-191,Koramangala,1,24999
2026-09-06,HEA-SON-179,Koramangala,2,6599
2026-09-06,HEA-SON-188,Koramangala,1,4599
2026-09-06,LAP-ACE-118,Koramangala,1,52199
2026-09-06,LAP-HP-114,Koramangala,1,45899
2026-09-06,LAP-I5-G12,Koramangala,1,56990
2026-09-06,LAP-LEN-116,Koramangala,1,90399
2026-09-06,LAP-LEN-126,Koramangala,1,110299
2026-09-06,REF-GOD-143,Koramangala,3,51299
2026-09-06,REF-GOD-148,Koramangala,3,59219
2026-09-06,REF-LG-149,Koramangala,1,27699
2026-09-06,REF-LG-152,Koramangala,1,75799
2026-09-06,SMA-APP-110,Koramangala,1,22859
2026-09-06,SMA-APP-202,Koramangala,1,26199
2026-09-06,SMA-NOI-195,Koramangala,1,28799
2026-09-06,SMA-NOI-197,Koramangala,1,8399
2026-09-06,SMA-ONE-106,Koramangala,2,84299
2026-09-06,SMA-SAM-108,Koramangala,2,55199
2026-09-06,SMA-SAM-112,Koramangala,2,55099
2026-09-06,SMA-SAM-193,Koramangala,2,11499
2026-09-06,TEL-LG-138,Koramangala,1,90699
2026-09-06,TEL-SON-135,Koramangala,2,46499
2026-09-06,TEL-TCL-131,Koramangala,2,36859
2026-09-06,TEL-XIA-132,Koramangala,5,107599
2026-09-06,TEL-XIA-136,Koramangala,3,54899
2026-09-06,TV-55Q7,Koramangala,2,58990
2026-09-06,WAS-IFB-153,Koramangala,1,22499
2026-09-06,WAS-IFB-159,Koramangala,1,32964
2026-09-06,WAS-WHI-154,Koramangala,1,43559
2026-09-06,WAS-WHI-164,Koramangala,2,17099
2026-09-06,WM-FL-8KG,Koramangala,1,33291
2026-09-06,ACC-MI-240,Malleshwaram,1,3704
2026-09-06,ACC-POR-241,Malleshwaram,1,1599
2026-09-06,AIR-LG-166,Malleshwaram,1,50499
2026-09-06,AIR-LG-170,Malleshwaram,3,32399
2026-09-06,CAM-CAN-206,Malleshwaram,2,63839
2026-09-06,CAM-NIK-215,Malleshwaram,1,42799
2026-09-06,CAM-NIK-216,Malleshwaram,2,86199
2026-09-06,CAM-SON-205,Malleshwaram,1,57599
2026-09-06,CAM-SON-208,Malleshwaram,2,107499
2026-09-06,GAM-NIN-226,Malleshwaram,3,34099
2026-09-06,GAM-NIN-229,Malleshwaram,2,47689
2026-09-06,GAM-SON-221,Malleshwaram,1,43599
2026-09-06,GAM-SON-222,Malleshwaram,1,54699
2026-09-06,HEA-BOA-183,Malleshwaram,1,4899
2026-09-06,HEA-BOA-191,Malleshwaram,1,24999
2026-09-06,HP-ANC-700,Malleshwaram,1,17991
2026-09-06,LAP-ASU-120,Malleshwaram,1,82199
2026-09-06,LAP-DEL-115,Malleshwaram,3,112999
2026-09-06,LAP-DEL-123,Malleshwaram,1,99899
2026-09-06,LAP-HP-114,Malleshwaram,2,41309
2026-09-06,LAP-LEN-116,Malleshwaram,1,85879
2026-09-06,LAP-LEN-125,Malleshwaram,3,75714
2026-09-06,REF-GOD-140,Malleshwaram,3,27089
2026-09-06,REF-GOD-148,Malleshwaram,1,65799
2026-09-06,REF-LG-144,Malleshwaram,1,32599
2026-09-06,REF-LG-150,Malleshwaram,1,44459
2026-09-06,REF-WHI-145,Malleshwaram,1,56999
2026-09-06,SMA-APP-109,Malleshwaram,2,39059
2026-09-06,SMA-APP-199,Malleshwaram,1,35099
2026-09-06,SMA-NOI-194,Malleshwaram,1,3239
2026-09-06,SMA-NOI-197,Malleshwaram,2,7559
2026-09-06,SMA-ONE-106,Malleshwaram,1,75869
2026-09-06,SMA-ONE-107,Malleshwaram,1,66499
2026-09-06,SMA-SAM-108,Malleshwaram,2,49679
2026-09-06,SMA-SAM-113,Malleshwaram,1,48639
2026-09-06,SMA-SAM-196,Malleshwaram,1,17099
2026-09-06,SMA-SAM-201,Malleshwaram,1,5099
2026-09-06,SMA-XIA-104,Malleshwaram,1,72699
2026-09-06,TEL-SAM-128,Malleshwaram,1,119499
2026-09-06,TV-65U8,Malleshwaram,1,58491
2026-09-06,WAS-BOS-165,Malleshwaram,1,42299
2026-09-06,WAS-IFB-159,Malleshwaram,2,34699
2026-09-06,WAS-SAM-156,Malleshwaram,2,27199
2026-09-06,WAS-WHI-161,Malleshwaram,1,16719
2026-09-06,ACC-ANK-233,Whitefield,1,3399
2026-09-06,ACC-BEL-231,Whitefield,1,474
2026-09-06,ACC-BEL-234,Whitefield,1,1424
2026-09-06,ACC-MI-243,Whitefield,1,2599
2026-09-06,ACC-POR-235,Whitefield,1,599
2026-09-06,ACC-POR-236,Whitefield,1,499
2026-09-06,AIR-VOL-174,Whitefield,2,35434
2026-09-06,AIR-VOL-177,Whitefield,1,34099
2026-09-06,CAM-NIK-215,Whitefield,1,42799
2026-09-06,CAM-SON-208,Whitefield,1,107499
2026-09-06,GAM-MIC-227,Whitefield,1,40409
2026-09-06,GAM-NIN-229,Whitefield,1,50199
2026-09-06,GAM-SON-222,Whitefield,1,54699
2026-09-06,HEA-JBL-180,Whitefield,3,20099
2026-09-06,HEA-JBL-185,Whitefield,1,11969
2026-09-06,HEA-JBL-187,Whitefield,1,23899
2026-09-06,HEA-SON-188,Whitefield,2,4369
2026-09-06,LAP-ACE-118,Whitefield,1,52199
2026-09-06,LAP-ASU-120,Whitefield,1,82199
2026-09-06,LAP-DEL-123,Whitefield,1,89909
2026-09-06,LAP-DEL-124,Whitefield,2,74954
2026-09-06,LAP-HP-119,Whitefield,1,70399
2026-09-06,LAP-LEN-117,Whitefield,1,58999
2026-09-06,LAP-LEN-126,Whitefield,1,110299
2026-09-06,REF-LG-144,Whitefield,1,32599
2026-09-06,REF-LG-149,Whitefield,2,27699
2026-09-06,REF-SAM-147,Whitefield,1,40679
2026-09-06,REF-WHI-145,Whitefield,2,56999
2026-09-06,SMA-APP-199,Whitefield,1,38999
2026-09-06,SMA-APP-204,Whitefield,1,42499
2026-09-06,SMA-NOI-195,Whitefield,1,28799
2026-09-06,SMA-ONE-103,Whitefield,1,27074
2026-09-06,SMA-ONE-105,Whitefield,1,44819
2026-09-06,SMA-SAM-101,Whitefield,3,46599
2026-09-06,SMA-SAM-112,Whitefield,2,49589
2026-09-06,SMA-SAM-113,Whitefield,1,51199
2026-09-06,TEL-LG-138,Whitefield,4,81629
2026-09-06,TEL-SAM-128,Whitefield,3,119499
2026-09-06,TEL-SON-139,Whitefield,2,65969
2026-09-06,TEL-XIA-132,Whitefield,1,107599
2026-09-06,TEL-XIA-136,Whitefield,1,49409
2026-09-06,WAS-IFB-153,Whitefield,1,22499
2026-09-06,WAS-WHI-161,Whitefield,1,15839
2026-09-07,ACC-ANK-233,HSR Layout,1,3399
2026-09-07,ACC-ANK-239,HSR Layout,1,1139
2026-09-07,ACC-POR-242,HSR Layout,3,1349
2026-09-07,AIR-BLU-167,HSR Layout,1,61599
2026-09-07,AIR-DAI-172,HSR Layout,1,58799
2026-09-07,AIR-LG-166,HSR Layout,1,50499
2026-09-07,AIR-LG-168,HSR Layout,2,32999
2026-09-07,AIR-VOL-174,HSR Layout,1,37299
2026-09-07,CAM-CAN-213,HSR Layout,1,53639
2026-09-07,CAM-CAN-214,HSR Layout,1,54434
2026-09-07,CAM-NIK-209,HSR Layout,1,68599
2026-09-07,CAM-NIK-211,HSR Layout,1,105599
2026-09-07,GAM-NIN-224,HSR Layout,1,31199
2026-09-07,GAM-NIN-228,HSR Layout,3,44819
2026-09-07,HEA-BOA-183,HSR Layout,1,4654
2026-09-07,HEA-BOA-189,HSR Layout,2,21299
2026-09-07,HEA-BOA-191,HSR Layout,1,24999
2026-09-07,HEA-BOS-181,HSR Layout,1,8909
2026-09-07,HEA-BOS-190,HSR Layout,1,25919
2026-09-07,HEA-JBL-182,HSR Layout,3,24899
2026-09-07,HEA-SON-179,HSR Layout,1,5939
2026-09-07,HP-ANC-700,HSR Layout,1,19990
2026-09-07,LAP-ASU-120,HSR Layout,1,78089
2026-09-07,LAP-DEL-122,HSR Layout,1,94399
2026-09-07,LAP-HP-119,HSR Layout,1,63359
2026-09-07,LAP-LEN-125,HSR Layout,2,79699
2026-09-07,REF-GOD-148,HSR Layout,1,59219
2026-09-07,SMA-APP-109,HSR Layout,1,43399
2026-09-07,SMA-APP-199,HSR Layout,2,35099
2026-09-07,SMA-APP-204,HSR Layout,2,42499
2026-09-07,SMA-NOI-194,HSR Layout,4,3599
2026-09-07,SMA-NOI-195,HSR Layout,1,28799
2026-09-07,SMA-NOI-200,HSR Layout,1,27269
2026-09-07,SMA-SAM-101,HSR Layout,1,46599
2026-09-07,SMA-SAM-201,HSR Layout,1,4844
2026-09-07,SMA-XIA-111,HSR Layout,1,65599
2026-09-07,SW-FIT-3,HSR Layout,1,8549
2026-09-07,TEL-TCL-131,HSR Layout,1,36859
2026-09-07,TEL-TCL-137,HSR Layout,2,96699
2026-09-07,TEL-XIA-132,HSR Layout,2,107599
2026-09-07,TEL-XIA-136,HSR Layout,1,52154
2026-09-07,TV-55Q7,HSR Layout,1,53091
2026-09-07,WAS-BOS-165,HSR Layout,1,42299
2026-09-07,WAS-IFB-159,HSR Layout,1,34699
2026-09-07,WM-FL-8KG,HSR Layout,1,35140
2026-09-07,ACC-ANK-237,Indiranagar,2,2609
2026-09-07,ACC-BEL-231,Indiranagar,1,499
2026-09-07,ACC-MI-243,Indiranagar,2,2599
2026-09-07,ACC-POR-235,Indiranagar,1,599
2026-09-07,ACC-POR-241,Indiranagar,3,1519
2026-09-07,ACC-POR-242,Indiranagar,3,1349
2026-09-07,AIR-BLU-173,Indiranagar,1,52629
2026-09-07,AIR-LG-169,Indiranagar,1,28889
2026-09-07,AIR-VOL-177,Indiranagar,1,34099
2026-09-07,CAM-CAN-207,Indiranagar,3,96199
2026-09-07,CAM-CAN-213,Indiranagar,1,59599
2026-09-07,CAM-NIK-211,Indiranagar,2,105599
2026-09-07,GAM-MIC-230,Indiranagar,3,27269
2026-09-07,GAM-NIN-220,Indiranagar,1,39239
2026-09-07,GAM-NIN-229,Indiranagar,2,50199
2026-09-07,GAM-SON-221,Indiranagar,1,43599
2026-09-07,GAM-SON-222,Indiranagar,2,54699
2026-09-07,HEA-BOS-190,Indiranagar,1,28799
2026-09-07,HEA-JBL-180,Indiranagar,1,20099
2026-09-07,HEA-JBL-185,Indiranagar,3,11339
2026-09-07,HEA-JBL-187,Indiranagar,1,23899
2026-09-07,HEA-SON-179,Indiranagar,1,6269
2026-09-07,HP-ANC-700,Indiranagar,3,19990
2026-09-07,LAP-ACE-118,Indiranagar,1,52199
2026-09-07,LAP-LEN-116,Indiranagar,1,90399
2026-09-07,REF-GOD-142,Indiranagar,1,42199
2026-09-07,REF-LG-152,Indiranagar,2,75799
2026-09-07,REF-WHI-145,Indiranagar,1,54149
2026-09-07,SMA-AMA-192,Indiranagar,1,36269
2026-09-07,SMA-AMA-203,Indiranagar,1,12254
2026-09-07,SMA-APP-199,Indiranagar,1,38999
2026-09-07,SMA-SAM-201,Indiranagar,1,5099
2026-09-07,TEL-TCL-137,Indiranagar,1,96699
2026-09-07,TEL-XIA-127,Indiranagar,1,16559
2026-09-07,WAS-BOS-158,Indiranagar,1,33999
2026-09-07,ACC-BEL-238,Jayanagar,1,3199
2026-09-07,AIR-BLU-167,Jayanagar,1,61599
2026-09-07,AIR-LG-169,Jayanagar,1,32099
2026-09-07,AIR-LG-170,Jayanagar,1,30779
2026-09-07,AIR-VOL-174,Jayanagar,1,35434
2026-09-07,AIR-VOL-177,Jayanagar,1,34099
2026-09-07,CAM-NIK-215,Jayanagar,2,40659
2026-09-07,CAM-NIK-216,Jayanagar,1,86199
2026-09-07,GAM-MIC-230,Jayanagar,1,30299
2026-09-07,GAM-SON-221,Jayanagar,1,39239
2026-09-07,HEA-BOA-189,Jayanagar,1,21299
2026-09-07,HEA-BOS-181,Jayanagar,1,9899
2026-09-07,HEA-JBL-187,Jayanagar,1,22704
2026-09-07,HP-ANC-700,Jayanagar,1,17991
2026-09-07,LAP-DEL-121,Jayanagar,1,61084
2026-09-07,REF-GOD-140,Jayanagar,2,30099
2026-09-07,REF-GOD-148,Jayanagar,1,62509
2026-09-07,REF-LG-144,Jayanagar,1,30969
2026-09-07,REF-WHI-145,Jayanagar,2,56999
2026-09-07,SMA-AMA-192,Jayanagar,2,38284
2026-09-07,SMA-APP-199,Jayanagar,1,38999
2026-09-07,SMA-APP-204,Jayanagar,1,38249
2026-09-07,SMA-SAM-113,Jayanagar,1,48639
2026-09-07,SMA-SAM-193,Jayanagar,2,10924
2026-09-07,SMA-VIV-102,Jayanagar,1,35399
2026-09-07,SMA-XIA-111,Jayanagar,1,65599
2026-09-07,TEL-LG-138,Jayanagar,3,86164
2026-09-07,WAS-IFB-162,Jayanagar,2,16699
2026-09-07,WAS-LG-155,Jayanagar,1,41799
2026-09-07,WAS-LG-160,Jayanagar,2,40199
2026-09-07,WAS-WHI-161,Jayanagar,4,17599
2026-09-07,ACC-ANK-233,Koramangala,1,3399
2026-09-07,ACC-BEL-238,Koramangala,1,2879
2026-09-07,AIR-DAI-172,Koramangala,1,58799
2026-09-07,AIR-LG-170,Koramangala,1,30779
2026-09-07,CAM-CAN-207,Koramangala,2,91389
2026-09-07,CAM-NIK-217,Koramangala,1,59199
2026-09-07,CAM-SON-205,Koramangala,1,51839
2026-09-07,GAM-MIC-223,Koramangala,1,48399
2026-09-07,HEA-BOS-190,Koramangala,1,28799
2026-09-07,HEA-JBL-184,Koramangala,1,23399
2026-09-07,HEA-JBL-185,Koramangala,2,12599
2026-09-07,HEA-SON-188,Koramangala,1,4599
2026-09-07,LAP-ACE-118,Koramangala,2,52199
2026-09-07,LAP-ASU-120,Koramangala,1,73979
2026-09-07,LAP-DEL-121,Koramangala,1,64299
2026-09-07,LAP-DEL-123,Koramangala,2,99899
2026-09-07,LAP-LEN-116,Koramangala,2,81359
2026-09-07,REF-GOD-140,Koramangala,1,30099
2026-09-07,REF-GOD-142,Koramangala,1,42199
2026-09-07,REF-GOD-143,Koramangala,2,48734
2026-09-07,REF-LG-141,Koramangala,2,84899
2026-09-07,REF-LG-144,Koramangala,1,32599
2026-09-07,REF-LG-149,Koramangala,2,24929
2026-09-07,REF-SAM-147,Koramangala,2,42939
2026-09-07,REF-WHI-145,Koramangala,1,56999
2026-09-07,SMA-APP-199,Koramangala,1,35099
2026-09-07,SMA-ONE-106,Koramangala,2,75869
2026-09-07,SMA-ONE-107,Koramangala,1,59849
2026-09-07,SMA-SAM-113,Koramangala,1,51199
2026-09-07,SMA-SAM-193,Koramangala,4,10349
2026-09-07,TEL-LG-138,Koramangala,1,81629
2026-09-07,TEL-SON-135,Koramangala,2,41849
2026-09-07,TEL-TCL-137,Koramangala,1,91864
2026-09-07,WAS-SAM-156,Koramangala,1,24479
2026-09-07,WAS-WHI-164,Koramangala,1,17099
2026-09-07,WM-FL-8KG,Koramangala,1,33291
2026-09-07,ACC-BEL-238,Malleshwaram,1,3039
2026-09-07,ACC-MI-240,Malleshwaram,1,3704
2026-09-07,ACC-MI-243,Malleshwaram,2,2599
2026-09-07,ACC-POR-241,Malleshwaram,3,1599
2026-09-07,AIR-DAI-176,Malleshwaram,1,42299
2026-09-07,AIR-LG-168,Malleshwaram,1,32999
2026-09-07,AIR-LG-170,Malleshwaram,1,29159
2026-09-07,AIR-VOL-177,Malleshwaram,2,32394
2026-09-07,CAM-CAN-206,Malleshwaram,1,67199
2026-09-07,CAM-CAN-207,Malleshwaram,1,96199
2026-09-07,CAM-SON-208,Malleshwaram,1,102124
2026-09-07,GAM-MIC-227,Malleshwaram,1,42654
2026-09-07,GAM-NIN-226,Malleshwaram,1,32394
2026-09-07,GAM-NIN-229,Malleshwaram,1,50199
2026-09-07,HEA-JBL-180,Malleshwaram,1,19094
2026-09-07,HEA-JBL-182,Malleshwaram,1,24899
2026-09-07,HP-ANC-700,Malleshwaram,1,17991
2026-09-07,LAP-ACE-118,Malleshwaram,4,52199
2026-09-07,LAP-ASU-120,Malleshwaram,1,73979
2026-09-07,LAP-DEL-123,Malleshwaram,3,99899
2026-09-07,LAP-LEN-125,Malleshwaram,1,79699
2026-09-07,LAP-LEN-126,Malleshwaram,1,110299
2026-09-07,REF-GOD-140,Malleshwaram,5,30099
2026-09-07,REF-LG-149,Malleshwaram,1,26314
2026-09-07,REF-LG-152,Malleshwaram,1,75799
2026-09-07,SMA-AMA-203,Malleshwaram,1,12899
2026-09-07,SMA-APP-199,Malleshwaram,2,37049
2026-09-07,SMA-NOI-194,Malleshwaram,1,3599
2026-09-07,SMA-NOI-197,Malleshwaram,1,8399
2026-09-07,SMA-ONE-105,Malleshwaram,1,49799
2026-09-07,SMA-ONE-106,Malleshwaram,2,75869
2026-09-07,SMA-ONE-107,Malleshwaram,1,59849
2026-09-07,SMA-SAM-108,Malleshwaram,2,55199
2026-09-07,SMA-VIV-102,Malleshwaram,1,35399
2026-09-07,SW-FIT-3,Malleshwaram,1,8999
2026-09-07,TEL-SAM-133,Malleshwaram,1,44009
2026-09-07,TEL-SON-135,Malleshwaram,1,46499
2026-09-07,TEL-XIA-127,Malleshwaram,1,17479
2026-09-07,TEL-XIA-132,Malleshwaram,1,107599
2026-09-07,TV-55Q7,Malleshwaram,1,58990
2026-09-07,WAS-BOS-165,Malleshwaram,1,38069
2026-09-07,WAS-LG-160,Malleshwaram,3,40199
2026-09-07,WAS-SAM-156,Malleshwaram,1,24479
2026-09-07,WAS-WHI-161,Malleshwaram,1,17599
2026-09-07,ACC-BEL-234,Whitefield,1,1499
2026-09-07,ACC-POR-235,Whitefield,1,599
2026-09-07,ACC-POR-241,Whitefield,2,1599
2026-09-07,AIR-DAI-172,Whitefield,1,52919
2026-09-07,AIR-VOL-177,Whitefield,1,34099
2026-09-07,CAM-CAN-206,Whitefield,1,63839
2026-09-07,CAM-NIK-215,Whitefield,1,40659
2026-09-07,CAM-NIK-216,Whitefield,1,86199
2026-09-07,CAM-SON-208,Whitefield,3,96749
2026-09-07,GAM-MIC-227,Whitefield,2,44899
2026-09-07,GAM-NIN-228,Whitefield,1,49799
2026-09-07,GAM-SON-219,Whitefield,5,51399
2026-09-07,HEA-BOA-183,Whitefield,1,4409
2026-09-07,HEA-JBL-180,Whitefield,2,20099
2026-09-07,HEA-JBL-182,Whitefield,1,24899
2026-09-07,HEA-JBL-187,Whitefield,1,23899
2026-09-07,HEA-SON-188,Whitefield,1,4599
2026-09-07,HP-ANC-700,Whitefield,1,19990
2026-09-07,LAP-DEL-121,Whitefield,1,61084
2026-09-07,LAP-LEN-125,Whitefield,1,75714
2026-09-07,REF-GOD-140,Whitefield,1,30099
2026-09-07,REF-LG-149,Whitefield,1,24929
2026-09-07,REF-WHI-145,Whitefield,1,56999
2026-09-07,SMA-APP-109,Whitefield,2,43399
2026-09-07,SMA-APP-204,Whitefield,1,42499
2026-09-07,SMA-NOI-195,Whitefield,1,27359
2026-09-07,SMA-ONE-105,Whitefield,1,49799
2026-09-07,SMA-SAM-108,Whitefield,1,52439
2026-09-07,TEL-LG-138,Whitefield,2,90699
2026-09-07,TEL-XIA-136,Whitefield,2,54899
2026-09-07,WAS-IFB-153,Whitefield,1,22499
2026-09-08,ACC-ANK-232,HSR Layout,1,2469
2026-09-08,ACC-ANK-239,HSR Layout,3,1199
2026-09-08,ACC-POR-242,HSR Layout,1,1499
2026-09-08,AIR-LG-168,HSR Layout,2,32999
2026-09-08,AIR-LG-175,HSR Layout,1,41219
2026-09-08,CAM-CAN-206,HSR Layout,3,67199
2026-09-08,GAM-MIC-218,HSR Layout,1,50999
2026-09-08,GAM-NIN-228,HSR Layout,2,49799
2026-09-08,HEA-BOA-191,HSR Layout,3,24999
2026-09-08,HEA-BOS-190,HSR Layout,1,27359
2026-09-08,HEA-JBL-182,HSR Layout,1,23654
2026-09-08,LAP-HP-119,HSR Layout,1,70399
2026-09-08,LAP-LEN-116,HSR Layout,1,90399
2026-09-08,LAP-LEN-117,HSR Layout,1,58999
2026-09-08,LAP-LEN-125,HSR Layout,1,79699
2026-09-08,REF-GOD-146,HSR Layout,1,34399
2026-09-08,REF-LG-144,HSR Layout,1,32599
2026-09-08,REF-LG-150,HSR Layout,1,49399
2026-09-08,REF-LG-151,HSR Layout,1,57499
2026-09-08,SMA-AMA-192,HSR Layout,1,40299
2026-09-08,SMA-APP-202,HSR Layout,2,26199
2026-09-08,SMA-NOI-194,HSR Layout,5,3239
2026-09-08,SMA-NOI-195,HSR Layout,5,28799
2026-09-08,SMA-SAM-196,HSR Layout,1,18999
2026-09-08,SMA-VIV-102,HSR Layout,1,33629
2026-09-08,SW-FIT-3,HSR Layout,1,8999
2026-09-08,TEL-XIA-136,HSR Layout,1,49409
2026-09-08,TV-55Q7,HSR Layout,1,56040
2026-09-08,TV-65U8,HSR Layout,1,64990
2026-09-08,WAS-LG-155,HSR Layout,1,43999
2026-09-08,WAS-SAM-163,HSR Layout,1,41899
2026-09-08,WM-FL-8KG,HSR Layout,1,36990
2026-09-08,ACC-ANK-237,Indiranagar,1,2609
2026-09-08,ACC-BEL-231,Indiranagar,1,499
2026-09-08,ACC-MI-243,Indiranagar,3,2599
2026-09-08,ACC-POR-241,Indiranagar,2,1439
2026-09-08,AIR-BLU-167,Indiranagar,1,55439
2026-09-08,AIR-LG-166,Indiranagar,1,50499
2026-09-08,CAM-CAN-207,Indiranagar,2,86579
2026-09-08,CAM-CAN-213,Indiranagar,1,59599
2026-09-08,CAM-NIK-211,Indiranagar,1,105599
2026-09-08,CAM-SON-205,Indiranagar,1,51839
2026-09-08,GAM-MIC-223,Indiranagar,1,48399
2026-09-08,GAM-MIC-230,Indiranagar,1,30299
2026-09-08,GAM-NIN-229,Indiranagar,2,45179
2026-09-08,HEA-BOA-189,Indiranagar,2,21299
2026-09-08,HEA-BOS-181,Indiranagar,4,9899
2026-09-08,HEA-BOS-190,Indiranagar,2,28799
2026-09-08,HEA-JBL-180,Indiranagar,2,20099
2026-09-08,HEA-JBL-184,Indiranagar,1,22229
2026-09-08,HEA-JBL-187,Indiranagar,1,23899
2026-09-08,HEA-SON-179,Indiranagar,2,6269
2026-09-08,HP-ANC-700,Indiranagar,6,17991
2026-09-08,LAP-ACE-118,Indiranagar,2,52199
2026-09-08,LAP-I5-G12,Indiranagar,1,56990
2026-09-08,LAP-LEN-125,Indiranagar,1,79699
2026-09-08,LAP-LEN-126,Indiranagar,2,110299
2026-09-08,REF-LG-152,Indiranagar,1,75799
2026-09-08,SMA-APP-199,Indiranagar,1,38999
2026-09-08,SMA-NOI-197,Indiranagar,1,7559
2026-09-08,SMA-NOI-200,Indiranagar,1,30299
2026-09-08,SMA-ONE-103,Indiranagar,1,25649
2026-09-08,SMA-ONE-107,Indiranagar,1,59849
2026-09-08,TEL-SAM-128,Indiranagar,3,119499
2026-09-08,TEL-XIA-127,Indiranagar,2,16559
2026-09-08,TEL-XIA-136,Indiranagar,1,54899
2026-09-08,WAS-BOS-158,Indiranagar,1,33999
2026-09-08,WAS-LG-160,Indiranagar,1,40199
2026-09-08,ACC-POR-242,Jayanagar,2,1499
2026-09-08,AIR-DAI-176,Jayanagar,1,46999
2026-09-08,CAM-CAN-213,Jayanagar,1,59599
2026-09-08,CAM-NIK-216,Jayanagar,1,86199
2026-09-08,GAM-NIN-228,Jayanagar,1,47309
2026-09-08,HEA-BOS-181,Jayanagar,1,8909
2026-09-08,HEA-JBL-182,Jayanagar,1,24899
2026-09-08,HEA-JBL-184,Jayanagar,1,23399
2026-09-08,LAP-DEL-115,Jayanagar,1,112999
2026-09-08,LAP-DEL-122,Jayanagar,1,89679
2026-09-08,LAP-DEL-124,Jayanagar,3,74954
2026-09-08,LAP-HP-119,Jayanagar,1,66879
2026-09-08,LAP-LEN-117,Jayanagar,1,53099
2026-09-08,LAP-LEN-125,Jayanagar,1,79699
2026-09-08,REF-GOD-148,Jayanagar,1,65799
2026-09-08,REF-LG-141,Jayanagar,2,76409
2026-09-08,REF-LG-152,Jayanagar,4,75799
2026-09-08,REF-WHI-145,Jayanagar,1,56999
2026-09-08,SMA-AMA-192,Jayanagar,2,36269
2026-09-08,SMA-APP-110,Jayanagar,1,22859
2026-09-08,SMA-APP-204,Jayanagar,1,42499
2026-09-08,SMA-NOI-197,Jayanagar,1,8399
2026-09-08,SMA-SAM-108,Jayanagar,2,55199
2026-09-08,SMA-SAM-112,Jayanagar,1,55099
2026-09-08,SMA-SAM-113,Jayanagar,2,48639
2026-09-08,SMA-SAM-193,Jayanagar,1,11499
2026-09-08,TEL-SAM-128,Jayanagar,1,119499
2026-09-08,TEL-SON-139,Jayanagar,1,73299
2026-09-08,TEL-XIA-132,Jayanagar,1,107599
2026-09-08,WAS-IFB-153,Jayanagar,1,22499
2026-09-08,WAS-IFB-162,Jayanagar,1,16699
2026-09-08,WAS-LG-160,Jayanagar,1,40199
2026-09-08,WAS-SAM-156,Jayanagar,1,27199
2026-09-08,ACC-BEL-234,Koramangala,1,1349
2026-09-08,ACC-BEL-238,Koramangala,1,3039
2026-09-08,AIR-DAI-172,Koramangala,1,58799
2026-09-08,AIR-LG-171,Koramangala,1,51929
2026-09-08,CAM-CAN-207,Koramangala,1,96199
2026-09-08,CAM-NIK-215,Koramangala,2,40659
2026-09-08,CAM-SON-205,Koramangala,1,51839
2026-09-08,GAM-MIC-225,Koramangala,2,47159
2026-09-08,GAM-NIN-228,Koramangala,2,49799
2026-09-08,GAM-NIN-229,Koramangala,1,47689
2026-09-08,GAM-SON-222,Koramangala,1,51964
2026-09-08,HEA-BOA-189,Koramangala,1,20234
2026-09-08,HEA-BOS-181,Koramangala,1,8909
2026-09-08,LAP-ACE-118,Koramangala,1,52199
2026-09-08,LAP-DEL-122,Koramangala,2,94399
2026-09-08,LAP-DEL-123,Koramangala,2,99899
2026-09-08,LAP-HP-114,Koramangala,1,41309
2026-09-08,REF-GOD-143,Koramangala,2,46169
2026-09-08,REF-GOD-146,Koramangala,1,34399
2026-09-08,REF-LG-141,Koramangala,1,76409
2026-09-08,SMA-APP-198,Koramangala,1,26099
2026-09-08,SMA-APP-204,Koramangala,1,38249
2026-09-08,SMA-NOI-197,Koramangala,1,7559
2026-09-08,SMA-SAM-101,Koramangala,1,46599
2026-09-08,SMA-SAM-193,Koramangala,2,11499
2026-09-08,TEL-TCL-129,Koramangala,1,105299
2026-09-08,TEL-TCL-137,Koramangala,1,96699
2026-09-08,TEL-XIA-132,Koramangala,1,107599
2026-09-08,TEL-XIA-134,Koramangala,1,119999
2026-09-08,TV-55Q7,Koramangala,2,56040
2026-09-08,WAS-IFB-157,Koramangala,1,33499
2026-09-08,WAS-WHI-154,Koramangala,1,48399
2026-09-08,WM-FL-8KG,Koramangala,2,36990
2026-09-08,ACC-ANK-233,Malleshwaram,1,3399
2026-09-08,ACC-MI-243,Malleshwaram,1,2599
2026-09-08,AIR-DAI-172,Malleshwaram,2,58799
2026-09-08,AIR-LG-170,Malleshwaram,1,30779
2026-09-08,CAM-CAN-206,Malleshwaram,3,67199
2026-09-08,CAM-NIK-209,Malleshwaram,1,68599
2026-09-08,CAM-NIK-215,Malleshwaram,2,40659
2026-09-08,GAM-MIC-223,Malleshwaram,1,45979
2026-09-08,GAM-MIC-227,Malleshwaram,1,42654
2026-09-08,GAM-NIN-226,Malleshwaram,2,34099
2026-09-08,GAM-SON-219,Malleshwaram,1,46259
2026-09-08,HEA-JBL-180,Malleshwaram,1,20099
2026-09-08,HEA-JBL-182,Malleshwaram,1,24899
2026-09-08,HEA-JBL-185,Malleshwaram,2,11339
2026-09-08,LAP-ACE-118,Malleshwaram,1,46979
2026-09-08,LAP-DEL-123,Malleshwaram,2,99899
2026-09-08,LAP-I5-G12,Malleshwaram,1,56990
2026-09-08,REF-GOD-140,Malleshwaram,2,30099
2026-09-08,REF-GOD-143,Malleshwaram,1,51299
2026-09-08,SMA-AMA-192,Malleshwaram,1,40299
2026-09-08,SMA-APP-202,Malleshwaram,1,26199
2026-09-08,SMA-NOI-194,Malleshwaram,1,3599
2026-09-08,SMA-ONE-106,Malleshwaram,1,80084
2026-09-08,SMA-SAM-112,Malleshwaram,1,52344
2026-09-08,SMA-SAM-201,Malleshwaram,1,4589
2026-09-08,SMA-VIV-102,Malleshwaram,1,35399
2026-09-08,SMA-XIA-111,Malleshwaram,1,62319
2026-09-08,TEL-SAM-133,Malleshwaram,1,48899
2026-09-08,TEL-XIA-136,Malleshwaram,1,54899
2026-09-08,WAS-BOS-165,Malleshwaram,1,38069
2026-09-08,WAS-IFB-159,Malleshwaram,1,34699
2026-09-08,WAS-LG-155,Malleshwaram,1,43999
2026-09-08,WAS-SAM-163,Malleshwaram,1,39804
2026-09-08,WAS-WHI-161,Malleshwaram,2,17599
2026-09-08,ACC-ANK-232,Whitefield,1,2339
2026-09-08,ACC-ANK-233,Whitefield,1,3399
2026-09-08,ACC-BEL-231,Whitefield,1,449
2026-09-08,ACC-POR-241,Whitefield,2,1439
2026-09-08,AIR-LG-169,Whitefield,2,32099
2026-09-08,AIR-LG-171,Whitefield,1,57699
2026-09-08,AIR-VOL-174,Whitefield,1,37299
2026-09-08,AIR-VOL-177,Whitefield,1,32394
2026-09-08,CAM-CAN-214,Whitefield,2,57299
2026-09-08,CAM-NIK-212,Whitefield,1,99499
2026-09-08,GAM-MIC-227,Whitefield,3,44899
2026-09-08,GAM-SON-219,Whitefield,1,51399
2026-09-08,GAM-SON-222,Whitefield,2,54699
2026-09-08,HEA-BOA-189,Whitefield,2,20234
2026-09-08,HEA-JBL-180,Whitefield,1,20099
2026-09-08,HP-ANC-700,Whitefield,1,19990
2026-09-08,LAP-ASU-120,Whitefield,2,73979
2026-09-08,LAP-DEL-121,Whitefield,1,57869
2026-09-08,LAP-DEL-122,Whitefield,1,89679
2026-09-08,LAP-DEL-123,Whitefield,1,99899
2026-09-08,LAP-HP-114,Whitefield,2,41309
2026-09-08,REF-GOD-140,Whitefield,1,30099
2026-09-08,REF-GOD-146,Whitefield,4,32679
2026-09-08,SMA-APP-109,Whitefield,1,43399
2026-09-08,SMA-ONE-106,Whitefield,1,84299
2026-09-08,SMA-SAM-113,Whitefield,1,51199
2026-09-08,SMA-XIA-104,Whitefield,3,72699
2026-09-08,TEL-SAM-128,Whitefield,1,119499
2026-09-08,TEL-XIA-132,Whitefield,1,107599
2026-09-08,WAS-BOS-158,Whitefield,1,32299
2026-09-08,WAS-IFB-153,Whitefield,1,22499
2026-09-08,WAS-LG-155,Whitefield,1,43999
2026-09-08,WAS-SAM-163,Whitefield,1,41899
2026-09-09,ACC-POR-242,HSR Layout,1,1349
2026-09-09,AIR-BLU-173,HSR Layout,1,49859
2026-09-09,AIR-LG-166,HSR Layout,1,47974
2026-09-09,AIR-LG-168,HSR Layout,2,32999
2026-09-09,AIR-LG-170,HSR Layout,2,32399
2026-09-09,AIR-VOL-177,HSR Layout,1,34099
2026-09-09,CAM-CAN-207,HSR Layout,1,96199
2026-09-09,CAM-CAN-213,HSR Layout,2,59599
2026-09-09,CAM-NIK-212,HSR Layout,1,99499
2026-09-09,CAM-SON-208,HSR Layout,1,107499
2026-09-09,GAM-NIN-220,HSR Layout,1,43599
2026-09-09,GAM-NIN-226,HSR Layout,2,30689
2026-09-09,GAM-NIN-228,HSR Layout,1,49799
2026-09-09,GAM-SON-219,HSR Layout,1,48829
2026-09-09,HEA-BOA-183,HSR Layout,1,4899
2026-09-09,HEA-BOA-191,HSR Layout,1,23749
2026-09-09,HEA-BOS-190,HSR Layout,1,28799
2026-09-09,HEA-JBL-180,HSR Layout,1,18089
2026-09-09,HEA-SON-179,HSR Layout,1,6599
2026-09-09,HEA-SON-188,HSR Layout,1,4139
2026-09-09,REF-GOD-142,HSR Layout,2,42199
2026-09-09,REF-GOD-146,HSR Layout,1,34399
2026-09-09,REF-LG-150,HSR Layout,1,49399
2026-09-09,SMA-AMA-192,HSR Layout,1,40299
2026-09-09,SMA-APP-109,HSR Layout,1,43399
2026-09-09,SMA-NOI-194,HSR Layout,2,3239
2026-09-09,SMA-NOI-195,HSR Layout,1,28799
2026-09-09,SMA-ONE-106,HSR Layout,2,75869
2026-09-09,SMA-ONE-107,HSR Layout,1,66499
2026-09-09,SMA-SAM-201,HSR Layout,1,4844
2026-09-09,SW-FIT-3,HSR Layout,1,8099
2026-09-09,TEL-TCL-131,HSR Layout,1,34919
2026-09-09,TEL-XIA-132,HSR Layout,2,107599
2026-09-09,TEL-XIA-136,HSR Layout,3,49409
2026-09-09,WAS-BOS-165,HSR Layout,1,42299
2026-09-09,WAS-SAM-163,HSR Layout,1,39804
2026-09-09,WAS-WHI-154,HSR Layout,1,48399
2026-09-09,WAS-WHI-164,HSR Layout,1,15389
2026-09-09,ACC-ANK-237,Indiranagar,3,2754
2026-09-09,ACC-BEL-231,Indiranagar,1,499
2026-09-09,ACC-MI-243,Indiranagar,1,2469
2026-09-09,ACC-POR-242,Indiranagar,1,1499
2026-09-09,CAM-CAN-207,Indiranagar,2,96199
2026-09-09,CAM-CAN-213,Indiranagar,1,56619
2026-09-09,CAM-NIK-216,Indiranagar,1,77579
2026-09-09,CAM-SON-205,Indiranagar,1,51839
2026-09-09,GAM-MIC-227,Indiranagar,3,40409
2026-09-09,GAM-NIN-228,Indiranagar,1,49799
2026-09-09,GAM-NIN-229,Indiranagar,2,50199
2026-09-09,GAM-SON-222,Indiranagar,1,54699
2026-09-09,HEA-BOA-183,Indiranagar,1,4654
2026-09-09,HEA-BOA-189,Indiranagar,1,19169
2026-09-09,HEA-JBL-180,Indiranagar,1,20099
2026-09-09,HEA-JBL-185,Indiranagar,1,11339
2026-09-09,HEA-SON-179,Indiranagar,1,6269
2026-09-09,HP-ANC-700,Indiranagar,4,19990
2026-09-09,LAP-ACE-118,Indiranagar,1,52199
2026-09-09,LAP-LEN-116,Indiranagar,1,90399
2026-09-09,LAP-LEN-126,Indiranagar,1,110299
2026-09-09,REF-GOD-140,Indiranagar,1,27089
2026-09-09,REF-GOD-143,Indiranagar,1,48734
2026-09-09,SMA-AMA-203,Indiranagar,1,12899
2026-09-09,SMA-APP-198,Indiranagar,1,26099
2026-09-09,SMA-APP-199,Indiranagar,1,38999
2026-09-09,SMA-ONE-103,Indiranagar,1,25649
2026-09-09,SMA-SAM-201,Indiranagar,1,5099
2026-09-09,TEL-SON-130,Indiranagar,1,58999
2026-09-09,TEL-XIA-132,Indiranagar,1,107599
2026-09-09,WAS-LG-160,Indiranagar,1,38189
2026-09-09,ACC-ANK-232,Jayanagar,1,2599
2026-09-09,ACC-MI-240,Jayanagar,2,3704
2026-09-09,ACC-POR-235,Jayanagar,3,599
2026-09-09,AIR-BLU-178,Jayanagar,1,39199
2026-09-09,AIR-VOL-177,Jayanagar,1,34099
2026-09-09,CAM-CAN-206,Jayanagar,1,67199
2026-09-09,CAM-NIK-212,Jayanagar,1,89549
2026-09-09,GAM-NIN-226,Jayanagar,1,34099
2026-09-09,HEA-BOA-189,Jayanagar,1,21299
2026-09-09,HEA-BOS-181,Jayanagar,1,9899
2026-09-09,LAP-ACE-118,Jayanagar,1,49589
2026-09-09,LAP-ASU-120,Jayanagar,1,82199
2026-09-09,LAP-LEN-116,Jayanagar,1,81359
2026-09-09,LAP-LEN-126,Jayanagar,2,110299
2026-09-09,REF-GOD-140,Jayanagar,2,30099
2026-09-09,REF-GOD-143,Jayanagar,1,51299
2026-09-09,REF-LG-144,Jayanagar,1,32599
2026-09-09,REF-LG-150,Jayanagar,2,49399
2026-09-09,REF-LG-151,Jayanagar,1,57499
2026-09-09,REF-LG-152,Jayanagar,1,75799
2026-09-09,REF-WHI-145,Jayanagar,2,56999
2026-09-09,SMA-APP-198,Jayanagar,1,26099
2026-09-09,SMA-APP-204,Jayanagar,1,38249
2026-09-09,SMA-NOI-197,Jayanagar,1,7559
2026-09-09,SMA-ONE-106,Jayanagar,1,84299
2026-09-09,SMA-ONE-107,Jayanagar,1,59849
2026-09-09,SMA-SAM-201,Jayanagar,1,4844
2026-09-09,TEL-XIA-132,Jayanagar,2,107599
2026-09-09,WM-FL-8KG,Jayanagar,1,36990
2026-09-09,ACC-ANK-233,Koramangala,1,3399
2026-09-09,ACC-BEL-231,Koramangala,1,499
2026-09-09,ACC-BEL-238,Koramangala,1,3199
2026-09-09,ACC-MI-240,Koramangala,1,3509
2026-09-09,ACC-POR-236,Koramangala,3,474
2026-09-09,AIR-LG-170,Koramangala,1,32399
2026-09-09,CAM-CAN-206,Koramangala,1,63839
2026-09-09,CAM-CAN-214,Koramangala,2,57299
2026-09-09,CAM-NIK-209,Koramangala,1,68599
2026-09-09,CAM-NIK-215,Koramangala,1,42799
2026-09-09,GAM-MIC-218,Koramangala,1,50999
2026-09-09,GAM-MIC-225,Koramangala,1,49779
2026-09-09,GAM-NIN-220,Koramangala,1,43599
2026-09-09,GAM-SON-219,Koramangala,1,48829
2026-09-09,GAM-SON-221,Koramangala,1,43599
2026-09-09,HEA-BOA-191,Koramangala,1,24999
2026-09-09,HEA-BOS-181,Koramangala,2,9899
2026-09-09,LAP-ACE-118,Koramangala,1,49589
2026-09-09,LAP-DEL-122,Koramangala,1,84959
2026-09-09,LAP-DEL-123,Koramangala,2,94904
2026-09-09,LAP-HP-114,Koramangala,1,41309
2026-09-09,LAP-LEN-116,Koramangala,2,90399
2026-09-09,REF-LG-141,Koramangala,3,80654
2026-09-09,REF-LG-149,Koramangala,1,24929
2026-09-09,REF-WHI-145,Koramangala,3,56999
2026-09-09,SMA-AMA-192,Koramangala,1,36269
2026-09-09,SMA-APP-199,Koramangala,1,37049
2026-09-09,SMA-NOI-194,Koramangala,1,3419
2026-09-09,SMA-NOI-197,Koramangala,1,8399
2026-09-09,SMA-ONE-106,Koramangala,1,84299
2026-09-09,SMA-SAM-101,Koramangala,1,46599
2026-09-09,SMA-SAM-108,Koramangala,1,55199
2026-09-09,SMA-SAM-113,Koramangala,1,51199
2026-09-09,SMA-SAM-193,Koramangala,3,11499
2026-09-09,SMA-SAM-201,Koramangala,1,4844
2026-09-09,TEL-LG-138,Koramangala,1,86164
2026-09-09,TEL-TCL-137,Koramangala,1,87029
2026-09-09,TEL-XIA-132,Koramangala,1,107599
2026-09-09,WAS-WHI-164,Koramangala,1,15389
2026-09-09,WM-FL-8KG,Koramangala,2,35140
2026-09-09,ACC-ANK-237,Malleshwaram,1,2899
2026-09-09,ACC-BEL-231,Malleshwaram,1,499
2026-09-09,ACC-POR-241,Malleshwaram,1,1599
2026-09-09,ACC-POR-242,Malleshwaram,1,1499
2026-09-09,AIR-BLU-167,Malleshwaram,1,61599
2026-09-09,AIR-LG-166,Malleshwaram,1,50499
2026-09-09,AIR-LG-169,Malleshwaram,1,32099
2026-09-09,AIR-LG-170,Malleshwaram,1,30779
2026-09-09,AIR-VOL-177,Malleshwaram,1,34099
2026-09-09,CAM-CAN-206,Malleshwaram,2,67199
2026-09-09,CAM-CAN-210,Malleshwaram,1,79704
2026-09-09,CAM-NIK-215,Malleshwaram,1,40659
2026-09-09,GAM-MIC-225,Malleshwaram,1,52399
2026-09-09,GAM-NIN-226,Malleshwaram,1,34099
2026-09-09,GAM-NIN-229,Malleshwaram,2,47689
2026-09-09,GAM-SON-219,Malleshwaram,1,51399
2026-09-09,HEA-BOA-183,Malleshwaram,1,4654
2026-09-09,HEA-JBL-180,Malleshwaram,2,18089
2026-09-09,LAP-ACE-118,Malleshwaram,1,52199
2026-09-09,LAP-DEL-123,Malleshwaram,1,89909
2026-09-09,LAP-HP-114,Malleshwaram,1,45899
2026-09-09,LAP-LEN-125,Malleshwaram,1,79699
2026-09-09,LAP-LEN-126,Malleshwaram,1,99269
2026-09-09,REF-GOD-142,Malleshwaram,1,42199
2026-09-09,REF-GOD-148,Malleshwaram,1,65799
2026-09-09,REF-LG-149,Malleshwaram,1,26314
2026-09-09,REF-WHI-145,Malleshwaram,2,51299
2026-09-09,SMA-AMA-203,Malleshwaram,1,12254
2026-09-09,SMA-APP-198,Malleshwaram,1,26099
2026-09-09,SMA-APP-199,Malleshwaram,1,35099
2026-09-09,SMA-ONE-107,Malleshwaram,1,66499
2026-09-09,SMA-SAM-108,Malleshwaram,1,55199
2026-09-09,SMA-SAM-196,Malleshwaram,1,18049
2026-09-09,TV-55Q7,Malleshwaram,1,58990
2026-09-09,WAS-BOS-165,Malleshwaram,1,40184
2026-09-09,WAS-IFB-159,Malleshwaram,1,34699
2026-09-09,WAS-SAM-156,Malleshwaram,3,24479
2026-09-09,WAS-WHI-161,Malleshwaram,2,15839
2026-09-09,ACC-BEL-234,Whitefield,1,1499
2026-09-09,ACC-POR-241,Whitefield,2,1519
2026-09-09,AIR-LG-168,Whitefield,1,32999
2026-09-09,AIR-LG-171,Whitefield,2,57699
2026-09-09,AIR-VOL-174,Whitefield,1,37299
2026-09-09,CAM-CAN-206,Whitefield,1,67199
2026-09-09,CAM-NIK-209,Whitefield,1,61739
2026-09-09,GAM-MIC-227,Whitefield,2,40409
2026-09-09,GAM-NIN-220,Whitefield,1,41419
2026-09-09,GAM-NIN-224,Whitefield,1,29639
2026-09-09,HEA-BOA-189,Whitefield,1,21299
2026-09-09,HEA-JBL-180,Whitefield,1,20099
2026-09-09,HEA-SON-188,Whitefield,1,4369
2026-09-09,HP-ANC-700,Whitefield,1,19990
2026-09-09,LAP-ACE-118,Whitefield,1,52199
2026-09-09,LAP-LEN-116,Whitefield,1,81359
2026-09-09,LAP-LEN-117,Whitefield,1,58999
2026-09-09,LAP-LEN-125,Whitefield,1,79699
2026-09-09,REF-DD-190,Whitefield,1,14715
2026-09-09,REF-GOD-146,Whitefield,3,32679
2026-09-09,SMA-APP-109,Whitefield,2,43399
2026-09-09,SMA-APP-110,Whitefield,1,25399
2026-09-09,SMA-APP-198,Whitefield,2,24794
2026-09-09,SMA-APP-202,Whitefield,1,23579
2026-09-09,SMA-APP-204,Whitefield,1,40374
2026-09-09,SMA-NOI-195,Whitefield,1,28799
2026-09-09,SMA-SAM-101,Whitefield,1,46599
2026-09-09,TEL-LG-138,Whitefield,1,90699
2026-09-09,TEL-SON-135,Whitefield,1,46499
2026-09-09,TEL-XIA-132,Whitefield,1,107599
2026-09-09,TEL-XIA-136,Whitefield,1,54899
2026-09-09,WAS-IFB-153,Whitefield,1,20249
2026-09-09,WAS-LG-155,Whitefield,1,43999
2026-09-10,AIR-LG-166,HSR Layout,1,50499
2026-09-10,AIR-LG-170,HSR Layout,1,32399
2026-09-10,CAM-NIK-216,HSR Layout,2,86199
2026-09-10,GAM-NIN-224,HSR Layout,2,28079
2026-09-10,GAM-NIN-228,HSR Layout,3,47309
2026-09-10,HEA-BOA-183,HSR Layout,2,4654
2026-09-10,HEA-BOA-191,HSR Layout,3,24999
2026-09-10,HEA-SON-179,HSR Layout,2,6599
2026-09-10,LAP-ASU-120,HSR Layout,1,82199
2026-09-10,LAP-LEN-125,HSR Layout,1,71729
2026-09-10,REF-GOD-146,HSR Layout,1,34399
2026-09-10,REF-GOD-148,HSR Layout,2,65799
2026-09-10,REF-LG-141,HSR Layout,1,84899
2026-09-10,REF-LG-150,HSR Layout,1,49399
2026-09-10,SMA-APP-199,HSR Layout,1,37049
2026-09-10,SMA-NOI-195,HSR Layout,1,28799
2026-09-10,SMA-SAM-112,HSR Layout,1,55099
2026-09-10,SMA-SAM-201,HSR Layout,2,5099
2026-09-10,TEL-SON-130,HSR Layout,1,58999
2026-09-10,TEL-TCL-129,HSR Layout,1,116999
2026-09-10,TEL-TCL-131,HSR Layout,1,36859
2026-09-10,TEL-TCL-137,HSR Layout,1,96699
2026-09-10,TEL-XIA-132,HSR Layout,1,107599
2026-09-10,TEL-XIA-136,HSR Layout,6,49409
2026-09-10,TV-55Q7,HSR Layout,2,58990
2026-09-10,WAS-WHI-164,HSR Layout,2,17099
2026-09-10,ACC-ANK-237,Indiranagar,2,2609
2026-09-10,ACC-ANK-239,Indiranagar,1,1199
2026-09-10,AIR-BLU-178,Indiranagar,1,39199
2026-09-10,AIR-DAI-172,Indiranagar,1,58799
2026-09-10,AIR-LG-175,Indiranagar,1,41219
2026-09-10,CAM-CAN-207,Indiranagar,2,91389
2026-09-10,CAM-CAN-213,Indiranagar,1,53639
2026-09-10,CAM-NIK-216,Indiranagar,1,81889
2026-09-10,CAM-SON-205,Indiranagar,1,57599
2026-09-10,GAM-MIC-223,Indiranagar,1,45979
2026-09-10,GAM-MIC-227,Indiranagar,1,42654
2026-09-10,GAM-NIN-226,Indiranagar,1,34099
2026-09-10,GAM-NIN-229,Indiranagar,3,50199
2026-09-10,HEA-BOA-189,Indiranagar,1,21299
2026-09-10,HEA-BOS-181,Indiranagar,1,9404
2026-09-10,HEA-JBL-185,Indiranagar,2,12599
2026-09-10,HEA-SON-179,Indiranagar,1,6599
2026-09-10,HP-ANC-700,Indiranagar,2,19990
2026-09-10,LAP-DEL-122,Indiranagar,1,89679
2026-09-10,LAP-DEL-124,Indiranagar,1,78899
2026-09-10,REF-GOD-140,Indiranagar,1,28594
2026-09-10,SMA-AMA-192,Indiranagar,1,40299
2026-09-10,SMA-NOI-200,Indiranagar,1,28784
2026-09-10,SMA-ONE-103,Indiranagar,1,27074
2026-09-10,SMA-SAM-101,Indiranagar,1,41939
2026-09-10,SMA-SAM-201,Indiranagar,2,5099
2026-09-10,SMA-VIV-102,Indiranagar,1,33629
2026-09-10,TEL-XIA-127,Indiranagar,1,18399
2026-09-10,WAS-BOS-158,Indiranagar,1,33999
2026-09-10,WAS-IFB-153,Indiranagar,2,21374
2026-09-10,WAS-IFB-162,Indiranagar,1,15864
2026-09-10,WAS-SAM-156,Indiranagar,1,27199
2026-09-10,WAS-WHI-164,Indiranagar,1,17099
2026-09-10,ACC-ANK-232,Jayanagar,1,2599
2026-09-10,ACC-BEL-231,Jayanagar,1,474
2026-09-10,ACC-POR-235,Jayanagar,2,539
2026-09-10,ACC-POR-236,Jayanagar,1,499
2026-09-10,AIR-DAI-172,Jayanagar,1,58799
2026-09-10,AIR-LG-170,Jayanagar,1,32399
2026-09-10,AIR-LG-171,Jayanagar,1,51929
2026-09-10,AIR-VOL-174,Jayanagar,1,37299
2026-09-10,AIR-VOL-177,Jayanagar,1,34099
2026-09-10,CAM-SON-205,Jayanagar,2,57599
2026-09-10,CAM-SON-208,Jayanagar,2,107499
2026-09-10,GAM-MIC-227,Jayanagar,1,44899
2026-09-10,GAM-MIC-230,Jayanagar,1,30299
2026-09-10,GAM-NIN-228,Jayanagar,1,49799
2026-09-10,GAM-NIN-229,Jayanagar,1,50199
2026-09-10,GAM-SON-221,Jayanagar,1,41419
2026-09-10,HEA-JBL-182,Jayanagar,1,22409
2026-09-10,HEA-SON-179,Jayanagar,1,5939
2026-09-10,HEA-SON-188,Jayanagar,1,4369
2026-09-10,LAP-HP-119,Jayanagar,2,66879
2026-09-10,REF-GOD-140,Jayanagar,1,28594
2026-09-10,REF-GOD-142,Jayanagar,1,42199
2026-09-10,REF-GOD-143,Jayanagar,1,51299
2026-09-10,REF-LG-150,Jayanagar,2,49399
2026-09-10,REF-LG-151,Jayanagar,1,54624
2026-09-10,REF-LG-152,Jayanagar,1,75799
2026-09-10,SMA-APP-110,Jayanagar,1,22859
2026-09-10,SMA-APP-202,Jayanagar,1,23579
2026-09-10,SMA-NOI-197,Jayanagar,1,7979
2026-09-10,SMA-ONE-107,Jayanagar,1,63174
2026-09-10,SMA-SAM-112,Jayanagar,1,55099
2026-09-10,SMA-SAM-193,Jayanagar,1,11499
2026-09-10,SMA-XIA-111,Jayanagar,1,62319
2026-09-10,SW-FIT-3,Jayanagar,1,8099
2026-09-10,TEL-LG-138,Jayanagar,1,90699
2026-09-10,TEL-SON-139,Jayanagar,1,65969
2026-09-10,TEL-TCL-131,Jayanagar,1,38799
2026-09-10,TEL-XIA-132,Jayanagar,2,107599
2026-09-10,TEL-XIA-136,Jayanagar,1,49409
2026-09-10,WAS-BOS-158,Jayanagar,2,33999
2026-09-10,WAS-IFB-157,Jayanagar,1,33499
2026-09-10,WAS-WHI-161,Jayanagar,1,17599
2026-09-10,WM-FL-8KG,Jayanagar,1,36990
2026-09-10,ACC-BEL-231,Koramangala,1,449
2026-09-10,ACC-POR-236,Koramangala,1,474
2026-09-10,AIR-DAI-172,Koramangala,1,58799
2026-09-10,CAM-CAN-214,Koramangala,1,57299
2026-09-10,CAM-NIK-209,Koramangala,1,61739
2026-09-10,CAM-NIK-211,Koramangala,1,95039
2026-09-10,GAM-MIC-218,Koramangala,1,50999
2026-09-10,GAM-MIC-223,Koramangala,1,45979
2026-09-10,GAM-MIC-225,Koramangala,2,52399
2026-09-10,GAM-MIC-227,Koramangala,1,44899
2026-09-10,GAM-NIN-228,Koramangala,1,49799
2026-09-10,GAM-SON-219,Koramangala,2,51399
2026-09-10,HEA-BOA-189,Koramangala,3,21299
2026-09-10,HEA-BOA-191,Koramangala,1,24999
2026-09-10,LAP-DEL-123,Koramangala,1,99899
2026-09-10,LAP-DEL-124,Koramangala,1,74954
2026-09-10,REF-GOD-140,Koramangala,1,27089
2026-09-10,REF-GOD-146,Koramangala,2,34399
2026-09-10,REF-LG-141,Koramangala,2,80654
2026-09-10,SMA-AMA-192,Koramangala,1,38284
2026-09-10,SMA-NOI-194,Koramangala,2,3419
2026-09-10,SMA-ONE-106,Koramangala,2,80084
2026-09-10,SMA-SAM-101,Koramangala,1,46599
2026-09-10,SMA-SAM-113,Koramangala,1,51199
2026-09-10,SMA-SAM-193,Koramangala,1,11499
2026-09-10,TEL-LG-138,Koramangala,1,90699
2026-09-10,TEL-SON-135,Koramangala,1,41849
2026-09-10,TEL-XIA-132,Koramangala,2,107599
2026-09-10,TV-55Q7,Koramangala,3,53091
2026-09-10,WAS-BOS-165,Koramangala,1,42299
2026-09-10,WAS-IFB-162,Koramangala,1,16699
2026-09-10,WAS-LG-155,Koramangala,1,41799
2026-09-10,WAS-WHI-154,Koramangala,1,45979
2026-09-10,ACC-MI-243,Malleshwaram,2,2599
2026-09-10,ACC-POR-241,Malleshwaram,1,1599
2026-09-10,AIR-BLU-173,Malleshwaram,2,49859
2026-09-10,AIR-LG-166,Malleshwaram,1,50499
2026-09-10,AIR-LG-168,Malleshwaram,1,31349
2026-09-10,AIR-LG-170,Malleshwaram,1,30779
2026-09-10,AIR-VOL-177,Malleshwaram,1,30689
2026-09-10,CAM-NIK-212,Malleshwaram,1,89549
2026-09-10,CAM-NIK-217,Malleshwaram,2,59199
2026-09-10,CAM-SON-208,Malleshwaram,1,107499
2026-09-10,GAM-NIN-229,Malleshwaram,1,50199
2026-09-10,GAM-SON-222,Malleshwaram,1,49229
2026-09-10,HEA-BOA-191,Malleshwaram,1,23749
2026-09-10,HEA-BOS-190,Malleshwaram,2,25919
2026-09-10,HEA-JBL-180,Malleshwaram,1,19094
2026-09-10,HEA-JBL-182,Malleshwaram,1,24899
2026-09-10,HEA-JBL-185,Malleshwaram,1,11339
2026-09-10,HP-ANC-700,Malleshwaram,3,18990
2026-09-10,LAP-ASU-120,Malleshwaram,2,82199
2026-09-10,LAP-DEL-123,Malleshwaram,3,99899
2026-09-10,LAP-LEN-125,Malleshwaram,1,75714
2026-09-10,REF-GOD-140,Malleshwaram,2,30099
2026-09-10,REF-LG-144,Malleshwaram,1,32599
2026-09-10,REF-LG-149,Malleshwaram,1,27699
2026-09-10,REF-LG-151,Malleshwaram,1,51749
2026-09-10,REF-WHI-145,Malleshwaram,1,56999
2026-09-10,SMA-APP-198,Malleshwaram,3,26099
2026-09-10,SMA-NOI-194,Malleshwaram,1,3239
2026-09-10,SMA-NOI-200,Malleshwaram,1,27269
2026-09-10,SMA-ONE-106,Malleshwaram,1,80084
2026-09-10,SMA-ONE-107,Malleshwaram,1,66499
2026-09-10,SMA-SAM-101,Malleshwaram,1,41939
2026-09-10,SMA-VIV-102,Malleshwaram,1,35399
2026-09-10,SMA-XIA-111,Malleshwaram,1,62319
2026-09-10,TEL-LG-138,Malleshwaram,1,90699
2026-09-10,TEL-SAM-133,Malleshwaram,1,48899
2026-09-10,TEL-SON-135,Malleshwaram,1,46499
2026-09-10,TEL-SON-139,Malleshwaram,2,73299
2026-09-10,TEL-TCL-137,Malleshwaram,1,91864
2026-09-10,WAS-BOS-165,Malleshwaram,3,38069
2026-09-10,WAS-LG-160,Malleshwaram,2,40199
2026-09-10,WAS-SAM-163,Malleshwaram,2,37709
2026-09-10,WAS-WHI-161,Malleshwaram,1,17599
2026-09-10,WAS-WHI-164,Malleshwaram,1,17099
2026-09-10,WM-FL-8KG,Malleshwaram,1,36990
2026-09-10,ACC-BEL-231,Whitefield,1,499
2026-09-10,ACC-BEL-234,Whitefield,1,1499
2026-09-10,ACC-MI-243,Whitefield,1,2339
2026-09-10,ACC-POR-236,Whitefield,1,449
2026-09-10,AIR-LG-169,Whitefield,2,32099
2026-09-10,CAM-NIK-215,Whitefield,1,42799
2026-09-10,GAM-MIC-223,Whitefield,1,45979
2026-09-10,GAM-NIN-224,Whitefield,4,31199
2026-09-10,GAM-SON-222,Whitefield,1,54699
2026-09-10,HEA-BOA-183,Whitefield,1,4654
2026-09-10,HEA-JBL-180,Whitefield,1,20099
2026-09-10,HEA-JBL-182,Whitefield,1,24899
2026-09-10,HEA-JBL-185,Whitefield,1,12599
2026-09-10,HEA-JBL-187,Whitefield,1,22704
2026-09-10,HEA-SON-188,Whitefield,2,4599
2026-09-10,LAP-ACE-118,Whitefield,1,52199
2026-09-10,LAP-DEL-123,Whitefield,1,99899
2026-09-10,LAP-HP-114,Whitefield,1,45899
2026-09-10,LAP-HP-119,Whitefield,1,70399
2026-09-10,LAP-LEN-125,Whitefield,1,79699
2026-09-10,LAP-LEN-126,Whitefield,1,110299
2026-09-10,REF-GOD-140,Whitefield,1,30099
2026-09-10,REF-WHI-145,Whitefield,2,56999
2026-09-10,SMA-APP-109,Whitefield,3,43399
2026-09-10,SMA-APP-202,Whitefield,2,26199
2026-09-10,SMA-APP-204,Whitefield,1,40374
2026-09-10,SMA-ONE-105,Whitefield,1,49799
2026-09-10,SMA-SAM-101,Whitefield,1,46599
2026-09-10,SMA-VIV-102,Whitefield,1,35399
2026-09-10,TEL-LG-138,Whitefield,2,90699
2026-09-10,TEL-SON-139,Whitefield,1,73299
2026-09-10,TV-55Q7,Whitefield,1,58990
2026-09-10,WAS-BOS-158,Whitefield,1,32299
2026-09-10,WAS-LG-160,Whitefield,2,36179
2026-09-10,WAS-SAM-156,Whitefield,1,24479
2026-09-10,WAS-WHI-164,Whitefield,1,17099
2026-09-11,ACC-ANK-233,HSR Layout,1,3399
2026-09-11,ACC-BEL-231,HSR Layout,1,499
2026-09-11,AIR-BLU-167,HSR Layout,1,61599
2026-09-11,AIR-DAI-172,HSR Layout,2,58799
2026-09-11,AIR-LG-168,HSR Layout,1,31349
2026-09-11,AIR-LG-169,HSR Layout,1,28889
2026-09-11,AIR-LG-170,HSR Layout,3,32399
2026-09-11,CAM-CAN-210,HSR Layout,1,83899
2026-09-11,CAM-NIK-215,HSR Layout,1,38519
2026-09-11,CAM-SON-208,HSR Layout,1,107499
2026-09-11,GAM-MIC-227,HSR Layout,1,44899
2026-09-11,GAM-NIN-220,HSR Layout,1,39239
2026-09-11,GAM-NIN-226,HSR Layout,1,30689
2026-09-11,GAM-NIN-228,HSR Layout,2,47309
2026-09-11,GAM-SON-219,HSR Layout,1,46259
2026-09-11,HEA-BOA-191,HSR Layout,1,24999
2026-09-11,HEA-JBL-182,HSR Layout,3,24899
2026-09-11,LAP-DEL-123,HSR Layout,1,99899
2026-09-11,LAP-HP-119,HSR Layout,2,66879
2026-09-11,LAP-I5-G12,HSR Layout,1,56990
2026-09-11,REF-LG-144,HSR Layout,1,32599
2026-09-11,REF-SAM-147,HSR Layout,1,45199
2026-09-11,SMA-APP-199,HSR Layout,1,38999
2026-09-11,SMA-NOI-194,HSR Layout,2,3419
2026-09-11,SMA-NOI-195,HSR Layout,1,25919
2026-09-11,SMA-ONE-103,HSR Layout,1,25649
2026-09-11,SMA-ONE-106,HSR Layout,1,84299
2026-09-11,SMA-XIA-104,HSR Layout,1,72699
2026-09-11,SW-FIT-3,HSR Layout,2,8999
2026-09-11,TEL-SON-135,HSR Layout,1,41849
2026-09-11,TEL-XIA-136,HSR Layout,2,49409
2026-09-11,TV-55Q7,HSR Layout,2,58990
2026-09-11,WAS-BOS-165,HSR Layout,1,38069
2026-09-11,WAS-IFB-153,HSR Layout,1,22499
2026-09-11,WAS-IFB-159,HSR Layout,1,31229
2026-09-11,WAS-LG-160,HSR Layout,1,38189
2026-09-11,WAS-WHI-154,HSR Layout,2,48399
2026-09-11,ACC-ANK-237,Indiranagar,2,2899
2026-09-11,ACC-BEL-238,Indiranagar,1,3199
2026-09-11,ACC-MI-243,Indiranagar,1,2469
2026-09-11,AIR-DAI-176,Indiranagar,1,46999
2026-09-11,AIR-LG-166,Indiranagar,2,50499
2026-09-11,AIR-LG-169,Indiranagar,1,28889
2026-09-11,AIR-VOL-174,Indiranagar,1,37299
2026-09-11,AIR-VOL-177,Indiranagar,1,32394
2026-09-11,CAM-CAN-207,Indiranagar,1,91389
2026-09-11,CAM-CAN-213,Indiranagar,1,53639
2026-09-11,CAM-SON-205,Indiranagar,2,57599
2026-09-11,GAM-MIC-218,Indiranagar,1,50999
2026-09-11,GAM-MIC-227,Indiranagar,1,40409
2026-09-11,GAM-MIC-230,Indiranagar,1,30299
2026-09-11,GAM-SON-219,Indiranagar,3,51399
2026-09-11,GAM-SON-222,Indiranagar,1,49229
2026-09-11,HEA-BOS-190,Indiranagar,1,28799
2026-09-11,HEA-JBL-185,Indiranagar,2,11969
2026-09-11,HEA-SON-179,Indiranagar,1,6599
2026-09-11,HP-ANC-700,Indiranagar,2,19990
2026-09-11,LAP-I5-G12,Indiranagar,1,54140
2026-09-11,REF-GOD-142,Indiranagar,3,42199
2026-09-11,REF-LG-149,Indiranagar,1,27699
2026-09-11,SMA-AMA-192,Indiranagar,1,40299
2026-09-11,SMA-APP-199,Indiranagar,1,38999
2026-09-11,SMA-NOI-200,Indiranagar,1,30299
2026-09-11,SMA-SAM-113,Indiranagar,1,51199
2026-09-11,TEL-XIA-132,Indiranagar,1,107599
2026-09-11,ACC-POR-235,Jayanagar,1,599
2026-09-11,AIR-DAI-176,Jayanagar,2,46999
2026-09-11,AIR-VOL-177,Jayanagar,2,32394
2026-09-11,CAM-SON-205,Jayanagar,1,57599
2026-09-11,GAM-MIC-230,Jayanagar,2,30299
2026-09-11,GAM-NIN-220,Jayanagar,1,39239
2026-09-11,GAM-NIN-226,Jayanagar,2,32394
2026-09-11,GAM-NIN-228,Jayanagar,2,49799
2026-09-11,GAM-SON-222,Jayanagar,1,49229
2026-09-11,HEA-BOA-189,Jayanagar,1,20234
2026-09-11,HEA-BOS-186,Jayanagar,2,16099
2026-09-11,HEA-BOS-190,Jayanagar,1,28799
2026-09-11,HEA-JBL-182,Jayanagar,4,24899
2026-09-11,HEA-JBL-185,Jayanagar,1,11339
2026-09-11,HEA-SON-188,Jayanagar,1,4599
2026-09-11,LAP-DEL-121,Jayanagar,1,57869
2026-09-11,LAP-I5-G12,Jayanagar,1,56990
2026-09-11,LAP-LEN-126,Jayanagar,1,110299
2026-09-11,REF-GOD-140,Jayanagar,2,30099
2026-09-11,REF-GOD-143,Jayanagar,1,51299
2026-09-11,REF-LG-141,Jayanagar,1,76409
2026-09-11,REF-LG-152,Jayanagar,1,68219
2026-09-11,REF-SAM-147,Jayanagar,1,42939
2026-09-11,SMA-APP-204,Jayanagar,1,42499
2026-09-11,SMA-NOI-197,Jayanagar,1,8399
2026-09-11,SMA-ONE-103,Jayanagar,1,28499
2026-09-11,SMA-ONE-107,Jayanagar,2,59849
2026-09-11,SMA-SAM-108,Jayanagar,1,55199
2026-09-11,SMA-SAM-112,Jayanagar,1,52344
2026-09-11,SMA-SAM-193,Jayanagar,4,11499
2026-09-11,TEL-LG-138,Jayanagar,1,81629
2026-09-11,TEL-TCL-131,Jayanagar,1,38799
2026-09-11,TEL-XIA-132,Jayanagar,1,107599
2026-09-11,WAS-BOS-165,Jayanagar,1,42299
2026-09-11,WAS-IFB-162,Jayanagar,1,16699
2026-09-11,WAS-LG-155,Jayanagar,1,43999
2026-09-11,WM-FL-8KG,Jayanagar,1,36990
2026-09-11,ACC-BEL-234,Koramangala,1,1499
2026-09-11,ACC-POR-236,Koramangala,1,449
2026-09-11,ACC-POR-242,Koramangala,1,1499
2026-09-11,AIR-BLU-167,Koramangala,1,58519
2026-09-11,GAM-MIC-218,Koramangala,2,50999
2026-09-11,GAM-SON-219,Koramangala,1,51399
2026-09-11,HEA-BOA-189,Koramangala,1,19169
2026-09-11,HEA-JBL-184,Koramangala,3,23399
2026-09-11,HEA-SON-188,Koramangala,1,4599
2026-09-11,LAP-ACE-118,Koramangala,2,52199
2026-09-11,LAP-DEL-115,Koramangala,1,112999
2026-09-11,LAP-DEL-122,Koramangala,1,94399
2026-09-11,LAP-HP-114,Koramangala,2,45899
2026-09-11,LAP-I5-G12,Koramangala,3,54140
2026-09-11,REF-GOD-142,Koramangala,1,42199
2026-09-11,REF-GOD-146,Koramangala,2,34399
2026-09-11,SMA-ONE-103,Koramangala,1,27074
2026-09-11,SMA-ONE-106,Koramangala,1,84299
2026-09-11,SMA-ONE-107,Koramangala,1,59849
2026-09-11,SMA-SAM-101,Koramangala,3,44269
2026-09-11,SMA-SAM-108,Koramangala,1,52439
2026-09-11,SMA-SAM-193,Koramangala,5,11499
2026-09-11,SMA-SAM-201,Koramangala,2,5099
2026-09-11,TEL-SAM-133,Koramangala,1,48899
2026-09-11,TEL-SON-135,Koramangala,1,46499
2026-09-11,TEL-TCL-131,Koramangala,1,36859
2026-09-11,TEL-TCL-137,Koramangala,1,96699
2026-09-11,TEL-XIA-127,Koramangala,2,18399
2026-09-11,TEL-XIA-132,Koramangala,3,107599
2026-09-11,TV-55Q7,Koramangala,1,56040
2026-09-11,TV-65U8,Koramangala,1,58491
2026-09-11,WAS-IFB-157,Koramangala,1,31824
2026-09-11,WAS-IFB-159,Koramangala,1,32964
2026-09-11,WAS-SAM-156,Koramangala,1,25839
2026-09-11,WAS-WHI-164,Koramangala,1,17099
2026-09-11,ACC-MI-240,Malleshwaram,2,3899
2026-09-11,ACC-MI-243,Malleshwaram,3,2469
2026-09-11,ACC-POR-236,Malleshwaram,1,499
2026-09-11,CAM-CAN-206,Malleshwaram,2,63839
2026-09-11,CAM-NIK-215,Malleshwaram,1,42799
2026-09-11,GAM-SON-219,Malleshwaram,1,48829
2026-09-11,GAM-SON-221,Malleshwaram,1,43599
2026-09-11,HEA-BOA-191,Malleshwaram,1,24999
2026-09-11,HEA-JBL-182,Malleshwaram,1,24899
2026-09-11,LAP-ACE-118,Malleshwaram,2,52199
2026-09-11,LAP-ASU-120,Malleshwaram,1,82199
2026-09-11,LAP-DEL-115,Malleshwaram,1,107349
2026-09-11,LAP-DEL-123,Malleshwaram,2,99899
2026-09-11,LAP-LEN-116,Malleshwaram,1,81359
2026-09-11,LAP-LEN-125,Malleshwaram,2,79699
2026-09-11,REF-GOD-143,Malleshwaram,2,51299
2026-09-11,REF-LG-149,Malleshwaram,1,24929
2026-09-11,REF-LG-152,Malleshwaram,1,72009
2026-09-11,REF-WHI-145,Malleshwaram,2,56999
2026-09-11,SMA-APP-110,Malleshwaram,2,24129
2026-09-11,SMA-APP-202,Malleshwaram,1,24889
2026-09-11,SMA-NOI-197,Malleshwaram,1,8399
2026-09-11,SMA-ONE-103,Malleshwaram,2,28499
2026-09-11,SMA-ONE-107,Malleshwaram,1,63174
2026-09-11,SMA-SAM-112,Malleshwaram,1,55099
2026-09-11,SMA-SAM-196,Malleshwaram,2,18999
2026-09-11,TEL-SON-139,Malleshwaram,1,69634
2026-09-11,WAS-IFB-159,Malleshwaram,1,34699
2026-09-11,WAS-LG-160,Malleshwaram,1,40199
2026-09-11,WAS-SAM-163,Malleshwaram,1,41899
2026-09-11,WAS-WHI-161,Malleshwaram,3,15839
2026-09-11,ACC-BEL-231,Whitefield,1,499
2026-09-11,ACC-BEL-238,Whitefield,3,3199
2026-09-11,ACC-POR-236,Whitefield,2,474
2026-09-11,ACC-POR-242,Whitefield,1,1499
2026-09-11,AIR-LG-168,Whitefield,1,32999
2026-09-11,AIR-LG-169,Whitefield,1,28889
2026-09-11,AIR-LG-175,Whitefield,1,45799
2026-09-11,AIR-VOL-174,Whitefield,1,37299
2026-09-11,CAM-CAN-214,Whitefield,1,57299
2026-09-11,GAM-MIC-227,Whitefield,2,44899
2026-09-11,GAM-NIN-220,Whitefield,1,43599
2026-09-11,GAM-SON-222,Whitefield,1,54699
2026-09-11,HEA-BOA-189,Whitefield,1,20234
2026-09-11,HEA-BOA-191,Whitefield,1,22499
2026-09-11,HEA-JBL-180,Whitefield,1,19094
2026-09-11,HEA-JBL-182,Whitefield,1,24899
2026-09-11,HEA-JBL-184,Whitefield,1,23399
2026-09-11,HEA-JBL-187,Whitefield,2,23899
2026-09-11,HP-ANC-700,Whitefield,1,19990
2026-09-11,LAP-DEL-115,Whitefield,1,112999
2026-09-11,LAP-DEL-124,Whitefield,1,78899
2026-09-11,LAP-LEN-125,Whitefield,1,79699
2026-09-11,REF-GOD-146,Whitefield,2,34399
2026-09-11,SMA-APP-109,Whitefield,2,43399
2026-09-11,SMA-APP-198,Whitefield,1,26099
2026-09-11,SMA-APP-199,Whitefield,3,37049
2026-09-11,SMA-APP-204,Whitefield,2,42499
2026-09-11,SMA-ONE-103,Whitefield,1,25649
2026-09-11,SMA-ONE-105,Whitefield,1,49799
2026-09-11,SMA-VIV-102,Whitefield,1,35399
2026-09-11,TEL-LG-138,Whitefield,1,90699
2026-09-11,TEL-SAM-128,Whitefield,1,107549
2026-09-11,WAS-LG-155,Whitefield,1,43999
2026-09-11,WAS-SAM-163,Whitefield,1,41899
2026-09-11,WAS-WHI-154,Whitefield,1,48399
2026-09-11,WM-FL-8KG,Whitefield,1,36990
2026-09-12,ACC-ANK-233,HSR Layout,1,3399
2026-09-12,ACC-ANK-239,HSR Layout,2,1139
2026-09-12,ACC-MI-243,HSR Layout,1,2469
2026-09-12,ACC-POR-241,HSR Layout,1,1519
2026-09-12,ACC-POR-242,HSR Layout,1,1499
2026-09-12,AIR-BLU-167,HSR Layout,1,58519
2026-09-12,AIR-LG-166,HSR Layout,2,50499
2026-09-12,AIR-LG-169,HSR Layout,1,32099
2026-09-12,AIR-LG-170,HSR Layout,1,32399
2026-09-12,AIR-LG-175,HSR Layout,1,41219
2026-09-12,AIR-VOL-174,HSR Layout,1,37299
2026-09-12,CAM-NIK-209,HSR Layout,1,68599
2026-09-12,CAM-SON-205,HSR Layout,2,57599
2026-09-12,GAM-NIN-220,HSR Layout,1,43599
2026-09-12,GAM-NIN-228,HSR Layout,3,49799
2026-09-12,GAM-SON-219,HSR Layout,1,48829
2026-09-12,HEA-BOA-183,HSR Layout,1,4899
2026-09-12,HEA-BOA-191,HSR Layout,3,23749
2026-09-12,HEA-BOS-190,HSR Layout,2,28799
2026-09-12,HEA-JBL-182,HSR Layout,2,24899
2026-09-12,LAP-HP-119,HSR Layout,1,70399
2026-09-12,LAP-LEN-116,HSR Layout,2,90399
2026-09-12,LAP-LEN-125,HSR Layout,2,71729
2026-09-12,REF-LG-141,HSR Layout,3,84899
2026-09-12,SMA-AMA-192,HSR Layout,1,40299
2026-09-12,SMA-NOI-195,HSR Layout,2,27359
2026-09-12,SMA-ONE-103,HSR Layout,2,28499
2026-09-12,SMA-ONE-107,HSR Layout,1,66499
2026-09-12,SMA-SAM-101,HSR Layout,1,46599
2026-09-12,SMA-SAM-112,HSR Layout,1,55099
2026-09-12,TEL-LG-138,HSR Layout,1,90699
2026-09-12,TEL-TCL-131,HSR Layout,1,38799
2026-09-12,TEL-TCL-137,HSR Layout,1,87029
2026-09-12,TEL-XIA-136,HSR Layout,2,49409
2026-09-12,TV-55Q7,HSR Layout,1,53091
2026-09-12,WAS-BOS-165,HSR Layout,2,42299
2026-09-12,WAS-IFB-159,HSR Layout,1,34699
2026-09-12,WAS-SAM-156,HSR Layout,1,24479
2026-09-12,WAS-SAM-163,HSR Layout,1,41899
2026-09-12,WAS-WHI-154,HSR Layout,1,48399
2026-09-12,ACC-ANK-233,Indiranagar,1,3059
2026-09-12,ACC-ANK-237,Indiranagar,4,2609
2026-09-12,ACC-BEL-231,Indiranagar,1,499
2026-09-12,ACC-POR-241,Indiranagar,2,1439
2026-09-12,ACC-POR-242,Indiranagar,1,1349
2026-09-12,AIR-DAI-172,Indiranagar,1,58799
2026-09-12,AIR-LG-166,Indiranagar,1,50499
2026-09-12,AIR-LG-175,Indiranagar,1,45799
2026-09-12,CAM-CAN-207,Indiranagar,2,96199
2026-09-12,CAM-CAN-213,Indiranagar,1,53639
2026-09-12,CAM-CAN-214,Indiranagar,1,57299
2026-09-12,CAM-NIK-209,Indiranagar,1,61739
2026-09-12,CAM-NIK-212,Indiranagar,2,89549
2026-09-12,CAM-SON-205,Indiranagar,2,51839
2026-09-12,GAM-NIN-226,Indiranagar,2,34099
2026-09-12,GAM-NIN-229,Indiranagar,4,47689
2026-09-12,GAM-SON-222,Indiranagar,1,51964
2026-09-12,HEA-BOA-183,Indiranagar,2,4409
2026-09-12,HEA-BOA-189,Indiranagar,2,20234
2026-09-12,HEA-JBL-185,Indiranagar,1,12599
2026-09-12,HEA-JBL-187,Indiranagar,2,23899
2026-09-12,HP-ANC-700,Indiranagar,1,19990
2026-09-12,LAP-ACE-118,Indiranagar,3,52199
2026-09-12,LAP-DEL-122,Indiranagar,1,94399
2026-09-12,LAP-DEL-124,Indiranagar,2,78899
2026-09-12,REF-GOD-142,Indiranagar,1,42199
2026-09-12,REF-GOD-143,Indiranagar,1,51299
2026-09-12,REF-LG-151,Indiranagar,1,54624
2026-09-12,REF-LG-152,Indiranagar,1,75799
2026-09-12,REF-WHI-145,Indiranagar,1,56999
2026-09-12,SMA-AMA-192,Indiranagar,2,36269
2026-09-12,SMA-AMA-203,Indiranagar,1,12899
2026-09-12,SMA-NOI-194,Indiranagar,1,3599
2026-09-12,SMA-NOI-197,Indiranagar,1,8399
2026-09-12,SMA-ONE-103,Indiranagar,2,28499
2026-09-12,SMA-SAM-112,Indiranagar,1,55099
2026-09-12,WAS-BOS-158,Indiranagar,4,32299
2026-09-12,WAS-SAM-163,Indiranagar,2,41899
2026-09-12,ACC-ANK-232,Jayanagar,1,2339
2026-09-12,ACC-BEL-238,Jayanagar,1,3199
2026-09-12,ACC-MI-240,Jayanagar,1,3899
2026-09-12,ACC-POR-241,Jayanagar,1,1519
2026-09-12,AIR-DAI-176,Jayanagar,1,46999
2026-09-12,AIR-LG-169,Jayanagar,1,32099
2026-09-12,AIR-LG-170,Jayanagar,2,29159
2026-09-12,AIR-LG-175,Jayanagar,2,41219
2026-09-12,AIR-VOL-174,Jayanagar,1,35434
2026-09-12,CAM-SON-205,Jayanagar,1,57599
2026-09-12,GAM-MIC-218,Jayanagar,1,48449
2026-09-12,GAM-NIN-224,Jayanagar,1,31199
2026-09-12,GAM-NIN-226,Jayanagar,1,30689
2026-09-12,GAM-NIN-228,Jayanagar,3,49799
2026-09-12,HEA-BOS-181,Jayanagar,1,9899
2026-09-12,HEA-BOS-190,Jayanagar,1,25919
2026-09-12,HEA-JBL-182,Jayanagar,1,24899
2026-09-12,HEA-JBL-185,Jayanagar,2,12599
2026-09-12,LAP-DEL-121,Jayanagar,1,64299
2026-09-12,LAP-DEL-122,Jayanagar,1,89679
2026-09-12,LAP-DEL-124,Jayanagar,1,78899
2026-09-12,LAP-HP-119,Jayanagar,1,63359
2026-09-12,LAP-LEN-116,Jayanagar,1,90399
2026-09-12,LAP-LEN-125,Jayanagar,1,71729
2026-09-12,REF-GOD-140,Jayanagar,1,30099
2026-09-12,REF-LG-141,Jayanagar,1,76409
2026-09-12,REF-LG-150,Jayanagar,2,49399
2026-09-12,REF-LG-152,Jayanagar,1,75799
2026-09-12,SMA-AMA-192,Jayanagar,1,40299
2026-09-12,SMA-NOI-195,Jayanagar,2,28799
2026-09-12,SMA-SAM-108,Jayanagar,1,55199
2026-09-12,SMA-SAM-112,Jayanagar,1,49589
2026-09-12,TEL-LG-138,Jayanagar,1,86164
2026-09-12,TEL-SAM-128,Jayanagar,1,119499
2026-09-12,TEL-SAM-133,Jayanagar,1,44009
2026-09-12,TEL-SON-139,Jayanagar,1,73299
2026-09-12,TEL-XIA-136,Jayanagar,1,52154
2026-09-12,TV-65U8,Jayanagar,1,61740
2026-09-12,WAS-IFB-162,Jayanagar,3,15029
2026-09-12,WAS-LG-155,Jayanagar,1,43999
2026-09-12,WAS-SAM-156,Jayanagar,1,27199
2026-09-12,WAS-WHI-161,Jayanagar,1,17599
2026-09-12,ACC-ANK-239,Koramangala,1,1199
2026-09-12,ACC-BEL-238,Koramangala,5,3199
2026-09-12,ACC-POR-236,Koramangala,3,449
2026-09-12,AIR-BLU-167,Koramangala,1,55439
2026-09-12,AIR-DAI-172,Koramangala,1,58799
2026-09-12,AIR-LG-170,Koramangala,1,29159
2026-09-12,AIR-VOL-177,Koramangala,1,34099
2026-09-12,CAM-CAN-207,Koramangala,1,96199
2026-09-12,CAM-NIK-215,Koramangala,2,42799
2026-09-12,GAM-MIC-225,Koramangala,2,52399
2026-09-12,GAM-NIN-220,Koramangala,1,43599
2026-09-12,GAM-NIN-229,Koramangala,1,47689
2026-09-12,GAM-SON-222,Koramangala,2,54699
2026-09-12,HEA-BOS-181,Koramangala,2,9899
2026-09-12,LAP-ACE-118,Koramangala,4,46979
2026-09-12,LAP-DEL-122,Koramangala,1,89679
2026-09-12,LAP-DEL-123,Koramangala,2,99899
2026-09-12,LAP-LEN-116,Koramangala,2,81359
2026-09-12,LAP-LEN-125,Koramangala,1,71729
2026-09-12,REF-GOD-146,Koramangala,2,34399
2026-09-12,REF-LG-149,Koramangala,1,26314
2026-09-12,REF-LG-151,Koramangala,1,51749
2026-09-12,REF-SAM-147,Koramangala,2,42939
2026-09-12,SMA-APP-199,Koramangala,1,35099
2026-09-12,SMA-NOI-195,Koramangala,1,28799
2026-09-12,SMA-ONE-103,Koramangala,1,25649
2026-09-12,SMA-ONE-107,Koramangala,1,66499
2026-09-12,SMA-SAM-113,Koramangala,2,51199
2026-09-12,SMA-SAM-193,Koramangala,3,11499
2026-09-12,TEL-LG-138,Koramangala,2,86164
2026-09-12,TEL-XIA-127,Koramangala,1,18399
2026-09-12,TEL-XIA-132,Koramangala,3,96839
2026-09-12,WAS-BOS-165,Koramangala,1,42299
2026-09-12,WAS-IFB-159,Koramangala,1,34699
2026-09-12,WAS-LG-160,Koramangala,1,40199
2026-09-12,WAS-WHI-154,Koramangala,1,48399
2026-09-12,WAS-WHI-164,Koramangala,2,17099
2026-09-12,WM-FL-8KG,Koramangala,2,36990
2026-09-12,ACC-ANK-233,Malleshwaram,1,3229
2026-09-12,ACC-MI-240,Malleshwaram,1,3899
2026-09-12,ACC-POR-236,Malleshwaram,1,474
2026-09-12,ACC-POR-241,Malleshwaram,1,1519
2026-09-12,AIR-BLU-173,Malleshwaram,1,55399
2026-09-12,AIR-BLU-178,Malleshwaram,1,35279
2026-09-12,AIR-DAI-176,Malleshwaram,1,46999
2026-09-12,AIR-LG-168,Malleshwaram,4,29699
2026-09-12,AIR-LG-170,Malleshwaram,2,32399
2026-09-12,CAM-CAN-206,Malleshwaram,2,63839
2026-09-12,CAM-NIK-209,Malleshwaram,1,68599
2026-09-12,CAM-NIK-215,Malleshwaram,1,40659
2026-09-12,CAM-NIK-216,Malleshwaram,1,86199
2026-09-12,CAM-NIK-217,Malleshwaram,1,59199
2026-09-12,CAM-SON-208,Malleshwaram,1,107499
2026-09-12,GAM-MIC-223,Malleshwaram,2,45979
2026-09-12,GAM-NIN-229,Malleshwaram,1,50199
2026-09-12,GAM-SON-219,Malleshwaram,1,51399
2026-09-12,GAM-SON-221,Malleshwaram,1,43599
2026-09-12,GAM-SON-222,Malleshwaram,1,54699
2026-09-12,HEA-BOA-191,Malleshwaram,2,23749
2026-09-12,HEA-BOS-181,Malleshwaram,1,9899
2026-09-12,HEA-JBL-180,Malleshwaram,2,20099
2026-09-12,HEA-JBL-185,Malleshwaram,1,12599
2026-09-12,HEA-JBL-187,Malleshwaram,3,21509
2026-09-12,LAP-ACE-118,Malleshwaram,1,46979
2026-09-12,LAP-ASU-120,Malleshwaram,1,82199
2026-09-12,LAP-DEL-115,Malleshwaram,1,101699
2026-09-12,LAP-DEL-123,Malleshwaram,1,99899
2026-09-12,LAP-DEL-124,Malleshwaram,1,74954
2026-09-12,LAP-HP-114,Malleshwaram,1,45899
2026-09-12,LAP-LEN-125,Malleshwaram,1,75714
2026-09-12,REF-GOD-140,Malleshwaram,1,30099
2026-09-12,REF-GOD-143,Malleshwaram,1,51299
2026-09-12,REF-LG-152,Malleshwaram,1,75799
2026-09-12,REF-WHI-145,Malleshwaram,1,56999
2026-09-12,SMA-APP-110,Malleshwaram,2,22859
2026-09-12,SMA-APP-202,Malleshwaram,1,23579
2026-09-12,SMA-NOI-197,Malleshwaram,1,8399
2026-09-12,SMA-ONE-105,Malleshwaram,1,49799
2026-09-12,SMA-ONE-106,Malleshwaram,1,84299
2026-09-12,SMA-ONE-107,Malleshwaram,1,66499
2026-09-12,SMA-SAM-108,Malleshwaram,2,55199
2026-09-12,SMA-VIV-102,Malleshwaram,1,31859
2026-09-12,TEL-SAM-133,Malleshwaram,1,48899
2026-09-12,TEL-SON-135,Malleshwaram,1,46499
2026-09-12,TEL-TCL-131,Malleshwaram,1,34919
2026-09-12,TV-55Q7,Malleshwaram,1,58990
2026-09-12,WAS-BOS-165,Malleshwaram,4,42299
2026-09-12,WAS-LG-160,Malleshwaram,3,40199
2026-09-12,WAS-SAM-156,Malleshwaram,2,25839
2026-09-12,WAS-WHI-161,Malleshwaram,1,17599
2026-09-12,ACC-ANK-233,Whitefield,1,3399
2026-09-12,ACC-BEL-234,Whitefield,1,1499
2026-09-12,ACC-BEL-238,Whitefield,1,3199
2026-09-12,ACC-MI-243,Whitefield,1,2599
2026-09-12,ACC-POR-241,Whitefield,1,1599
2026-09-12,AIR-BLU-178,Whitefield,1,35279
2026-09-12,AIR-LG-168,Whitefield,1,32999
2026-09-12,AIR-LG-169,Whitefield,1,32099
2026-09-12,AIR-VOL-177,Whitefield,2,30689
2026-09-12,CAM-CAN-210,Whitefield,2,83899
2026-09-12,CAM-CAN-214,Whitefield,2,54434
2026-09-12,CAM-NIK-209,Whitefield,1,65169
2026-09-12,CAM-NIK-215,Whitefield,1,42799
2026-09-12,CAM-SON-205,Whitefield,1,51839
2026-09-12,GAM-MIC-223,Whitefield,1,48399
2026-09-12,GAM-MIC-227,Whitefield,2,40409
2026-09-12,GAM-NIN-229,Whitefield,1,45179
2026-09-12,GAM-SON-222,Whitefield,1,54699
2026-09-12,HEA-BOA-189,Whitefield,1,21299
2026-09-12,HEA-BOA-191,Whitefield,1,24999
2026-09-12,HEA-JBL-180,Whitefield,1,19094
2026-09-12,HEA-JBL-182,Whitefield,1,23654
2026-09-12,HEA-JBL-187,Whitefield,1,21509
2026-09-12,HEA-SON-188,Whitefield,2,4599
2026-09-12,LAP-ASU-120,Whitefield,5,82199
2026-09-12,LAP-DEL-122,Whitefield,1,94399
2026-09-12,LAP-I5-G12,Whitefield,1,56990
2026-09-12,LAP-LEN-116,Whitefield,1,90399
2026-09-12,REF-LG-149,Whitefield,2,27699
2026-09-12,REF-LG-150,Whitefield,1,49399
2026-09-12,SMA-APP-109,Whitefield,3,43399
2026-09-12,SMA-APP-110,Whitefield,1,24129
2026-09-12,SMA-APP-198,Whitefield,2,26099
2026-09-12,SMA-APP-199,Whitefield,1,35099
2026-09-12,SMA-APP-202,Whitefield,1,26199
2026-09-12,SMA-APP-204,Whitefield,1,42499
2026-09-12,SMA-ONE-105,Whitefield,1,49799
2026-09-12,SMA-SAM-113,Whitefield,1,51199
2026-09-12,SMA-XIA-104,Whitefield,4,65429
2026-09-12,TEL-LG-138,Whitefield,4,86164
2026-09-12,TEL-TCL-137,Whitefield,1,91864
2026-09-12,WAS-BOS-158,Whitefield,1,32299
2026-09-12,WAS-IFB-153,Whitefield,1,22499
2026-09-12,WAS-WHI-154,Whitefield,1,48399
2026-09-13,ACC-ANK-233,HSR Layout,1,3399
2026-09-13,ACC-ANK-239,HSR Layout,1,1199
2026-09-13,ACC-BEL-234,HSR Layout,2,1349
2026-09-13,ACC-BEL-238,HSR Layout,1,3199
2026-09-13,ACC-POR-242,HSR Layout,1,1424
2026-09-13,AIR-LG-175,HSR Layout,2,43509
2026-09-13,AIR-VOL-177,HSR Layout,1,32394
2026-09-13,CAM-CAN-206,HSR Layout,1,67199
2026-09-13,CAM-NIK-215,HSR Layout,2,40659
2026-09-13,CAM-SON-208,HSR Layout,2,107499
2026-09-13,GAM-MIC-218,HSR Layout,1,50999
2026-09-13,GAM-NIN-228,HSR Layout,1,49799
2026-09-13,GAM-SON-222,HSR Layout,1,54699
2026-09-13,HEA-BOA-183,HSR Layout,2,4654
2026-09-13,HEA-BOS-190,HSR Layout,2,25919
2026-09-13,HEA-JBL-182,HSR Layout,2,22409
2026-09-13,HEA-SON-179,HSR Layout,2,6599
2026-09-13,HEA-SON-188,HSR Layout,2,4599
2026-09-13,HP-ANC-700,HSR Layout,1,19990
2026-09-13,LAP-ACE-118,HSR Layout,2,52199
2026-09-13,LAP-DEL-121,HSR Layout,1,57869
2026-09-13,LAP-DEL-123,HSR Layout,1,94904
2026-09-13,LAP-HP-119,HSR Layout,1,63359
2026-09-13,SMA-APP-199,HSR Layout,1,38999
2026-09-13,SMA-APP-204,HSR Layout,1,42499
2026-09-13,SMA-ONE-103,HSR Layout,1,27074
2026-09-13,SMA-SAM-101,HSR Layout,1,44269
2026-09-13,SMA-SAM-108,HSR Layout,1,55199
2026-09-13,SMA-SAM-113,HSR Layout,1,51199
2026-09-13,SMA-XIA-104,HSR Layout,1,72699
2026-09-13,SMA-XIA-111,HSR Layout,1,65599
2026-09-13,TEL-SON-130,HSR Layout,1,53099
2026-09-13,TEL-XIA-136,HSR Layout,2,54899
2026-09-13,TV-55Q7,HSR Layout,2,58990
2026-09-13,WAS-BOS-165,HSR Layout,2,40184
2026-09-13,WAS-IFB-159,HSR Layout,2,34699
2026-09-13,WAS-WHI-154,HSR Layout,2,43559
2026-09-13,WAS-WHI-161,HSR Layout,2,17599
2026-09-13,WAS-WHI-164,HSR Layout,1,17099
2026-09-13,ACC-ANK-237,Indiranagar,4,2609
2026-09-13,ACC-BEL-231,Indiranagar,2,449
2026-09-13,ACC-MI-243,Indiranagar,1,2599
2026-09-13,ACC-POR-235,Indiranagar,1,599
2026-09-13,ACC-POR-236,Indiranagar,3,499
2026-09-13,ACC-POR-241,Indiranagar,1,1439
2026-09-13,AIR-LG-166,Indiranagar,2,47974
2026-09-13,CAM-CAN-207,Indiranagar,2,96199
2026-09-13,CAM-NIK-209,Indiranagar,1,65169
2026-09-13,CAM-SON-205,Indiranagar,1,57599
2026-09-13,CAM-SON-208,Indiranagar,1,107499
2026-09-13,GAM-MIC-227,Indiranagar,1,40409
2026-09-13,GAM-MIC-230,Indiranagar,1,30299
2026-09-13,GAM-NIN-226,Indiranagar,1,32394
2026-09-13,GAM-NIN-229,Indiranagar,2,47689
2026-09-13,GAM-SON-221,Indiranagar,1,41419
2026-09-13,GAM-SON-222,Indiranagar,2,54699
2026-09-13,HEA-BOS-181,Indiranagar,3,9404
2026-09-13,HEA-JBL-185,Indiranagar,2,11339
2026-09-13,HP-ANC-700,Indiranagar,4,19990
2026-09-13,LAP-ACE-118,Indiranagar,1,49589
2026-09-13,LAP-DEL-122,Indiranagar,1,94399
2026-09-13,LAP-HP-114,Indiranagar,1,45899
2026-09-13,LAP-LEN-125,Indiranagar,1,79699
2026-09-13,LAP-LEN-126,Indiranagar,1,110299
2026-09-13,REF-GOD-143,Indiranagar,1,51299
2026-09-13,REF-LG-149,Indiranagar,2,26314
2026-09-13,SMA-AMA-192,Indiranagar,1,40299
2026-09-13,SMA-AMA-203,Indiranagar,1,12254
2026-09-13,SMA-APP-199,Indiranagar,1,35099
2026-09-13,SMA-NOI-194,Indiranagar,2,3599
2026-09-13,SMA-NOI-200,Indiranagar,1,30299
2026-09-13,SMA-VIV-102,Indiranagar,1,35399
2026-09-13,TEL-LG-138,Indiranagar,1,90699
2026-09-13,TEL-SON-130,Indiranagar,1,58999
2026-09-13,TEL-XIA-127,Indiranagar,1,18399
2026-09-13,TEL-XIA-136,Indiranagar,1,54899
2026-09-13,TV-55Q7,Indiranagar,1,53091
2026-09-13,WAS-IFB-162,Indiranagar,1,16699
2026-09-13,WAS-WHI-161,Indiranagar,1,17599
2026-09-13,ACC-ANK-237,Jayanagar,1,2754
2026-09-13,ACC-MI-240,Jayanagar,1,3509
2026-09-13,ACC-POR-241,Jayanagar,1,1599
2026-09-13,AIR-LG-166,Jayanagar,1,50499
2026-09-13,AIR-LG-170,Jayanagar,2,32399
2026-09-13,AIR-VOL-174,Jayanagar,2,37299
2026-09-13,CAM-CAN-206,Jayanagar,1,67199
2026-09-13,CAM-CAN-210,Jayanagar,1,83899
2026-09-13,CAM-SON-205,Jayanagar,1,54719
2026-09-13,CAM-SON-208,Jayanagar,1,96749
2026-09-13,GAM-MIC-230,Jayanagar,1,30299
2026-09-13,GAM-NIN-220,Jayanagar,1,41419
2026-09-13,GAM-SON-219,Jayanagar,1,48829
2026-09-13,GAM-SON-221,Jayanagar,1,43599
2026-09-13,GAM-SON-222,Jayanagar,3,54699
2026-09-13,HEA-BOS-181,Jayanagar,1,9899
2026-09-13,LAP-DEL-115,Jayanagar,1,112999
2026-09-13,LAP-DEL-124,Jayanagar,1,78899
2026-09-13,LAP-LEN-125,Jayanagar,1,79699
2026-09-13,LAP-LEN-126,Jayanagar,1,110299
2026-09-13,REF-GOD-140,Jayanagar,2,28594
2026-09-13,REF-GOD-143,Jayanagar,1,51299
2026-09-13,REF-LG-141,Jayanagar,2,80654
2026-09-13,REF-LG-149,Jayanagar,1,24929
2026-09-13,REF-LG-150,Jayanagar,3,44459
2026-09-13,REF-LG-152,Jayanagar,1,75799
2026-09-13,SMA-APP-204,Jayanagar,2,42499
2026-09-13,SMA-ONE-103,Jayanagar,1,28499
2026-09-13,SMA-SAM-112,Jayanagar,1,52344
2026-09-13,SMA-SAM-113,Jayanagar,2,48639
2026-09-13,SMA-SAM-193,Jayanagar,2,11499
2026-09-13,SMA-XIA-111,Jayanagar,2,65599
2026-09-13,TEL-SAM-133,Jayanagar,2,46454
2026-09-13,TEL-SON-139,Jayanagar,2,73299
2026-09-13,TEL-TCL-131,Jayanagar,1,38799
2026-09-13,TEL-XIA-134,Jayanagar,1,119999
2026-09-13,WAS-BOS-158,Jayanagar,1,33999
2026-09-13,WAS-BOS-165,Jayanagar,1,42299
2026-09-13,WAS-IFB-157,Jayanagar,1,30149
2026-09-13,WAS-IFB-162,Jayanagar,1,15029
2026-09-13,WAS-SAM-156,Jayanagar,1,24479
2026-09-13,WAS-WHI-154,Jayanagar,1,48399
2026-09-13,WM-FL-8KG,Jayanagar,2,35140
2026-09-13,ACC-ANK-233,Koramangala,1,3399
2026-09-13,ACC-ANK-237,Koramangala,1,2899
2026-09-13,ACC-BEL-234,Koramangala,2,1349
2026-09-13,ACC-BEL-238,Koramangala,2,3199
2026-09-13,AIR-BLU-167,Koramangala,3,61599
2026-09-13,AIR-DAI-172,Koramangala,2,58799
2026-09-13,AIR-LG-166,Koramangala,2,45449
2026-09-13,CAM-CAN-207,Koramangala,1,96199
2026-09-13,CAM-CAN-210,Koramangala,2,75509
2026-09-13,CAM-CAN-213,Koramangala,1,59599
2026-09-13,CAM-NIK-211,Koramangala,1,105599
2026-09-13,CAM-SON-205,Koramangala,1,57599
2026-09-13,GAM-MIC-218,Koramangala,1,50999
2026-09-13,GAM-MIC-223,Koramangala,1,45979
2026-09-13,GAM-MIC-225,Koramangala,2,49779
2026-09-13,GAM-NIN-220,Koramangala,1,43599
2026-09-13,GAM-NIN-228,Koramangala,1,49799
2026-09-13,GAM-NIN-229,Koramangala,1,50199
2026-09-13,GAM-SON-219,Koramangala,1,48829
2026-09-13,GAM-SON-222,Koramangala,2,49229
2026-09-13,HEA-BOA-191,Koramangala,1,23749
2026-09-13,HEA-BOS-181,Koramangala,1,9404
2026-09-13,HEA-JBL-184,Koramangala,2,23399
2026-09-13,HEA-JBL-185,Koramangala,1,11339
2026-09-13,HP-ANC-700,Koramangala,1,19990
2026-09-13,LAP-ACE-118,Koramangala,1,46979
2026-09-13,LAP-DEL-121,Koramangala,2,61084
2026-09-13,LAP-DEL-122,Koramangala,1,84959
2026-09-13,REF-GOD-142,Koramangala,1,40089
2026-09-13,REF-GOD-146,Koramangala,2,32679
2026-09-13,REF-GOD-148,Koramangala,1,65799
2026-09-13,REF-LG-141,Koramangala,2,84899
2026-09-13,REF-LG-149,Koramangala,2,26314
2026-09-13,REF-WHI-145,Koramangala,1,56999
2026-09-13,SMA-AMA-203,Koramangala,1,11609
2026-09-13,SMA-APP-199,Koramangala,1,37049
2026-09-13,SMA-NOI-194,Koramangala,2,3599
2026-09-13,SMA-ONE-106,Koramangala,2,84299
2026-09-13,SMA-ONE-107,Koramangala,1,66499
2026-09-13,SMA-SAM-101,Koramangala,1,46599
2026-09-13,SMA-SAM-108,Koramangala,1,55199
2026-09-13,SMA-SAM-193,Koramangala,2,11499
2026-09-13,SMA-SAM-196,Koramangala,1,18999
2026-09-13,SMA-XIA-111,Koramangala,1,65599
2026-09-13,SW-FIT-3,Koramangala,2,8999
2026-09-13,TEL-LG-138,Koramangala,2,90699
2026-09-13,TEL-SON-130,Koramangala,1,53099
2026-09-13,TEL-TCL-129,Koramangala,1,111149
2026-09-13,TEL-TCL-131,Koramangala,2,38799
2026-09-13,TEL-TCL-137,Koramangala,1,96699
2026-09-13,TEL-XIA-127,Koramangala,2,17479
2026-09-13,TEL-XIA-132,Koramangala,3,102219
2026-09-13,TEL-XIA-136,Koramangala,1,54899
2026-09-13,WAS-IFB-157,Koramangala,1,33499
2026-09-13,WAS-SAM-156,Koramangala,1,27199
2026-09-13,WAS-WHI-164,Koramangala,2,15389
2026-09-13,WM-FL-8KG,Koramangala,2,35140
2026-09-13,ACC-ANK-233,Malleshwaram,1,3399
2026-09-13,ACC-ANK-239,Malleshwaram,1,1079
2026-09-13,AIR-BLU-173,Malleshwaram,1,55399
2026-09-13,AIR-LG-166,Malleshwaram,1,45449
2026-09-13,AIR-LG-170,Malleshwaram,2,32399
2026-09-13,AIR-LG-171,Malleshwaram,2,51929
2026-09-13,CAM-CAN-206,Malleshwaram,3,67199
2026-09-13,CAM-NIK-212,Malleshwaram,2,94524
2026-09-13,CAM-SON-208,Malleshwaram,1,107499
2026-09-13,GAM-MIC-227,Malleshwaram,1,44899
2026-09-13,GAM-NIN-224,Malleshwaram,1,28079
2026-09-13,GAM-NIN-229,Malleshwaram,1,47689
2026-09-13,GAM-SON-222,Malleshwaram,1,54699
2026-09-13,HEA-BOA-189,Malleshwaram,1,21299
2026-09-13,HEA-BOS-181,Malleshwaram,1,8909
2026-09-13,HEA-BOS-190,Malleshwaram,2,27359
2026-09-13,HEA-JBL-180,Malleshwaram,3,19094
2026-09-13,HEA-JBL-182,Malleshwaram,1,23654
2026-09-13,HP-ANC-700,Malleshwaram,1,19990
2026-09-13,LAP-ACE-118,Malleshwaram,2,46979
2026-09-13,LAP-ASU-120,Malleshwaram,2,82199
2026-09-13,LAP-DEL-123,Malleshwaram,2,99899
2026-09-13,LAP-HP-119,Malleshwaram,1,63359
2026-09-13,REF-GOD-140,Malleshwaram,1,28594
2026-09-13,REF-WHI-145,Malleshwaram,1,56999
2026-09-13,SMA-APP-109,Malleshwaram,1,39059
2026-09-13,SMA-APP-204,Malleshwaram,1,42499
2026-09-13,SMA-ONE-105,Malleshwaram,2,49799
2026-09-13,SMA-ONE-107,Malleshwaram,2,59849
2026-09-13,SMA-VIV-102,Malleshwaram,1,35399
2026-09-13,SMA-XIA-104,Malleshwaram,1,72699
2026-09-13,SMA-XIA-111,Malleshwaram,1,62319
2026-09-13,TEL-SAM-128,Malleshwaram,1,113524
2026-09-13,TEL-SAM-133,Malleshwaram,1,44009
2026-09-13,TEL-SON-135,Malleshwaram,1,46499
2026-09-13,TEL-SON-139,Malleshwaram,1,73299
2026-09-13,TEL-TCL-131,Malleshwaram,1,38799
2026-09-13,TEL-XIA-134,Malleshwaram,1,107999
2026-09-13,TV-55Q7,Malleshwaram,2,53091
2026-09-13,WAS-IFB-162,Malleshwaram,1,15029
2026-09-13,WAS-LG-160,Malleshwaram,1,40199
2026-09-13,WAS-SAM-156,Malleshwaram,2,27199
2026-09-13,WAS-SAM-163,Malleshwaram,3,39804
2026-09-13,WAS-WHI-161,Malleshwaram,3,17599
2026-09-13,ACC-ANK-233,Whitefield,1,3399
2026-09-13,ACC-BEL-234,Whitefield,2,1499
2026-09-13,ACC-POR-236,Whitefield,1,499
2026-09-13,ACC-POR-241,Whitefield,1,1599
2026-09-13,ACC-POR-242,Whitefield,1,1499
2026-09-13,AIR-LG-170,Whitefield,1,32399
2026-09-13,AIR-VOL-177,Whitefield,3,34099
2026-09-13,CAM-NIK-209,Whitefield,1,61739
2026-09-13,CAM-NIK-215,Whitefield,1,40659
2026-09-13,CAM-NIK-216,Whitefield,2,81889
2026-09-13,GAM-MIC-227,Whitefield,4,44899
2026-09-13,GAM-NIN-220,Whitefield,1,43599
2026-09-13,GAM-NIN-228,Whitefield,1,49799
2026-09-13,GAM-SON-219,Whitefield,2,51399
2026-09-13,GAM-SON-222,Whitefield,1,54699
2026-09-13,HEA-BOA-189,Whitefield,2,21299
2026-09-13,HEA-BOS-181,Whitefield,3,8909
2026-09-13,HEA-JBL-187,Whitefield,2,23899
2026-09-13,HEA-SON-188,Whitefield,3,4369
2026-09-13,LAP-ASU-120,Whitefield,2,78089
2026-09-13,LAP-DEL-121,Whitefield,1,61084
2026-09-13,LAP-DEL-124,Whitefield,1,71009
2026-09-13,LAP-HP-114,Whitefield,1,45899
2026-09-13,LAP-I5-G12,Whitefield,1,51291
2026-09-13,LAP-LEN-116,Whitefield,1,90399
2026-09-13,LAP-LEN-125,Whitefield,1,79699
2026-09-13,REF-GOD-146,Whitefield,3,30959
2026-09-13,SMA-AMA-192,Whitefield,1,40299
2026-09-13,SMA-APP-109,Whitefield,3,41229
2026-09-13,SMA-APP-198,Whitefield,1,26099
2026-09-13,SMA-APP-202,Whitefield,3,23579
2026-09-13,SMA-NOI-194,Whitefield,1,3599
2026-09-13,SMA-NOI-195,Whitefield,1,28799
2026-09-13,SMA-NOI-200,Whitefield,2,28784
2026-09-13,SMA-SAM-101,Whitefield,1,44269
2026-09-13,SMA-SAM-108,Whitefield,1,49679
2026-09-13,SMA-SAM-112,Whitefield,1,55099
2026-09-13,SMA-XIA-104,Whitefield,1,72699
2026-09-13,TEL-LG-138,Whitefield,4,90699
2026-09-13,TEL-SAM-128,Whitefield,2,113524
2026-09-13,TEL-TCL-129,Whitefield,1,116999
2026-09-13,TEL-XIA-127,Whitefield,1,18399
2026-09-13,TV-55Q7,Whitefield,1,58990
2026-09-13,WAS-LG-155,Whitefield,1,43999
2026-09-13,WAS-WHI-154,Whitefield,1,48399
2026-09-14,ACC-ANK-233,HSR Layout,1,3399
2026-09-14,AIR-LG-168,HSR Layout,1,31349
2026-09-14,CAM-CAN-207,HSR Layout,1,86579
2026-09-14,CAM-CAN-214,HSR Layout,1,51569
2026-09-14,CAM-SON-208,HSR Layout,1,107499
2026-09-14,GAM-MIC-218,HSR Layout,1,48449
2026-09-14,GAM-NIN-220,HSR Layout,1,41419
2026-09-14,GAM-NIN-228,HSR Layout,4,49799
2026-09-14,GAM-NIN-229,HSR Layout,2,45179
2026-09-14,HEA-BOA-191,HSR Layout,1,24999
2026-09-14,HEA-BOS-190,HSR Layout,1,25919
2026-09-14,HEA-JBL-182,HSR Layout,1,24899
2026-09-14,HEA-JBL-184,HSR Layout,1,23399
2026-09-14,LAP-DEL-122,HSR Layout,1,94399
2026-09-14,LAP-LEN-116,HSR Layout,2,85879
2026-09-14,LAP-LEN-125,HSR Layout,1,75714
2026-09-14,REF-LG-144,HSR Layout,1,29339
2026-09-14,SMA-APP-109,HSR Layout,1,39059
2026-09-14,SMA-APP-199,HSR Layout,1,38999
2026-09-14,SMA-NOI-195,HSR Layout,3,28799
2026-09-14,SMA-NOI-200,HSR Layout,1,27269
2026-09-14,SMA-SAM-101,HSR Layout,2,44269
2026-09-14,SMA-XIA-104,HSR Layout,1,69064
2026-09-14,SMA-XIA-111,HSR Layout,1,65599
2026-09-14,SW-FIT-3,HSR Layout,1,8549
2026-09-14,TEL-SON-130,HSR Layout,1,58999
2026-09-14,TEL-SON-135,HSR Layout,1,46499
2026-09-14,TEL-TCL-137,HSR Layout,1,96699
2026-09-14,TEL-XIA-136,HSR Layout,5,52154
2026-09-14,WAS-BOS-165,HSR Layout,1,38069
2026-09-14,WAS-LG-155,HSR Layout,1,43999
2026-09-14,WAS-LG-160,HSR Layout,1,40199
2026-09-14,WAS-SAM-163,HSR Layout,1,41899
2026-09-14,WAS-WHI-154,HSR Layout,4,48399
2026-09-14,WAS-WHI-164,HSR Layout,1,17099
2026-09-14,ACC-MI-243,Indiranagar,3,2599
2026-09-14,ACC-POR-236,Indiranagar,1,499
2026-09-14,ACC-POR-242,Indiranagar,2,1499
2026-09-14,AIR-BLU-173,Indiranagar,1,55399
2026-09-14,AIR-DAI-172,Indiranagar,1,52919
2026-09-14,AIR-LG-170,Indiranagar,1,30779
2026-09-14,CAM-CAN-213,Indiranagar,1,59599
2026-09-14,CAM-SON-205,Indiranagar,2,51839
2026-09-14,GAM-MIC-227,Indiranagar,1,42654
2026-09-14,GAM-NIN-220,Indiranagar,2,43599
2026-09-14,GAM-NIN-229,Indiranagar,1,50199
2026-09-14,HEA-BOA-189,Indiranagar,2,21299
2026-09-14,HEA-BOS-181,Indiranagar,2,9899
2026-09-14,HEA-JBL-185,Indiranagar,4,11969
2026-09-14,HEA-SON-179,Indiranagar,2,6599
2026-09-14,HP-ANC-700,Indiranagar,8,19990
2026-09-14,LAP-DEL-124,Indiranagar,1,71009
2026-09-14,LAP-LEN-126,Indiranagar,1,110299
2026-09-14,REF-GOD-142,Indiranagar,1,40089
2026-09-14,REF-LG-149,Indiranagar,1,27699
2026-09-14,SMA-AMA-192,Indiranagar,1,40299
2026-09-14,SMA-APP-199,Indiranagar,2,38999
2026-09-14,SMA-NOI-194,Indiranagar,1,3599
2026-09-14,SMA-SAM-201,Indiranagar,1,5099
2026-09-14,SMA-XIA-111,Indiranagar,1,62319
2026-09-14,TEL-XIA-132,Indiranagar,1,107599
2026-09-14,TV-65U8,Indiranagar,1,58491
2026-09-14,WAS-IFB-159,Indiranagar,1,34699
2026-09-14,WAS-SAM-163,Indiranagar,1,41899
2026-09-14,WAS-WHI-161,Indiranagar,1,17599
2026-09-14,WAS-WHI-164,Indiranagar,1,16244
2026-09-14,ACC-ANK-232,Jayanagar,2,2469
2026-09-14,ACC-BEL-234,Jayanagar,1,1349
2026-09-14,ACC-BEL-238,Jayanagar,1,3199
2026-09-14,ACC-POR-235,Jayanagar,2,599
2026-09-14,ACC-POR-242,Jayanagar,1,1499
2026-09-14,AIR-DAI-172,Jayanagar,1,58799
2026-09-14,AIR-DAI-176,Jayanagar,1,42299
2026-09-14,CAM-NIK-217,Jayanagar,1,53279
2026-09-14,CAM-SON-205,Jayanagar,1,57599
2026-09-14,GAM-NIN-228,Jayanagar,1,44819
2026-09-14,GAM-SON-222,Jayanagar,2,54699
2026-09-14,HEA-BOA-191,Jayanagar,1,24999
2026-09-14,HEA-JBL-182,Jayanagar,1,22409
2026-09-14,LAP-DEL-123,Jayanagar,1,94904
2026-09-14,LAP-DEL-124,Jayanagar,1,78899
2026-09-14,LAP-LEN-116,Jayanagar,2,90399
2026-09-14,REF-GOD-140,Jayanagar,2,30099
2026-09-14,REF-WHI-145,Jayanagar,1,54149
2026-09-14,SMA-APP-199,Jayanagar,1,37049
2026-09-14,SMA-APP-204,Jayanagar,2,42499
2026-09-14,SMA-ONE-106,Jayanagar,1,75869
2026-09-14,SMA-SAM-108,Jayanagar,1,55199
2026-09-14,SMA-SAM-193,Jayanagar,1,11499
2026-09-14,TEL-LG-138,Jayanagar,1,90699
2026-09-14,TEL-SAM-133,Jayanagar,1,44009
2026-09-14,TEL-TCL-131,Jayanagar,1,38799
2026-09-14,TEL-XIA-134,Jayanagar,1,119999
2026-09-14,TEL-XIA-136,Jayanagar,1,52154
2026-09-14,WAS-BOS-158,Jayanagar,1,33999
2026-09-14,WAS-IFB-153,Jayanagar,2,22499
2026-09-14,WAS-IFB-157,Jayanagar,2,33499
2026-09-14,WAS-IFB-162,Jayanagar,5,15864
2026-09-14,WM-FL-8KG,Jayanagar,3,35140
2026-09-14,ACC-MI-240,Koramangala,1,3509
2026-09-14,ACC-POR-236,Koramangala,2,449
2026-09-14,AIR-BLU-167,Koramangala,3,58519
2026-09-14,CAM-CAN-206,Koramangala,1,67199
2026-09-14,CAM-CAN-213,Koramangala,1,59599
2026-09-14,CAM-NIK-215,Koramangala,1,40659
2026-09-14,GAM-MIC-218,Koramangala,1,45899
2026-09-14,GAM-MIC-225,Koramangala,2,52399
2026-09-14,GAM-MIC-227,Koramangala,1,44899
2026-09-14,GAM-NIN-220,Koramangala,1,43599
2026-09-14,GAM-SON-219,Koramangala,1,46259
2026-09-14,GAM-SON-222,Koramangala,1,54699
2026-09-14,HEA-BOS-181,Koramangala,1,9899
2026-09-14,LAP-ACE-118,Koramangala,3,52199
2026-09-14,LAP-ASU-120,Koramangala,1,82199
2026-09-14,LAP-DEL-115,Koramangala,1,112999
2026-09-14,LAP-HP-114,Koramangala,1,41309
2026-09-14,REF-GOD-140,Koramangala,1,30099
2026-09-14,REF-GOD-142,Koramangala,1,40089
2026-09-14,REF-GOD-146,Koramangala,1,34399
2026-09-14,REF-LG-141,Koramangala,1,84899
2026-09-14,REF-LG-149,Koramangala,1,27699
2026-09-14,REF-LG-150,Koramangala,1,49399
2026-09-14,SMA-NOI-194,Koramangala,1,3419
2026-09-14,SMA-ONE-106,Koramangala,2,84299
2026-09-14,SMA-SAM-101,Koramangala,1,41939
2026-09-14,SMA-SAM-108,Koramangala,2,52439
2026-09-14,SMA-SAM-113,Koramangala,1,46079
2026-09-14,SMA-SAM-193,Koramangala,3,11499
2026-09-14,SMA-SAM-201,Koramangala,1,4589
2026-09-14,SW-FIT-3,Koramangala,1,8999
2026-09-14,TEL-TCL-129,Koramangala,3,105299
2026-09-14,TEL-TCL-131,Koramangala,1,38799
2026-09-14,TEL-XIA-127,Koramangala,1,18399
2026-09-14,TEL-XIA-132,Koramangala,7,107599
2026-09-14,TV-55Q7,Koramangala,2,58990
2026-09-14,WAS-IFB-153,Koramangala,1,20249
2026-09-14,WAS-IFB-157,Koramangala,2,30149
2026-09-14,WAS-WHI-154,Koramangala,1,48399
2026-09-14,ACC-ANK-237,Malleshwaram,1,2899
2026-09-14,ACC-MI-240,Malleshwaram,1,3899
2026-09-14,ACC-MI-243,Malleshwaram,1,2599
2026-09-14,ACC-POR-235,Malleshwaram,1,539
2026-09-14,ACC-POR-241,Malleshwaram,1,1599
2026-09-14,AIR-LG-168,Malleshwaram,2,32999
2026-09-14,AIR-VOL-174,Malleshwaram,1,33569
2026-09-14,GAM-NIN-228,Malleshwaram,1,49799
2026-09-14,HEA-JBL-180,Malleshwaram,1,19094
2026-09-14,HEA-JBL-184,Malleshwaram,1,23399
2026-09-14,HEA-JBL-187,Malleshwaram,1,23899
2026-09-14,HEA-SON-179,Malleshwaram,1,5939
2026-09-14,HP-ANC-700,Malleshwaram,1,17991
2026-09-14,LAP-DEL-123,Malleshwaram,1,99899
2026-09-14,LAP-LEN-125,Malleshwaram,1,79699
2026-09-14,REF-GOD-140,Malleshwaram,2,28594
2026-09-14,SMA-APP-199,Malleshwaram,1,38999
2026-09-14,SMA-APP-204,Malleshwaram,1,40374
2026-09-14,SMA-NOI-195,Malleshwaram,1,28799
2026-09-14,SMA-NOI-200,Malleshwaram,1,27269
2026-09-14,SMA-ONE-103,Malleshwaram,1,27074
2026-09-14,SMA-ONE-106,Malleshwaram,2,75869
2026-09-14,SMA-SAM-201,Malleshwaram,3,4589
2026-09-14,WAS-BOS-165,Malleshwaram,2,42299
2026-09-14,WAS-IFB-157,Malleshwaram,1,33499
2026-09-14,WAS-SAM-156,Malleshwaram,1,27199
2026-09-14,WAS-SAM-163,Malleshwaram,2,41899
2026-09-14,ACC-POR-236,Whitefield,1,499
2026-09-14,AIR-LG-168,Whitefield,3,32999
2026-09-14,AIR-LG-171,Whitefield,2,51929
2026-09-14,AIR-VOL-177,Whitefield,2,34099
2026-09-14,CAM-CAN-210,Whitefield,1,75509
2026-09-14,CAM-NIK-215,Whitefield,1,42799
2026-09-14,CAM-SON-208,Whitefield,1,107499
2026-09-14,GAM-MIC-227,Whitefield,1,44899
2026-09-14,GAM-MIC-230,Whitefield,1,28784
2026-09-14,GAM-NIN-228,Whitefield,1,47309
2026-09-14,GAM-SON-221,Whitefield,1,39239
2026-09-14,HEA-BOA-183,Whitefield,1,4899
2026-09-14,HEA-BOA-189,Whitefield,1,21299
2026-09-14,HEA-JBL-187,Whitefield,1,23899
2026-09-14,HEA-SON-188,Whitefield,1,4369
2026-09-14,LAP-ASU-120,Whitefield,1,78089
2026-09-14,LAP-DEL-124,Whitefield,1,71009
2026-09-14,LAP-I5-G12,Whitefield,1,56990
2026-09-14,REF-GOD-140,Whitefield,1,30099
2026-09-14,REF-LG-149,Whitefield,1,26314
2026-09-14,REF-SAM-147,Whitefield,1,40679
2026-09-14,REF-WHI-145,Whitefield,1,56999
2026-09-14,SMA-APP-109,Whitefield,1,39059
2026-09-14,SMA-APP-110,Whitefield,1,25399
2026-09-14,SMA-APP-202,Whitefield,2,23579
2026-09-14,SMA-ONE-103,Whitefield,1,28499
2026-09-14,SMA-ONE-105,Whitefield,1,47309
2026-09-14,SMA-SAM-113,Whitefield,1,46079
2026-09-14,SMA-XIA-104,Whitefield,2,65429
2026-09-14,SMA-XIA-111,Whitefield,2,59039
2026-09-14,TEL-LG-138,Whitefield,2,86164
2026-09-14,TEL-SON-135,Whitefield,4,46499
2026-09-14,TEL-SON-139,Whitefield,1,69634
2026-09-14,TEL-TCL-129,Whitefield,1,116999
2026-09-14,TEL-XIA-134,Whitefield,1,119999
2026-09-14,TEL-XIA-136,Whitefield,1,49409
2026-09-14,TV-55Q7,Whitefield,1,58990
2026-09-14,TV-65U8,Whitefield,1,58491
2026-09-14,WAS-IFB-153,Whitefield,2,22499
2026-09-14,WAS-LG-155,Whitefield,2,43999
2026-09-14,WAS-WHI-154,Whitefield,2,45979
2026-09-15,ACC-ANK-233,HSR Layout,1,3399
2026-09-15,ACC-BEL-231,HSR Layout,1,474
2026-09-15,ACC-BEL-234,HSR Layout,1,1349
2026-09-15,ACC-POR-241,HSR Layout,1,1599
2026-09-15,ACC-POR-242,HSR Layout,1,1499
2026-09-15,AIR-BLU-173,HSR Layout,1,55399
2026-09-15,AIR-LG-166,HSR Layout,1,45449
2026-09-15,AIR-LG-169,HSR Layout,2,32099
2026-09-15,AIR-LG-170,HSR Layout,1,29159
2026-09-15,AIR-VOL-177,HSR Layout,2,30689
2026-09-15,CAM-CAN-206,HSR Layout,1,60479
2026-09-15,CAM-CAN-214,HSR Layout,1,54434
2026-09-15,CAM-SON-205,HSR Layout,1,57599
2026-09-15,GAM-MIC-227,HSR Layout,1,40409
2026-09-15,GAM-NIN-228,HSR Layout,4,49799
2026-09-15,GAM-NIN-229,HSR Layout,1,47689
2026-09-15,HEA-BOS-190,HSR Layout,1,28799
2026-09-15,HEA-JBL-182,HSR Layout,1,23654
2026-09-15,HEA-JBL-187,HSR Layout,1,23899
2026-09-15,LAP-HP-119,HSR Layout,1,66879
2026-09-15,LAP-I5-G12,HSR Layout,1,56990
2026-09-15,LAP-LEN-125,HSR Layout,1,79699
2026-09-15,REF-GOD-142,HSR Layout,1,42199
2026-09-15,REF-GOD-146,HSR Layout,1,30959
2026-09-15,REF-LG-144,HSR Layout,1,32599
2026-09-15,REF-LG-151,HSR Layout,2,57499
2026-09-15,REF-SAM-147,HSR Layout,1,45199
2026-09-15,SMA-APP-109,HSR Layout,1,43399
2026-09-15,SMA-APP-199,HSR Layout,1,38999
2026-09-15,SMA-NOI-195,HSR Layout,1,27359
2026-09-15,SMA-SAM-101,HSR Layout,1,46599
2026-09-15,SMA-SAM-196,HSR Layout,1,18999
2026-09-15,TEL-TCL-129,HSR Layout,1,105299
2026-09-15,TEL-TCL-137,HSR Layout,1,91864
2026-09-15,TEL-XIA-136,HSR Layout,1,54899
2026-09-15,TV-55Q7,HSR Layout,3,58990
2026-09-15,WAS-BOS-165,HSR Layout,1,42299
2026-09-15,WAS-LG-155,HSR Layout,2,43999
2026-09-15,WAS-WHI-154,HSR Layout,2,43559
2026-09-15,ACC-ANK-237,Indiranagar,4,2609
2026-09-15,ACC-ANK-239,Indiranagar,1,1139
2026-09-15,ACC-BEL-231,Indiranagar,1,449
2026-09-15,ACC-MI-243,Indiranagar,2,2599
2026-09-15,ACC-POR-235,Indiranagar,1,539
2026-09-15,ACC-POR-241,Indiranagar,1,1519
2026-09-15,ACC-POR-242,Indiranagar,2,1499
2026-09-15,AIR-BLU-173,Indiranagar,1,49859
2026-09-15,AIR-BLU-178,Indiranagar,2,39199
2026-09-15,AIR-LG-166,Indiranagar,2,50499
2026-09-15,CAM-CAN-206,Indiranagar,2,67199
2026-09-15,CAM-CAN-207,Indiranagar,2,96199
2026-09-15,CAM-NIK-211,Indiranagar,1,105599
2026-09-15,CAM-NIK-216,Indiranagar,1,86199
2026-09-15,GAM-MIC-218,Indiranagar,1,50999
2026-09-15,GAM-NIN-224,Indiranagar,2,29639
2026-09-15,GAM-NIN-229,Indiranagar,2,50199
2026-09-15,GAM-SON-219,Indiranagar,1,51399
2026-09-15,HEA-BOS-190,Indiranagar,1,28799
2026-09-15,HEA-JBL-180,Indiranagar,2,20099
2026-09-15,HEA-JBL-185,Indiranagar,2,11339
2026-09-15,HEA-JBL-187,Indiranagar,1,21509
2026-09-15,HP-ANC-700,Indiranagar,3,19990
2026-09-15,LAP-ACE-118,Indiranagar,2,46979
2026-09-15,LAP-DEL-115,Indiranagar,2,107349
2026-09-15,LAP-DEL-121,Indiranagar,1,64299
2026-09-15,REF-GOD-140,Indiranagar,1,30099
2026-09-15,REF-GOD-142,Indiranagar,1,40089
2026-09-15,REF-LG-151,Indiranagar,1,57499
2026-09-15,REF-LG-152,Indiranagar,1,68219
2026-09-15,SMA-AMA-192,Indiranagar,1,40299
2026-09-15,SMA-APP-199,Indiranagar,2,35099
2026-09-15,SMA-NOI-195,Indiranagar,1,28799
2026-09-15,SMA-NOI-200,Indiranagar,1,30299
2026-09-15,SMA-SAM-112,Indiranagar,1,49589
2026-09-15,SMA-SAM-201,Indiranagar,3,4589
2026-09-15,SMA-XIA-111,Indiranagar,1,62319
2026-09-15,TEL-TCL-131,Indiranagar,1,38799
2026-09-15,TEL-TCL-137,Indiranagar,1,96699
2026-09-15,TEL-XIA-136,Indiranagar,1,54899
2026-09-15,ACC-ANK-232,Jayanagar,1,2599
2026-09-15,ACC-BEL-231,Jayanagar,1,499
2026-09-15,ACC-MI-240,Jayanagar,1,3704
2026-09-15,AIR-BLU-178,Jayanagar,1,37239
2026-09-15,AIR-DAI-176,Jayanagar,1,42299
2026-09-15,AIR-LG-169,Jayanagar,1,30494
2026-09-15,AIR-LG-170,Jayanagar,1,32399
2026-09-15,AIR-VOL-177,Jayanagar,1,34099
2026-09-15,CAM-CAN-213,Jayanagar,1,56619
2026-09-15,GAM-MIC-230,Jayanagar,1,30299
2026-09-15,GAM-SON-221,Jayanagar,1,43599
2026-09-15,HEA-BOA-191,Jayanagar,1,22499
2026-09-15,HEA-BOS-181,Jayanagar,1,9899
2026-09-15,LAP-ACE-118,Jayanagar,1,52199
2026-09-15,LAP-DEL-123,Jayanagar,1,99899
2026-09-15,REF-GOD-140,Jayanagar,2,28594
2026-09-15,REF-LG-149,Jayanagar,1,24929
2026-09-15,REF-LG-150,Jayanagar,1,46929
2026-09-15,REF-LG-152,Jayanagar,1,75799
2026-09-15,SMA-APP-199,Jayanagar,1,38999
2026-09-15,SMA-NOI-195,Jayanagar,2,28799
2026-09-15,SMA-ONE-107,Jayanagar,1,63174
2026-09-15,SMA-SAM-112,Jayanagar,1,52344
2026-09-15,SMA-SAM-193,Jayanagar,1,10349
2026-09-15,SMA-VIV-102,Jayanagar,1,31859
2026-09-15,TEL-SAM-128,Jayanagar,1,107549
2026-09-15,TEL-SAM-133,Jayanagar,2,44009
2026-09-15,TEL-XIA-132,Jayanagar,2,107599
2026-09-15,TEL-XIA-136,Jayanagar,1,52154
2026-09-15,TV-65U8,Jayanagar,1,64990
2026-09-15,WAS-IFB-162,Jayanagar,1,15029
2026-09-15,WAS-SAM-163,Jayanagar,1,41899
2026-09-15,ACC-ANK-232,Koramangala,1,2599
2026-09-15,ACC-BEL-231,Koramangala,1,499
2026-09-15,ACC-BEL-234,Koramangala,1,1499
2026-09-15,ACC-BEL-238,Koramangala,2,3039
2026-09-15,ACC-POR-236,Koramangala,3,474
2026-09-15,ACC-POR-242,Koramangala,1,1499
2026-09-15,AIR-BLU-167,Koramangala,2,61599
2026-09-15,AIR-DAI-172,Koramangala,1,58799
2026-09-15,AIR-LG-166,Koramangala,1,50499
2026-09-15,AIR-LG-170,Koramangala,1,30779
2026-09-15,AIR-VOL-177,Koramangala,1,32394
2026-09-15,CAM-CAN-207,Koramangala,1,96199
2026-09-15,CAM-CAN-213,Koramangala,1,59599
2026-09-15,CAM-NIK-215,Koramangala,1,42799
2026-09-15,CAM-SON-208,Koramangala,2,102124
2026-09-15,GAM-NIN-220,Koramangala,2,39239
2026-09-15,GAM-NIN-228,Koramangala,1,44819
2026-09-15,GAM-SON-219,Koramangala,1,51399
2026-09-15,GAM-SON-221,Koramangala,1,41419
2026-09-15,HEA-BOS-186,Koramangala,1,16099
2026-09-15,LAP-ACE-118,Koramangala,1,46979
2026-09-15,LAP-DEL-121,Koramangala,1,61084
2026-09-15,LAP-DEL-123,Koramangala,1,99899
2026-09-15,LAP-DEL-124,Koramangala,1,78899
2026-09-15,REF-GOD-143,Koramangala,1,46169
2026-09-15,REF-GOD-146,Koramangala,2,30959
2026-09-15,REF-LG-141,Koramangala,1,76409
2026-09-15,REF-LG-144,Koramangala,1,32599
2026-09-15,REF-WHI-145,Koramangala,1,56999
2026-09-15,SMA-APP-204,Koramangala,1,38249
2026-09-15,SMA-NOI-197,Koramangala,2,7559
2026-09-15,SMA-SAM-101,Koramangala,1,46599
2026-09-15,SMA-SAM-113,Koramangala,2,51199
2026-09-15,SMA-SAM-193,Koramangala,2,11499
2026-09-15,TEL-XIA-132,Koramangala,2,107599
2026-09-15,TV-55Q7,Koramangala,2,58990
2026-09-15,WAS-BOS-165,Koramangala,1,42299
2026-09-15,WAS-IFB-157,Koramangala,1,33499
2026-09-15,WAS-IFB-159,Koramangala,1,31229
2026-09-15,WAS-WHI-154,Koramangala,2,48399
2026-09-15,WM-FL-8KG,Koramangala,1,36990
2026-09-15,ACC-ANK-233,Malleshwaram,1,3229
2026-09-15,ACC-MI-243,Malleshwaram,1,2599
2026-09-15,AIR-LG-168,Malleshwaram,2,32999
2026-09-15,AIR-LG-170,Malleshwaram,2,32399
2026-09-15,CAM-CAN-206,Malleshwaram,1,63839
2026-09-15,CAM-CAN-210,Malleshwaram,1,79704
2026-09-15,CAM-NIK-215,Malleshwaram,1,42799
2026-09-15,CAM-NIK-216,Malleshwaram,2,86199
2026-09-15,CAM-NIK-217,Malleshwaram,1,59199
2026-09-15,GAM-MIC-225,Malleshwaram,1,47159
2026-09-15,GAM-NIN-226,Malleshwaram,1,34099
2026-09-15,GAM-SON-219,Malleshwaram,1,46259
2026-09-15,GAM-SON-221,Malleshwaram,2,41419
2026-09-15,HEA-BOA-183,Malleshwaram,1,4654
2026-09-15,HEA-JBL-187,Malleshwaram,2,23899
2026-09-15,LAP-ASU-120,Malleshwaram,1,73979
2026-09-15,LAP-DEL-121,Malleshwaram,1,57869
2026-09-15,LAP-DEL-123,Malleshwaram,1,94904
2026-09-15,LAP-HP-114,Malleshwaram,1,43604
2026-09-15,LAP-LEN-125,Malleshwaram,1,79699
2026-09-15,REF-GOD-140,Malleshwaram,3,30099
2026-09-15,REF-LG-151,Malleshwaram,2,57499
2026-09-15,SMA-APP-110,Malleshwaram,1,22859
2026-09-15,SMA-APP-204,Malleshwaram,1,42499
2026-09-15,SMA-ONE-103,Malleshwaram,1,25649
2026-09-15,SMA-ONE-107,Malleshwaram,1,59849
2026-09-15,SW-FIT-3,Malleshwaram,1,8999
2026-09-15,TEL-SON-135,Malleshwaram,1,46499
2026-09-15,TEL-SON-139,Malleshwaram,1,65969
2026-09-15,TEL-TCL-131,Malleshwaram,1,38799
2026-09-15,TEL-XIA-134,Malleshwaram,1,107999
2026-09-15,WAS-LG-160,Malleshwaram,1,40199
2026-09-15,WAS-SAM-156,Malleshwaram,2,24479
2026-09-15,WAS-SAM-163,Malleshwaram,2,39804
2026-09-15,WAS-WHI-161,Malleshwaram,2,17599
2026-09-15,ACC-POR-236,Whitefield,1,499
2026-09-15,ACC-POR-241,Whitefield,2,1519
2026-09-15,AIR-VOL-174,Whitefield,1,33569
2026-09-15,CAM-CAN-214,Whitefield,2,51569
2026-09-15,CAM-NIK-215,Whitefield,1,42799
2026-09-15,GAM-MIC-227,Whitefield,1,40409
2026-09-15,GAM-SON-219,Whitefield,2,51399
2026-09-15,HEA-BOA-189,Whitefield,1,21299
2026-09-15,HEA-JBL-180,Whitefield,1,18089
2026-09-15,HEA-SON-188,Whitefield,2,4139
2026-09-15,LAP-ASU-120,Whitefield,1,82199
2026-09-15,LAP-DEL-121,Whitefield,1,64299
2026-09-15,LAP-DEL-123,Whitefield,1,99899
2026-09-15,LAP-HP-119,Whitefield,1,63359
2026-09-15,LAP-LEN-117,Whitefield,1,56049
2026-09-15,LAP-LEN-125,Whitefield,1,79699
2026-09-15,REF-GOD-140,Whitefield,1,30099
2026-09-15,REF-LG-149,Whitefield,2,27699
2026-09-15,REF-LG-150,Whitefield,1,49399
2026-09-15,SMA-APP-109,Whitefield,3,41229
2026-09-15,SMA-APP-202,Whitefield,2,26199
2026-09-15,SMA-APP-204,Whitefield,1,42499
2026-09-15,SMA-NOI-195,Whitefield,1,25919
2026-09-15,SMA-NOI-200,Whitefield,1,30299
2026-09-15,SMA-SAM-101,Whitefield,1,41939
2026-09-15,SMA-SAM-112,Whitefield,1,52344
2026-09-15,SMA-VIV-102,Whitefield,1,35399
2026-09-15,SMA-XIA-111,Whitefield,1,62319
2026-09-15,TEL-XIA-132,Whitefield,1,96839
2026-09-15,WAS-LG-160,Whitefield,1,38189
2026-09-15,WAS-SAM-163,Whitefield,1,39804
2026-09-15,WAS-WHI-154,Whitefield,1,45979
2026-09-15,WAS-WHI-164,Whitefield,1,17099
2026-09-16,ACC-ANK-239,HSR Layout,1,1199
2026-09-16,ACC-BEL-231,HSR Layout,2,499
2026-09-16,ACC-POR-235,HSR Layout,1,569
2026-09-16,AIR-DAI-172,HSR Layout,2,52919
2026-09-16,AIR-LG-169,HSR Layout,1,28889
2026-09-16,AIR-LG-170,HSR Layout,3,32399
2026-09-16,AIR-LG-175,HSR Layout,1,45799
2026-09-16,CAM-CAN-213,HSR Layout,2,53639
2026-09-16,CAM-NIK-212,HSR Layout,1,99499
2026-09-16,CAM-SON-205,HSR Layout,1,51839
2026-09-16,CAM-SON-208,HSR Layout,1,96749
2026-09-16,GAM-MIC-218,HSR Layout,1,50999
2026-09-16,GAM-MIC-225,HSR Layout,1,52399
2026-09-16,GAM-NIN-229,HSR Layout,1,50199
2026-09-16,GAM-SON-219,HSR Layout,1,46259
2026-09-16,HEA-BOA-183,HSR Layout,1,4899
2026-09-16,HEA-BOA-189,HSR Layout,1,21299
2026-09-16,HEA-BOS-190,HSR Layout,1,28799
2026-09-16,HEA-JBL-182,HSR Layout,1,23654
2026-09-16,HEA-JBL-187,HSR Layout,1,21509
2026-09-16,LAP-ACE-118,HSR Layout,1,49589
2026-09-16,LAP-HP-119,HSR Layout,1,70399
2026-09-16,LAP-LEN-116,HSR Layout,1,90399
2026-09-16,LAP-LEN-117,HSR Layout,1,53099
2026-09-16,LAP-LEN-125,HSR Layout,1,79699
2026-09-16,REF-LG-144,HSR Layout,1,32599
2026-09-16,SMA-APP-198,HSR Layout,1,26099
2026-09-16,SMA-APP-204,HSR Layout,1,42499
2026-09-16,SMA-NOI-195,HSR Layout,3,28799
2026-09-16,SMA-ONE-106,HSR Layout,1,84299
2026-09-16,SW-FIT-3,HSR Layout,1,8099
2026-09-16,TEL-LG-138,HSR Layout,1,90699
2026-09-16,TEL-SON-135,HSR Layout,1,41849
2026-09-16,TEL-XIA-134,HSR Layout,1,119999
2026-09-16,TEL-XIA-136,HSR Layout,2,49409
2026-09-16,TV-55Q7,HSR Layout,2,56040
2026-09-16,WAS-BOS-165,HSR Layout,2,42299
2026-09-16,WAS-IFB-153,HSR Layout,1,22499
2026-09-16,WAS-IFB-159,HSR Layout,1,34699
2026-09-16,WAS-WHI-154,HSR Layout,2,48399
2026-09-16,WAS-WHI-161,HSR Layout,1,16719
2026-09-16,WAS-WHI-164,HSR Layout,3,17099
2026-09-16,ACC-ANK-237,Indiranagar,2,2609
2026-09-16,ACC-MI-243,Indiranagar,2,2599
2026-09-16,AIR-DAI-176,Indiranagar,1,46999
2026-09-16,AIR-LG-169,Indiranagar,1,28889
2026-09-16,CAM-CAN-207,Indiranagar,1,96199
2026-09-16,CAM-CAN-213,Indiranagar,1,56619
2026-09-16,CAM-CAN-214,Indiranagar,1,57299
2026-09-16,CAM-NIK-209,Indiranagar,3,68599
2026-09-16,CAM-SON-205,Indiranagar,2,51839
2026-09-16,GAM-MIC-218,Indiranagar,1,48449
2026-09-16,GAM-MIC-227,Indiranagar,1,44899
2026-09-16,GAM-NIN-220,Indiranagar,1,39239
2026-09-16,GAM-NIN-229,Indiranagar,1,50199
2026-09-16,GAM-SON-222,Indiranagar,1,54699
2026-09-16,HEA-BOS-190,Indiranagar,2,28799
2026-09-16,HEA-JBL-185,Indiranagar,1,12599
2026-09-16,HP-ANC-700,Indiranagar,3,18990
2026-09-16,LAP-DEL-122,Indiranagar,1,94399
2026-09-16,LAP-HP-119,Indiranagar,1,66879
2026-09-16,LAP-LEN-116,Indiranagar,1,90399
2026-09-16,LAP-LEN-125,Indiranagar,1,71729
2026-09-16,LAP-LEN-126,Indiranagar,1,110299
2026-09-16,REF-LG-152,Indiranagar,1,75799
2026-09-16,SMA-AMA-192,Indiranagar,3,40299
2026-09-16,SMA-APP-202,Indiranagar,1,24889
2026-09-16,SMA-ONE-103,Indiranagar,1,28499
2026-09-16,SMA-ONE-107,Indiranagar,1,66499
2026-09-16,SMA-SAM-112,Indiranagar,1,49589
2026-09-16,SMA-SAM-201,Indiranagar,1,5099
2026-09-16,TEL-SAM-128,Indiranagar,1,119499
2026-09-16,TEL-SAM-133,Indiranagar,1,48899
2026-09-16,TEL-SON-135,Indiranagar,1,44174
2026-09-16,TEL-XIA-132,Indiranagar,1,107599
2026-09-16,TEL-XIA-134,Indiranagar,1,113999
2026-09-16,ACC-BEL-234,Jayanagar,1,1499
2026-09-16,ACC-MI-240,Jayanagar,1,3899
2026-09-16,ACC-MI-243,Jayanagar,1,2599
2026-09-16,ACC-POR-235,Jayanagar,2,599
2026-09-16,AIR-DAI-176,Jayanagar,2,42299
2026-09-16,AIR-LG-166,Jayanagar,1,50499
2026-09-16,CAM-NIK-217,Jayanagar,2,56239
2026-09-16,CAM-SON-205,Jayanagar,1,57599
2026-09-16,GAM-SON-221,Jayanagar,2,39239
2026-09-16,HEA-BOA-183,Jayanagar,1,4654
2026-09-16,HEA-BOS-181,Jayanagar,2,9899
2026-09-16,HEA-JBL-182,Jayanagar,2,24899
2026-09-16,HEA-JBL-187,Jayanagar,1,23899
2026-09-16,LAP-DEL-121,Jayanagar,1,61084
2026-09-16,LAP-DEL-123,Jayanagar,1,89909
2026-09-16,LAP-DEL-124,Jayanagar,1,78899
2026-09-16,LAP-LEN-116,Jayanagar,1,85879
2026-09-16,REF-GOD-143,Jayanagar,1,46169
2026-09-16,REF-LG-144,Jayanagar,1,32599
2026-09-16,REF-WHI-145,Jayanagar,2,56999
2026-09-16,SMA-APP-204,Jayanagar,1,42499
2026-09-16,SMA-ONE-107,Jayanagar,1,66499
2026-09-16,SMA-SAM-108,Jayanagar,4,55199
2026-09-16,SMA-SAM-113,Jayanagar,1,46079
2026-09-16,SMA-SAM-193,Jayanagar,1,10349
2026-09-16,SMA-XIA-111,Jayanagar,1,62319
2026-09-16,TEL-SON-139,Jayanagar,2,69634
2026-09-16,TEL-XIA-132,Jayanagar,1,107599
2026-09-16,TV-55Q7,Jayanagar,1,53091
2026-09-16,WAS-SAM-156,Jayanagar,1,27199
2026-09-16,WM-FL-8KG,Jayanagar,1,36990
2026-09-16,ACC-ANK-233,Koramangala,2,3399
2026-09-16,ACC-BEL-238,Koramangala,1,3039
2026-09-16,AIR-BLU-167,Koramangala,1,58519
2026-09-16,AIR-DAI-172,Koramangala,2,55859
2026-09-16,AIR-VOL-177,Koramangala,1,34099
2026-09-16,CAM-CAN-210,Koramangala,1,83899
2026-09-16,CAM-CAN-214,Koramangala,1,57299
2026-09-16,CAM-NIK-211,Koramangala,1,95039
2026-09-16,CAM-NIK-215,Koramangala,1,38519
2026-09-16,CAM-SON-205,Koramangala,1,57599
2026-09-16,GAM-MIC-218,Koramangala,3,45899
2026-09-16,GAM-MIC-225,Koramangala,2,52399
2026-09-16,GAM-SON-219,Koramangala,1,48829
2026-09-16,GAM-SON-221,Koramangala,1,39239
2026-09-16,HEA-JBL-184,Koramangala,1,21059
2026-09-16,LAP-ACE-118,Koramangala,1,46979
2026-09-16,LAP-DEL-122,Koramangala,1,89679
2026-09-16,REF-GOD-142,Koramangala,2,37979
2026-09-16,REF-LG-141,Koramangala,1,80654
2026-09-16,REF-LG-152,Koramangala,1,68219
2026-09-16,REF-SAM-147,Koramangala,1,45199
2026-09-16,SMA-NOI-194,Koramangala,1,3419
2026-09-16,SMA-NOI-197,Koramangala,2,8399
2026-09-16,SMA-ONE-103,Koramangala,1,28499
2026-09-16,SMA-SAM-193,Koramangala,5,11499
2026-09-16,TEL-LG-138,Koramangala,1,90699
2026-09-16,TEL-TCL-129,Koramangala,2,105299
2026-09-16,TEL-XIA-127,Koramangala,2,18399
2026-09-16,TEL-XIA-132,Koramangala,2,96839
2026-09-16,TV-55Q7,Koramangala,1,58990
2026-09-16,WAS-IFB-153,Koramangala,1,20249
2026-09-16,WAS-SAM-156,Koramangala,1,27199
2026-09-16,WAS-WHI-164,Koramangala,1,15389
2026-09-16,ACC-ANK-233,Malleshwaram,1,3399
2026-09-16,ACC-POR-241,Malleshwaram,1,1439
2026-09-16,AIR-BLU-173,Malleshwaram,1,55399
2026-09-16,AIR-DAI-172,Malleshwaram,2,58799
2026-09-16,AIR-LG-166,Malleshwaram,1,50499
2026-09-16,AIR-LG-168,Malleshwaram,1,32999
2026-09-16,AIR-LG-170,Malleshwaram,1,29159
2026-09-16,CAM-CAN-206,Malleshwaram,2,60479
2026-09-16,CAM-NIK-212,Malleshwaram,1,99499
2026-09-16,CAM-NIK-215,Malleshwaram,1,42799
2026-09-16,CAM-SON-205,Malleshwaram,1,54719
2026-09-16,CAM-SON-208,Malleshwaram,2,96749
2026-09-16,GAM-MIC-223,Malleshwaram,2,43559
2026-09-16,GAM-NIN-229,Malleshwaram,2,47689
2026-09-16,HEA-BOA-183,Malleshwaram,1,4899
2026-09-16,HEA-BOA-189,Malleshwaram,1,21299
2026-09-16,HEA-JBL-184,Malleshwaram,1,21059
2026-09-16,HEA-JBL-185,Malleshwaram,1,11339
2026-09-16,HEA-JBL-187,Malleshwaram,1,21509
2026-09-16,LAP-ACE-118,Malleshwaram,2,52199
2026-09-16,LAP-ASU-120,Malleshwaram,2,82199
2026-09-16,LAP-DEL-115,Malleshwaram,1,107349
2026-09-16,LAP-DEL-123,Malleshwaram,4,99899
2026-09-16,LAP-HP-119,Malleshwaram,1,70399
2026-09-16,REF-GOD-140,Malleshwaram,3,30099
2026-09-16,REF-GOD-146,Malleshwaram,1,34399
2026-09-16,REF-LG-151,Malleshwaram,1,54624
2026-09-16,SMA-AMA-203,Malleshwaram,1,12254
2026-09-16,SMA-ONE-106,Malleshwaram,2,84299
2026-09-16,SMA-SAM-108,Malleshwaram,1,49679
2026-09-16,TEL-SON-139,Malleshwaram,2,65969
2026-09-16,WAS-BOS-165,Malleshwaram,2,42299
2026-09-16,WAS-SAM-156,Malleshwaram,1,24479
2026-09-16,WAS-SAM-163,Malleshwaram,2,39804
2026-09-16,WAS-WHI-161,Malleshwaram,1,16719
2026-09-16,ACC-ANK-232,Whitefield,1,2469
2026-09-16,ACC-ANK-237,Whitefield,2,2899
2026-09-16,ACC-BEL-234,Whitefield,1,1499
2026-09-16,AIR-LG-169,Whitefield,1,32099
2026-09-16,AIR-LG-171,Whitefield,1,57699
2026-09-16,AIR-VOL-177,Whitefield,2,32394
2026-09-16,CAM-NIK-216,Whitefield,1,86199
2026-09-16,CAM-NIK-217,Whitefield,1,59199
2026-09-16,GAM-MIC-223,Whitefield,1,45979
2026-09-16,GAM-MIC-230,Whitefield,2,28784
2026-09-16,GAM-NIN-228,Whitefield,1,49799
2026-09-16,GAM-SON-219,Whitefield,2,51399
2026-09-16,GAM-SON-221,Whitefield,1,43599
2026-09-16,HEA-BOA-183,Whitefield,1,4899
2026-09-16,HEA-BOA-191,Whitefield,1,23749
2026-09-16,HEA-BOS-181,Whitefield,2,8909
2026-09-16,HEA-BOS-190,Whitefield,1,28799
2026-09-16,HEA-JBL-180,Whitefield,1,18089
2026-09-16,LAP-ACE-118,Whitefield,1,52199
2026-09-16,LAP-LEN-117,Whitefield,1,56049
2026-09-16,LAP-LEN-125,Whitefield,4,79699
2026-09-16,LAP-LEN-126,Whitefield,1,99269
2026-09-16,REF-GOD-146,Whitefield,1,34399
2026-09-16,REF-LG-149,Whitefield,1,27699
2026-09-16,REF-SAM-147,Whitefield,1,42939
2026-09-16,REF-WHI-145,Whitefield,1,51299
2026-09-16,SMA-APP-109,Whitefield,1,43399
2026-09-16,SMA-APP-199,Whitefield,1,38999
2026-09-16,SMA-APP-202,Whitefield,1,26199
2026-09-16,SMA-NOI-195,Whitefield,1,28799
2026-09-16,SMA-ONE-103,Whitefield,2,25649
2026-09-16,SMA-SAM-113,Whitefield,1,51199
2026-09-16,SMA-XIA-104,Whitefield,1,72699
2026-09-16,TEL-SAM-128,Whitefield,1,107549
2026-09-16,TEL-SON-135,Whitefield,1,44174
2026-09-16,TEL-XIA-132,Whitefield,1,96839
2026-09-16,TV-55Q7,Whitefield,1,56040
2026-09-16,WAS-LG-160,Whitefield,1,40199
2026-09-16,WAS-WHI-164,Whitefield,1,16244
2026-09-16,WM-FL-8KG,Whitefield,1,36990
2026-09-17,ACC-ANK-232,HSR Layout,1,2599
2026-09-17,ACC-ANK-239,HSR Layout,2,1139
2026-09-17,ACC-POR-242,HSR Layout,2,1499
2026-09-17,AIR-LG-166,HSR Layout,2,50499
2026-09-17,AIR-LG-169,HSR Layout,1,32099
2026-09-17,CAM-SON-208,HSR Layout,1,102124
2026-09-17,GAM-NIN-224,HSR Layout,1,31199
2026-09-17,GAM-NIN-228,HSR Layout,2,44819
2026-09-17,HEA-BOA-191,HSR Layout,1,24999
2026-09-17,LAP-DEL-122,HSR Layout,1,94399
2026-09-17,LAP-HP-119,HSR Layout,4,66879
2026-09-17,LAP-LEN-125,HSR Layout,3,71729
2026-09-17,REF-GOD-140,HSR Layout,1,30099
2026-09-17,REF-GOD-142,HSR Layout,1,42199
2026-09-17,REF-GOD-146,HSR Layout,1,32679
2026-09-17,REF-GOD-148,HSR Layout,1,65799
2026-09-17,REF-LG-141,HSR Layout,1,80654
2026-09-17,REF-LG-144,HSR Layout,1,32599
2026-09-17,REF-LG-151,HSR Layout,1,57499
2026-09-17,SMA-AMA-192,HSR Layout,1,40299
2026-09-17,SMA-APP-109,HSR Layout,1,43399
2026-09-17,SMA-APP-199,HSR Layout,2,38999
2026-09-17,SMA-NOI-194,HSR Layout,3,3599
2026-09-17,SMA-NOI-195,HSR Layout,1,25919
2026-09-17,SMA-SAM-101,HSR Layout,1,46599
2026-09-17,SMA-XIA-111,HSR Layout,1,65599
2026-09-17,TEL-SON-135,HSR Layout,2,41849
2026-09-17,TEL-XIA-136,HSR Layout,3,49409
2026-09-17,TV-55Q7,HSR Layout,3,58990
2026-09-17,WAS-BOS-158,HSR Layout,1,33999
2026-09-17,WAS-BOS-165,HSR Layout,1,42299
2026-09-17,WAS-WHI-154,HSR Layout,1,48399
2026-09-17,WAS-WHI-161,HSR Layout,1,17599
2026-09-17,ACC-ANK-239,Indiranagar,1,1199
2026-09-17,ACC-BEL-234,Indiranagar,1,1499
2026-09-17,ACC-MI-243,Indiranagar,1,2599
2026-09-17,ACC-POR-242,Indiranagar,1,1499
2026-09-17,AIR-LG-170,Indiranagar,1,32399
2026-09-17,CAM-CAN-207,Indiranagar,1,86579
2026-09-17,GAM-MIC-218,Indiranagar,2,48449
2026-09-17,GAM-MIC-225,Indiranagar,1,47159
2026-09-17,GAM-MIC-227,Indiranagar,1,44899
2026-09-17,GAM-NIN-224,Indiranagar,1,31199
2026-09-17,GAM-NIN-229,Indiranagar,3,50199
2026-09-17,HEA-BOS-181,Indiranagar,3,9899
2026-09-17,HEA-BOS-186,Indiranagar,1,16099
2026-09-17,HEA-BOS-190,Indiranagar,2,27359
2026-09-17,HEA-JBL-180,Indiranagar,1,20099
2026-09-17,HEA-JBL-185,Indiranagar,1,12599
2026-09-17,HEA-SON-179,Indiranagar,3,6269
2026-09-17,HP-ANC-700,Indiranagar,2,19990
2026-09-17,LAP-ACE-118,Indiranagar,1,52199
2026-09-17,REF-GOD-142,Indiranagar,2,42199
2026-09-17,REF-LG-152,Indiranagar,2,75799
2026-09-17,SMA-AMA-192,Indiranagar,2,38284
2026-09-17,SMA-AMA-203,Indiranagar,2,12899
2026-09-17,SMA-APP-198,Indiranagar,1,26099
2026-09-17,SMA-APP-199,Indiranagar,2,38999
2026-09-17,SMA-NOI-200,Indiranagar,1,27269
2026-09-17,SMA-ONE-103,Indiranagar,2,28499
2026-09-17,SMA-XIA-111,Indiranagar,1,65599
2026-09-17,TEL-TCL-137,Indiranagar,1,96699
2026-09-17,TV-55Q7,Indiranagar,1,53091
2026-09-17,WAS-IFB-153,Indiranagar,1,20249
2026-09-17,WAS-IFB-157,Indiranagar,1,33499
2026-09-17,WAS-LG-160,Indiranagar,1,36179
2026-09-17,WAS-SAM-156,Indiranagar,1,27199
2026-09-17,ACC-ANK-232,Jayanagar,1,2599
2026-09-17,ACC-POR-235,Jayanagar,1,599
2026-09-17,ACC-POR-242,Jayanagar,1,1499
2026-09-17,AIR-DAI-176,Jayanagar,1,42299
2026-09-17,AIR-LG-170,Jayanagar,3,32399
2026-09-17,AIR-LG-175,Jayanagar,1,43509
2026-09-17,AIR-VOL-174,Jayanagar,1,37299
2026-09-17,AIR-VOL-177,Jayanagar,1,34099
2026-09-17,CAM-NIK-212,Jayanagar,1,99499
2026-09-17,GAM-MIC-230,Jayanagar,1,30299
2026-09-17,GAM-NIN-226,Jayanagar,1,34099
2026-09-17,GAM-SON-221,Jayanagar,1,43599
2026-09-17,HEA-BOA-191,Jayanagar,1,24999
2026-09-17,HEA-BOS-190,Jayanagar,1,27359
2026-09-17,HEA-JBL-182,Jayanagar,1,24899
2026-09-17,LAP-DEL-123,Jayanagar,3,89909
2026-09-17,LAP-DEL-124,Jayanagar,2,71009
2026-09-17,LAP-LEN-125,Jayanagar,3,71729
2026-09-17,REF-GOD-140,Jayanagar,2,27089
2026-09-17,REF-LG-150,Jayanagar,2,44459
2026-09-17,REF-WHI-145,Jayanagar,2,56999
2026-09-17,SMA-APP-110,Jayanagar,1,24129
2026-09-17,SMA-ONE-106,Jayanagar,1,80084
2026-09-17,SW-FIT-3,Jayanagar,1,8099
2026-09-17,TEL-SAM-133,Jayanagar,2,46454
2026-09-17,TEL-SON-135,Jayanagar,1,44174
2026-09-17,WAS-IFB-153,Jayanagar,1,21374
2026-09-17,WAS-WHI-164,Jayanagar,1,15389
2026-09-17,WM-FL-8KG,Jayanagar,3,36990
2026-09-17,ACC-ANK-233,Koramangala,1,3399
2026-09-17,ACC-BEL-231,Koramangala,1,499
2026-09-17,ACC-BEL-234,Koramangala,1,1499
2026-09-17,ACC-BEL-238,Koramangala,4,3199
2026-09-17,ACC-POR-236,Koramangala,1,499
2026-09-17,CAM-CAN-206,Koramangala,1,67199
2026-09-17,CAM-CAN-207,Koramangala,2,96199
2026-09-17,CAM-CAN-213,Koramangala,2,59599
2026-09-17,CAM-NIK-209,Koramangala,1,68599
2026-09-17,CAM-NIK-212,Koramangala,1,89549
2026-09-17,GAM-MIC-218,Koramangala,1,48449
2026-09-17,GAM-MIC-225,Koramangala,2,52399
2026-09-17,GAM-NIN-220,Koramangala,1,43599
2026-09-17,HEA-JBL-185,Koramangala,1,12599
2026-09-17,HEA-JBL-187,Koramangala,1,21509
2026-09-17,HEA-SON-179,Koramangala,1,5939
2026-09-17,LAP-ACE-118,Koramangala,1,46979
2026-09-17,LAP-DEL-115,Koramangala,1,112999
2026-09-17,LAP-DEL-121,Koramangala,1,64299
2026-09-17,LAP-DEL-124,Koramangala,1,78899
2026-09-17,LAP-HP-119,Koramangala,1,63359
2026-09-17,LAP-LEN-116,Koramangala,1,90399
2026-09-17,REF-GOD-140,Koramangala,1,27089
2026-09-17,REF-GOD-142,Koramangala,1,40089
2026-09-17,REF-GOD-146,Koramangala,1,34399
2026-09-17,REF-GOD-148,Koramangala,1,65799
2026-09-17,REF-LG-141,Koramangala,1,84899
2026-09-17,REF-LG-149,Koramangala,1,24929
2026-09-17,SMA-AMA-192,Koramangala,1,40299
2026-09-17,SMA-APP-202,Koramangala,1,26199
2026-09-17,SMA-ONE-103,Koramangala,1,27074
2026-09-17,SMA-ONE-106,Koramangala,3,84299
2026-09-17,SMA-ONE-107,Koramangala,1,66499
2026-09-17,SMA-SAM-113,Koramangala,1,51199
2026-09-17,SMA-SAM-193,Koramangala,1,11499
2026-09-17,SW-FIT-3,Koramangala,2,8999
2026-09-17,TEL-LG-138,Koramangala,2,90699
2026-09-17,TEL-SON-135,Koramangala,1,44174
2026-09-17,TEL-SON-139,Koramangala,2,65969
2026-09-17,TEL-TCL-131,Koramangala,1,38799
2026-09-17,TEL-XIA-127,Koramangala,5,16559
2026-09-17,TEL-XIA-132,Koramangala,1,107599
2026-09-17,TEL-XIA-136,Koramangala,1,49409
2026-09-17,TV-55Q7,Koramangala,1,58990
2026-09-17,WAS-BOS-165,Koramangala,2,42299
2026-09-17,WAS-IFB-153,Koramangala,2,22499
2026-09-17,WAS-WHI-164,Koramangala,2,17099
2026-09-17,WM-FL-8KG,Koramangala,1,36990
2026-09-17,ACC-ANK-233,Malleshwaram,1,3229
2026-09-17,ACC-POR-236,Malleshwaram,1,499
2026-09-17,ACC-POR-241,Malleshwaram,2,1519
2026-09-17,AIR-DAI-176,Malleshwaram,1,46999
2026-09-17,AIR-LG-166,Malleshwaram,1,50499
2026-09-17,AIR-LG-169,Malleshwaram,1,30494
2026-09-17,AIR-LG-170,Malleshwaram,2,32399
2026-09-17,CAM-CAN-206,Malleshwaram,1,67199
2026-09-17,CAM-SON-205,Malleshwaram,1,57599
2026-09-17,GAM-MIC-225,Malleshwaram,1,49779
2026-09-17,GAM-MIC-227,Malleshwaram,1,44899
2026-09-17,GAM-NIN-224,Malleshwaram,1,31199
2026-09-17,GAM-NIN-228,Malleshwaram,1,47309
2026-09-17,GAM-NIN-229,Malleshwaram,1,47689
2026-09-17,GAM-SON-222,Malleshwaram,1,54699
2026-09-17,HEA-BOA-191,Malleshwaram,1,22499
2026-09-17,HEA-JBL-187,Malleshwaram,1,23899
2026-09-17,HEA-SON-179,Malleshwaram,1,5939
2026-09-17,HP-ANC-700,Malleshwaram,1,19990
2026-09-17,LAP-ACE-118,Malleshwaram,1,52199
2026-09-17,LAP-DEL-124,Malleshwaram,1,78899
2026-09-17,LAP-HP-119,Malleshwaram,1,70399
2026-09-17,LAP-LEN-125,Malleshwaram,2,79699
2026-09-17,REF-GOD-140,Malleshwaram,4,27089
2026-09-17,REF-LG-144,Malleshwaram,1,32599
2026-09-17,SMA-APP-109,Malleshwaram,1,39059
2026-09-17,SMA-APP-199,Malleshwaram,1,37049
2026-09-17,SMA-NOI-197,Malleshwaram,3,8399
2026-09-17,SMA-ONE-106,Malleshwaram,3,80084
2026-09-17,SMA-ONE-107,Malleshwaram,1,66499
2026-09-17,SMA-SAM-108,Malleshwaram,1,55199
2026-09-17,SMA-SAM-201,Malleshwaram,1,5099
2026-09-17,SMA-VIV-102,Malleshwaram,1,33629
2026-09-17,TEL-SAM-133,Malleshwaram,2,48899
2026-09-17,TEL-SON-135,Malleshwaram,1,41849
2026-09-17,TEL-SON-139,Malleshwaram,1,73299
2026-09-17,TEL-TCL-131,Malleshwaram,1,34919
2026-09-17,TEL-XIA-132,Malleshwaram,1,96839
2026-09-17,TV-65U8,Malleshwaram,1,64990
2026-09-17,WAS-IFB-159,Malleshwaram,1,34699
2026-09-17,WAS-IFB-162,Malleshwaram,1,16699
2026-09-17,WAS-LG-155,Malleshwaram,1,43999
2026-09-17,WAS-SAM-156,Malleshwaram,1,24479
2026-09-17,ACC-BEL-231,Whitefield,1,449
2026-09-17,ACC-MI-243,Whitefield,1,2599
2026-09-17,ACC-POR-241,Whitefield,1,1439
2026-09-17,AIR-DAI-172,Whitefield,1,55859
2026-09-17,AIR-LG-169,Whitefield,2,30494
2026-09-17,CAM-NIK-209,Whitefield,2,61739
2026-09-17,CAM-NIK-216,Whitefield,1,77579
2026-09-17,CAM-SON-208,Whitefield,1,102124
2026-09-17,GAM-MIC-227,Whitefield,1,44899
2026-09-17,GAM-SON-219,Whitefield,3,46259
2026-09-17,GAM-SON-222,Whitefield,2,51964
2026-09-17,HEA-BOA-189,Whitefield,1,21299
2026-09-17,HEA-BOA-191,Whitefield,1,24999
2026-09-17,HEA-JBL-180,Whitefield,1,20099
2026-09-17,HEA-JBL-182,Whitefield,1,24899
2026-09-17,LAP-ACE-118,Whitefield,1,52199
2026-09-17,LAP-ASU-120,Whitefield,1,73979
2026-09-17,LAP-DEL-121,Whitefield,2,61084
2026-09-17,LAP-DEL-124,Whitefield,2,78899
2026-09-17,LAP-LEN-125,Whitefield,1,79699
2026-09-17,LAP-LEN-126,Whitefield,1,110299
2026-09-17,REF-GOD-140,Whitefield,1,30099
2026-09-17,REF-GOD-146,Whitefield,2,34399
2026-09-17,REF-LG-149,Whitefield,3,27699
2026-09-17,REF-SAM-147,Whitefield,2,45199
2026-09-17,REF-WHI-145,Whitefield,1,56999
2026-09-17,SMA-APP-109,Whitefield,1,41229
2026-09-17,SMA-APP-199,Whitefield,1,38999
2026-09-17,SMA-APP-202,Whitefield,1,23579
2026-09-17,SMA-APP-204,Whitefield,1,42499
2026-09-17,SMA-ONE-106,Whitefield,1,84299
2026-09-17,SMA-SAM-101,Whitefield,2,46599
2026-09-17,SMA-XIA-104,Whitefield,1,69064
2026-09-17,TEL-LG-138,Whitefield,2,90699
2026-09-17,TEL-SON-139,Whitefield,2,65969
2026-09-17,TV-55Q7,Whitefield,2,53091
2026-09-17,WAS-IFB-153,Whitefield,2,21374
2026-09-17,WAS-LG-160,Whitefield,1,36179
2026-09-18,ACC-ANK-233,HSR Layout,1,3399
2026-09-18,ACC-ANK-239,HSR Layout,1,1199
2026-09-18,ACC-POR-241,HSR Layout,1,1599
2026-09-18,AIR-VOL-174,HSR Layout,1,35434
2026-09-18,CAM-CAN-210,HSR Layout,1,83899
2026-09-18,CAM-NIK-209,HSR Layout,2,68599
2026-09-18,CAM-NIK-211,HSR Layout,1,105599
2026-09-18,GAM-NIN-226,HSR Layout,1,32394
2026-09-18,GAM-NIN-228,HSR Layout,2,49799
2026-09-18,HEA-BOA-189,HSR Layout,1,21299
2026-09-18,HEA-BOA-191,HSR Layout,1,22499
2026-09-18,HEA-BOS-181,HSR Layout,1,9899
2026-09-18,HEA-BOS-186,HSR Layout,1,15294
2026-09-18,HEA-JBL-182,HSR Layout,4,24899
2026-09-18,HEA-SON-179,HSR Layout,1,5939
2026-09-18,HEA-SON-188,HSR Layout,1,4599
2026-09-18,HP-ANC-700,HSR Layout,1,19990
2026-09-18,LAP-HP-114,HSR Layout,1,43604
2026-09-18,LAP-LEN-116,HSR Layout,1,85879
2026-09-18,LAP-LEN-117,HSR Layout,1,56049
2026-09-18,REF-LG-141,HSR Layout,2,80654
2026-09-18,REF-LG-144,HSR Layout,1,32599
2026-09-18,REF-LG-151,HSR Layout,1,57499
2026-09-18,SMA-AMA-203,HSR Layout,1,12899
2026-09-18,SMA-APP-199,HSR Layout,1,35099
2026-09-18,SMA-NOI-195,HSR Layout,1,28799
2026-09-18,SMA-NOI-197,HSR Layout,1,7979
2026-09-18,SMA-ONE-106,HSR Layout,1,84299
2026-09-18,SMA-SAM-113,HSR Layout,1,46079
2026-09-18,SMA-XIA-111,HSR Layout,1,59039
2026-09-18,TEL-SON-130,HSR Layout,1,53099
2026-09-18,TEL-SON-135,HSR Layout,1,44174
2026-09-18,TEL-TCL-137,HSR Layout,2,96699
2026-09-18,TEL-XIA-136,HSR Layout,2,54899
2026-09-18,TV-55Q7,HSR Layout,3,53091
2026-09-18,WAS-BOS-158,HSR Layout,1,33999
2026-09-18,WAS-BOS-165,HSR Layout,2,42299
2026-09-18,WAS-LG-155,HSR Layout,1,43999
2026-09-18,WAS-LG-160,HSR Layout,1,40199
2026-09-18,ACC-BEL-234,Indiranagar,1,1499
2026-09-18,ACC-MI-243,Indiranagar,1,2599
2026-09-18,ACC-POR-236,Indiranagar,2,449
2026-09-18,ACC-POR-241,Indiranagar,1,1599
2026-09-18,AIR-LG-169,Indiranagar,1,32099
2026-09-18,CAM-CAN-213,Indiranagar,1,59599
2026-09-18,GAM-NIN-220,Indiranagar,1,39239
2026-09-18,GAM-NIN-229,Indiranagar,1,50199
2026-09-18,GAM-SON-222,Indiranagar,1,51964
2026-09-18,HEA-BOS-181,Indiranagar,1,9899
2026-09-18,HEA-BOS-190,Indiranagar,1,27359
2026-09-18,HEA-JBL-180,Indiranagar,2,19094
2026-09-18,HEA-JBL-184,Indiranagar,1,21059
2026-09-18,HEA-JBL-185,Indiranagar,5,11969
2026-09-18,HP-ANC-700,Indiranagar,4,19990
2026-09-18,LAP-DEL-124,Indiranagar,1,74954
2026-09-18,REF-GOD-143,Indiranagar,1,51299
2026-09-18,REF-GOD-148,Indiranagar,1,65799
2026-09-18,SMA-AMA-192,Indiranagar,1,40299
2026-09-18,SMA-APP-199,Indiranagar,2,35099
2026-09-18,SMA-NOI-194,Indiranagar,1,3599
2026-09-18,SMA-NOI-200,Indiranagar,3,28784
2026-09-18,SMA-ONE-107,Indiranagar,1,66499
2026-09-18,SMA-SAM-112,Indiranagar,1,52344
2026-09-18,SMA-SAM-201,Indiranagar,2,4589
2026-09-18,TEL-XIA-127,Indiranagar,1,17479
2026-09-18,TEL-XIA-132,Indiranagar,3,107599
2026-09-18,TV-65U8,Indiranagar,1,64990
2026-09-18,WAS-BOS-158,Indiranagar,1,33999
2026-09-18,WAS-LG-160,Indiranagar,1,36179
2026-09-18,ACC-ANK-232,Jayanagar,2,2599
2026-09-18,ACC-BEL-238,Jayanagar,2,3199
2026-09-18,ACC-POR-235,Jayanagar,1,599
2026-09-18,AIR-BLU-173,Jayanagar,1,55399
2026-09-18,AIR-LG-168,Jayanagar,1,31349
2026-09-18,AIR-VOL-177,Jayanagar,1,34099
2026-09-18,CAM-CAN-206,Jayanagar,2,67199
2026-09-18,GAM-NIN-220,Jayanagar,1,43599
2026-09-18,GAM-SON-219,Jayanagar,1,51399
2026-09-18,HEA-BOA-183,Jayanagar,1,4899
2026-09-18,HEA-BOA-191,Jayanagar,1,24999
2026-09-18,HP-ANC-700,Jayanagar,1,18990
2026-09-18,LAP-LEN-125,Jayanagar,2,71729
2026-09-18,REF-GOD-140,Jayanagar,1,30099
2026-09-18,REF-LG-151,Jayanagar,1,57499
2026-09-18,REF-LG-152,Jayanagar,1,68219
2026-09-18,REF-WHI-145,Jayanagar,1,54149
2026-09-18,SMA-APP-198,Jayanagar,1,24794
2026-09-18,SMA-APP-204,Jayanagar,1,42499
2026-09-18,SMA-NOI-197,Jayanagar,1,8399
2026-09-18,SMA-NOI-200,Jayanagar,1,27269
2026-09-18,SMA-SAM-101,Jayanagar,1,44269
2026-09-18,SMA-SAM-108,Jayanagar,3,55199
2026-09-18,SMA-SAM-112,Jayanagar,1,49589
2026-09-18,SMA-SAM-193,Jayanagar,1,10349
2026-09-18,SMA-VIV-102,Jayanagar,1,33629
2026-09-18,SMA-XIA-111,Jayanagar,1,65599
2026-09-18,TEL-LG-138,Jayanagar,1,90699
2026-09-18,TEL-SAM-128,Jayanagar,1,113524
2026-09-18,TEL-SAM-133,Jayanagar,1,46454
2026-09-18,TEL-SON-139,Jayanagar,1,69634
2026-09-18,TEL-TCL-131,Jayanagar,1,38799
2026-09-18,TEL-XIA-134,Jayanagar,1,119999
2026-09-18,WAS-BOS-158,Jayanagar,1,33999
2026-09-18,WAS-IFB-153,Jayanagar,1,22499
2026-09-18,WAS-IFB-157,Jayanagar,1,33499
2026-09-18,WAS-IFB-162,Jayanagar,1,16699
2026-09-18,WAS-SAM-163,Jayanagar,2,39804
2026-09-18,WAS-WHI-161,Jayanagar,1,17599
2026-09-18,WM-FL-8KG,Jayanagar,1,36990
2026-09-18,ACC-BEL-231,Koramangala,1,474
2026-09-18,AIR-BLU-167,Koramangala,1,61599
2026-09-18,AIR-DAI-172,Koramangala,2,58799
2026-09-18,AIR-LG-166,Koramangala,1,50499
2026-09-18,AIR-VOL-177,Koramangala,1,34099
2026-09-18,CAM-CAN-206,Koramangala,1,67199
2026-09-18,CAM-NIK-215,Koramangala,2,42799
2026-09-18,GAM-MIC-218,Koramangala,1,48449
2026-09-18,GAM-MIC-225,Koramangala,2,47159
2026-09-18,GAM-NIN-220,Koramangala,1,43599
2026-09-18,GAM-NIN-228,Koramangala,1,44819
2026-09-18,GAM-SON-219,Koramangala,1,51399
2026-09-18,HEA-BOA-191,Koramangala,1,24999
2026-09-18,HEA-BOS-181,Koramangala,1,9404
2026-09-18,HEA-SON-188,Koramangala,1,4599
2026-09-18,LAP-ACE-118,Koramangala,1,52199
2026-09-18,REF-GOD-140,Koramangala,1,30099
2026-09-18,REF-GOD-142,Koramangala,2,42199
2026-09-18,REF-GOD-143,Koramangala,2,51299
2026-09-18,REF-LG-141,Koramangala,2,76409
2026-09-18,REF-LG-149,Koramangala,1,27699
2026-09-18,REF-SAM-147,Koramangala,1,42939
2026-09-18,REF-WHI-145,Koramangala,1,56999
2026-09-18,SMA-NOI-195,Koramangala,1,28799
2026-09-18,SMA-ONE-103,Koramangala,1,25649
2026-09-18,SMA-ONE-106,Koramangala,1,84299
2026-09-18,SMA-SAM-193,Koramangala,1,11499
2026-09-18,TEL-LG-138,Koramangala,1,90699
2026-09-18,TEL-SON-135,Koramangala,1,46499
2026-09-18,TEL-TCL-131,Koramangala,1,36859
2026-09-18,TEL-XIA-132,Koramangala,4,102219
2026-09-18,WAS-BOS-165,Koramangala,2,42299
2026-09-18,WAS-IFB-157,Koramangala,1,33499
2026-09-18,WAS-WHI-164,Koramangala,1,17099
2026-09-18,ACC-MI-243,Malleshwaram,1,2599
2026-09-18,AIR-DAI-172,Malleshwaram,1,58799
2026-09-18,AIR-LG-166,Malleshwaram,1,50499
2026-09-18,AIR-LG-168,Malleshwaram,1,32999
2026-09-18,AIR-LG-169,Malleshwaram,1,30494
2026-09-18,AIR-LG-170,Malleshwaram,2,29159
2026-09-18,AIR-VOL-177,Malleshwaram,3,32394
2026-09-18,CAM-CAN-206,Malleshwaram,2,67199
2026-09-18,GAM-MIC-227,Malleshwaram,1,40409
2026-09-18,GAM-NIN-229,Malleshwaram,2,50199
2026-09-18,GAM-SON-221,Malleshwaram,1,43599
2026-09-18,GAM-SON-222,Malleshwaram,1,49229
2026-09-18,HEA-BOA-189,Malleshwaram,1,21299
2026-09-18,HEA-JBL-184,Malleshwaram,1,21059
2026-09-18,HEA-JBL-187,Malleshwaram,1,22704
2026-09-18,HP-ANC-700,Malleshwaram,3,19990
2026-09-18,LAP-ACE-118,Malleshwaram,1,52199
2026-09-18,LAP-ASU-120,Malleshwaram,2,82199
2026-09-18,LAP-DEL-115,Malleshwaram,1,101699
2026-09-18,LAP-DEL-123,Malleshwaram,1,99899
2026-09-18,REF-GOD-140,Malleshwaram,1,30099
2026-09-18,REF-LG-144,Malleshwaram,2,29339
2026-09-18,REF-LG-151,Malleshwaram,2,51749
2026-09-18,REF-LG-152,Malleshwaram,1,75799
2026-09-18,REF-WHI-145,Malleshwaram,1,56999
2026-09-18,SMA-APP-198,Malleshwaram,1,26099
2026-09-18,SMA-APP-202,Malleshwaram,2,26199
2026-09-18,SMA-APP-204,Malleshwaram,1,40374
2026-09-18,SMA-ONE-107,Malleshwaram,1,66499
2026-09-18,SMA-VIV-102,Malleshwaram,1,35399
2026-09-18,TEL-SAM-128,Malleshwaram,1,107549
2026-09-18,TEL-XIA-127,Malleshwaram,1,16559
2026-09-18,TV-55Q7,Malleshwaram,2,56040
2026-09-18,WAS-IFB-153,Malleshwaram,1,22499
2026-09-18,WAS-LG-160,Malleshwaram,2,38189
2026-09-18,WAS-SAM-156,Malleshwaram,2,27199
2026-09-18,ACC-ANK-237,Whitefield,1,2899
2026-09-18,ACC-BEL-238,Whitefield,1,3199
2026-09-18,ACC-MI-243,Whitefield,2,2469
2026-09-18,ACC-POR-235,Whitefield,1,599
2026-09-18,ACC-POR-236,Whitefield,2,499
2026-09-18,ACC-POR-241,Whitefield,2,1439
2026-09-18,AIR-LG-171,Whitefield,1,57699
2026-09-18,AIR-VOL-177,Whitefield,2,34099
2026-09-18,CAM-SON-205,Whitefield,1,57599
2026-09-18,GAM-MIC-227,Whitefield,1,44899
2026-09-18,GAM-NIN-224,Whitefield,1,31199
2026-09-18,GAM-SON-219,Whitefield,1,46259
2026-09-18,HEA-BOA-183,Whitefield,1,4899
2026-09-18,HEA-JBL-185,Whitefield,1,12599
2026-09-18,LAP-DEL-124,Whitefield,1,78899
2026-09-18,LAP-LEN-125,Whitefield,1,79699
2026-09-18,REF-GOD-140,Whitefield,1,28594
2026-09-18,REF-GOD-146,Whitefield,1,32679
2026-09-18,REF-LG-149,Whitefield,2,27699
2026-09-18,SMA-APP-109,Whitefield,1,43399
2026-09-18,SMA-APP-110,Whitefield,1,25399
2026-09-18,SMA-APP-198,Whitefield,1,26099
2026-09-18,SMA-APP-199,Whitefield,2,38999
2026-09-18,SMA-NOI-195,Whitefield,2,25919
2026-09-18,SMA-ONE-103,Whitefield,1,25649
2026-09-18,SMA-SAM-101,Whitefield,2,44269
2026-09-18,SMA-SAM-112,Whitefield,1,52344
2026-09-18,SMA-SAM-113,Whitefield,1,51199
2026-09-18,TEL-LG-138,Whitefield,2,90699
2026-09-18,TEL-XIA-132,Whitefield,1,107599
2026-09-18,TV-55Q7,Whitefield,1,56040
2026-09-18,WAS-BOS-158,Whitefield,1,33999
2026-09-18,WAS-IFB-153,Whitefield,2,22499
2026-09-18,WAS-LG-160,Whitefield,1,38189
2026-09-18,WAS-WHI-154,Whitefield,1,48399
2026-09-18,WM-FL-8KG,Whitefield,1,33291
2026-09-19,ACC-ANK-239,HSR Layout,1,1199
2026-09-19,AIR-BLU-167,HSR Layout,1,61599
2026-09-19,AIR-BLU-173,HSR Layout,1,55399
2026-09-19,AIR-LG-166,HSR Layout,1,45449
2026-09-19,AIR-LG-170,HSR Layout,1,32399
2026-09-19,AIR-VOL-174,HSR Layout,1,33569
2026-09-19,CAM-CAN-214,HSR Layout,2,54434
2026-09-19,CAM-NIK-215,HSR Layout,1,40659
2026-09-19,CAM-SON-208,HSR Layout,1,96749
2026-09-19,GAM-MIC-218,HSR Layout,1,45899
2026-09-19,GAM-NIN-220,HSR Layout,1,43599
2026-09-19,GAM-NIN-228,HSR Layout,2,49799
2026-09-19,GAM-SON-219,HSR Layout,1,51399
2026-09-19,HEA-BOA-189,HSR Layout,1,20234
2026-09-19,HEA-BOA-191,HSR Layout,1,24999
2026-09-19,HEA-BOS-181,HSR Layout,1,9404
2026-09-19,HEA-JBL-187,HSR Layout,1,23899
2026-09-19,HEA-SON-179,HSR Layout,1,6269
2026-09-19,LAP-HP-119,HSR Layout,1,70399
2026-09-19,LAP-LEN-125,HSR Layout,2,79699
2026-09-19,REF-GOD-140,HSR Layout,1,30099
2026-09-19,REF-GOD-146,HSR Layout,1,34399
2026-09-19,REF-GOD-148,HSR Layout,1,62509
2026-09-19,REF-LG-141,HSR Layout,2,80654
2026-09-19,REF-LG-144,HSR Layout,2,32599
2026-09-19,SMA-APP-109,HSR Layout,2,41229
2026-09-19,SMA-APP-202,HSR Layout,1,24889
2026-09-19,SMA-NOI-194,HSR Layout,2,3419
2026-09-19,SMA-SAM-101,HSR Layout,1,46599
2026-09-19,SMA-SAM-196,HSR Layout,1,18999
2026-09-19,TEL-LG-138,HSR Layout,1,90699
2026-09-19,TEL-SON-130,HSR Layout,1,58999
2026-09-19,TEL-SON-135,HSR Layout,1,44174
2026-09-19,TEL-TCL-131,HSR Layout,2,38799
2026-09-19,TEL-XIA-132,HSR Layout,1,107599
2026-09-19,TV-55Q7,HSR Layout,2,58990
2026-09-19,WAS-BOS-165,HSR Layout,1,42299
2026-09-19,WAS-IFB-159,HSR Layout,2,34699
2026-09-19,WAS-LG-155,HSR Layout,2,41799
2026-09-19,WAS-WHI-154,HSR Layout,1,43559
2026-09-19,WAS-WHI-161,HSR Layout,1,17599
2026-09-19,WM-FL-8KG,HSR Layout,1,33291
2026-09-19,ACC-ANK-233,Indiranagar,2,3399
2026-09-19,ACC-ANK-237,Indiranagar,3,2754
2026-09-19,ACC-ANK-239,Indiranagar,1,1199
2026-09-19,ACC-MI-243,Indiranagar,4,2599
2026-09-19,ACC-POR-236,Indiranagar,1,449
2026-09-19,ACC-POR-241,Indiranagar,1,1599
2026-09-19,ACC-POR-242,Indiranagar,1,1499
2026-09-19,AIR-LG-166,Indiranagar,2,50499
2026-09-19,CAM-CAN-207,Indiranagar,3,96199
2026-09-19,CAM-CAN-214,Indiranagar,1,51569
2026-09-19,CAM-NIK-209,Indiranagar,1,65169
2026-09-19,CAM-NIK-211,Indiranagar,1,105599
2026-09-19,CAM-NIK-216,Indiranagar,1,86199
2026-09-19,CAM-SON-208,Indiranagar,1,107499
2026-09-19,GAM-MIC-218,Indiranagar,2,45899
2026-09-19,GAM-NIN-228,Indiranagar,1,49799
2026-09-19,HEA-BOS-181,Indiranagar,3,9899
2026-09-19,HEA-BOS-190,Indiranagar,1,28799
2026-09-19,HEA-JBL-187,Indiranagar,1,23899
2026-09-19,HP-ANC-700,Indiranagar,1,17991
2026-09-19,REF-GOD-142,Indiranagar,2,37979
2026-09-19,REF-LG-152,Indiranagar,1,75799
2026-09-19,SMA-AMA-203,Indiranagar,1,12899
2026-09-19,SMA-APP-198,Indiranagar,1,26099
2026-09-19,SMA-APP-199,Indiranagar,2,38999
2026-09-19,SMA-NOI-194,Indiranagar,1,3599
2026-09-19,SMA-ONE-103,Indiranagar,1,28499
2026-09-19,SMA-ONE-105,Indiranagar,1,49799
2026-09-19,SMA-ONE-107,Indiranagar,1,63174
2026-09-19,SMA-SAM-101,Indiranagar,1,46599
2026-09-19,SMA-SAM-113,Indiranagar,1,46079
2026-09-19,SMA-SAM-201,Indiranagar,1,5099
2026-09-19,TEL-SAM-128,Indiranagar,2,119499
2026-09-19,TEL-TCL-131,Indiranagar,1,38799
2026-09-19,TEL-XIA-132,Indiranagar,1,102219
2026-09-19,TEL-XIA-136,Indiranagar,1,52154
2026-09-19,WAS-BOS-158,Indiranagar,2,30599
2026-09-19,WAS-IFB-153,Indiranagar,2,22499
2026-09-19,ACC-ANK-239,Jayanagar,1,1139
2026-09-19,ACC-MI-240,Jayanagar,1,3899
2026-09-19,ACC-MI-243,Jayanagar,1,2599
2026-09-19,ACC-POR-235,Jayanagar,1,569
2026-09-19,ACC-POR-242,Jayanagar,2,1499
2026-09-19,AIR-BLU-173,Jayanagar,1,52629
2026-09-19,AIR-DAI-176,Jayanagar,1,44649
2026-09-19,AIR-VOL-177,Jayanagar,2,34099
2026-09-19,CAM-NIK-211,Jayanagar,1,95039
2026-09-19,CAM-NIK-217,Jayanagar,1,59199
2026-09-19,CAM-SON-205,Jayanagar,1,57599
2026-09-19,CAM-SON-208,Jayanagar,1,102124
2026-09-19,GAM-NIN-228,Jayanagar,2,49799
2026-09-19,GAM-SON-219,Jayanagar,3,48829
2026-09-19,GAM-SON-221,Jayanagar,2,43599
2026-09-19,HEA-BOA-191,Jayanagar,1,23749
2026-09-19,HEA-BOS-181,Jayanagar,2,9404
2026-09-19,LAP-DEL-122,Jayanagar,1,94399
2026-09-19,LAP-DEL-123,Jayanagar,1,89909
2026-09-19,LAP-DEL-124,Jayanagar,1,78899
2026-09-19,LAP-HP-119,Jayanagar,2,63359
2026-09-19,LAP-LEN-125,Jayanagar,3,79699
2026-09-19,LAP-LEN-126,Jayanagar,2,104784
2026-09-19,REF-GOD-140,Jayanagar,1,28594
2026-09-19,REF-LG-150,Jayanagar,1,49399
2026-09-19,SMA-AMA-192,Jayanagar,1,38284
2026-09-19,SMA-NOI-197,Jayanagar,1,8399
2026-09-19,SMA-ONE-107,Jayanagar,2,63174
2026-09-19,SMA-SAM-108,Jayanagar,2,52439
2026-09-19,SMA-SAM-193,Jayanagar,1,10349
2026-09-19,SMA-XIA-111,Jayanagar,1,62319
2026-09-19,TEL-SAM-133,Jayanagar,1,48899
2026-09-19,TEL-SON-139,Jayanagar,1,69634
2026-09-19,TEL-TCL-131,Jayanagar,1,36859
2026-09-19,WAS-IFB-157,Jayanagar,1,30149
2026-09-19,WAS-IFB-159,Jayanagar,1,32964
2026-09-19,WAS-IFB-162,Jayanagar,2,16699
2026-09-19,WAS-LG-160,Jayanagar,2,38189
2026-09-19,WAS-SAM-163,Jayanagar,2,41899
2026-09-19,WAS-WHI-161,Jayanagar,3,17599
2026-09-19,WM-FL-8KG,Jayanagar,1,36990
2026-09-19,ACC-ANK-233,Koramangala,2,3229
2026-09-19,ACC-BEL-231,Koramangala,1,499
2026-09-19,ACC-BEL-238,Koramangala,2,3039
2026-09-19,ACC-MI-243,Koramangala,1,2339
2026-09-19,AIR-BLU-167,Koramangala,2,61599
2026-09-19,AIR-DAI-172,Koramangala,1,58799
2026-09-19,AIR-LG-171,Koramangala,2,54814
2026-09-19,CAM-CAN-206,Koramangala,1,67199
2026-09-19,CAM-CAN-214,Koramangala,1,57299
2026-09-19,CAM-NIK-212,Koramangala,1,94524
2026-09-19,GAM-MIC-218,Koramangala,1,50999
2026-09-19,GAM-MIC-225,Koramangala,3,49779
2026-09-19,GAM-SON-219,Koramangala,1,48829
2026-09-19,GAM-SON-221,Koramangala,1,41419
2026-09-19,HEA-BOA-189,Koramangala,1,21299
2026-09-19,HEA-SON-179,Koramangala,1,6269
2026-09-19,HEA-SON-188,Koramangala,1,4599
2026-09-19,LAP-DEL-122,Koramangala,1,94399
2026-09-19,LAP-DEL-123,Koramangala,1,99899
2026-09-19,LAP-DEL-124,Koramangala,1,74954
2026-09-19,REF-GOD-143,Koramangala,1,51299
2026-09-19,REF-GOD-146,Koramangala,1,34399
2026-09-19,REF-LG-141,Koramangala,2,84899
2026-09-19,REF-LG-144,Koramangala,3,32599
2026-09-19,REF-LG-149,Koramangala,1,26314
2026-09-19,REF-SAM-147,Koramangala,1,42939
2026-09-19,SMA-APP-202,Koramangala,1,23579
2026-09-19,SMA-APP-204,Koramangala,1,40374
2026-09-19,SMA-NOI-197,Koramangala,1,8399
2026-09-19,SMA-ONE-106,Koramangala,5,75869
2026-09-19,SMA-SAM-108,Koramangala,2,55199
2026-09-19,SMA-SAM-113,Koramangala,1,46079
2026-09-19,SMA-SAM-193,Koramangala,4,11499
2026-09-19,SW-FIT-3,Koramangala,1,8099
2026-09-19,TEL-SON-130,Koramangala,1,58999
2026-09-19,TEL-SON-135,Koramangala,1,46499
2026-09-19,TEL-TCL-131,Koramangala,1,36859
2026-09-19,TEL-TCL-137,Koramangala,1,96699
2026-09-19,TEL-XIA-127,Koramangala,1,17479
2026-09-19,TEL-XIA-132,Koramangala,3,107599
2026-09-19,TV-55Q7,Koramangala,3,58990
2026-09-19,WAS-BOS-158,Koramangala,1,33999
2026-09-19,WAS-BOS-165,Koramangala,3,42299
2026-09-19,WAS-IFB-153,Koramangala,1,22499
2026-09-19,WAS-IFB-157,Koramangala,1,33499
2026-09-19,WAS-IFB-159,Koramangala,1,34699
2026-09-19,WAS-LG-160,Koramangala,1,36179
2026-09-19,WAS-WHI-164,Koramangala,3,17099
2026-09-19,WM-FL-8KG,Koramangala,1,36990
2026-09-19,ACC-BEL-231,Malleshwaram,1,499
2026-09-19,ACC-BEL-238,Malleshwaram,3,3199
2026-09-19,ACC-POR-242,Malleshwaram,1,1499
2026-09-19,AIR-BLU-173,Malleshwaram,1,52629
2026-09-19,AIR-LG-166,Malleshwaram,1,50499
2026-09-19,AIR-LG-168,Malleshwaram,1,29699
2026-09-19,AIR-LG-170,Malleshwaram,6,32399
2026-09-19,CAM-CAN-206,Malleshwaram,3,67199
2026-09-19,CAM-NIK-212,Malleshwaram,2,94524
2026-09-19,CAM-NIK-215,Malleshwaram,1,42799
2026-09-19,CAM-NIK-216,Malleshwaram,2,86199
2026-09-19,CAM-NIK-217,Malleshwaram,2,59199
2026-09-19,CAM-SON-205,Malleshwaram,1,57599
2026-09-19,GAM-MIC-227,Malleshwaram,2,42654
2026-09-19,GAM-NIN-226,Malleshwaram,2,34099
2026-09-19,GAM-NIN-229,Malleshwaram,2,50199
2026-09-19,GAM-SON-221,Malleshwaram,1,41419
2026-09-19,GAM-SON-222,Malleshwaram,2,54699
2026-09-19,HEA-BOA-183,Malleshwaram,1,4899
2026-09-19,HEA-BOS-181,Malleshwaram,1,9899
2026-09-19,HEA-JBL-185,Malleshwaram,1,11969
2026-09-19,HEA-JBL-187,Malleshwaram,1,23899
2026-09-19,LAP-ASU-120,Malleshwaram,1,82199
2026-09-19,LAP-DEL-123,Malleshwaram,4,89909
2026-09-19,LAP-DEL-124,Malleshwaram,1,78899
2026-09-19,LAP-HP-114,Malleshwaram,1,41309
2026-09-19,LAP-LEN-125,Malleshwaram,2,71729
2026-09-19,REF-GOD-140,Malleshwaram,5,30099
2026-09-19,REF-GOD-143,Malleshwaram,1,51299
2026-09-19,REF-LG-144,Malleshwaram,1,32599
2026-09-19,REF-WHI-145,Malleshwaram,2,56999
2026-09-19,SMA-APP-110,Malleshwaram,1,22859
2026-09-19,SMA-ONE-103,Malleshwaram,1,25649
2026-09-19,SMA-SAM-113,Malleshwaram,1,48639
2026-09-19,SMA-SAM-196,Malleshwaram,1,18999
2026-09-19,SMA-SAM-201,Malleshwaram,1,5099
2026-09-19,SMA-VIV-102,Malleshwaram,2,35399
2026-09-19,SMA-XIA-111,Malleshwaram,1,65599
2026-09-19,TEL-SON-130,Malleshwaram,1,58999
2026-09-19,TEL-SON-139,Malleshwaram,1,73299
2026-09-19,WAS-BOS-165,Malleshwaram,2,42299
2026-09-19,WAS-IFB-162,Malleshwaram,1,15864
2026-09-19,WAS-SAM-156,Malleshwaram,3,27199
2026-09-19,WAS-SAM-163,Malleshwaram,1,41899
2026-09-19,ACC-BEL-238,Whitefield,1,2879
2026-09-19,AIR-BLU-178,Whitefield,1,37239
2026-09-19,AIR-DAI-172,Whitefield,1,58799
2026-09-19,CAM-CAN-214,Whitefield,3,54434
2026-09-19,CAM-NIK-209,Whitefield,1,65169
2026-09-19,CAM-NIK-211,Whitefield,1,105599
2026-09-19,GAM-MIC-223,Whitefield,1,48399
2026-09-19,GAM-MIC-227,Whitefield,2,40409
2026-09-19,GAM-NIN-220,Whitefield,2,43599
2026-09-19,GAM-NIN-226,Whitefield,1,34099
2026-09-19,GAM-SON-219,Whitefield,6,51399
2026-09-19,GAM-SON-222,Whitefield,1,51964
2026-09-19,HEA-BOA-189,Whitefield,2,21299
2026-09-19,HEA-BOS-186,Whitefield,1,14489
2026-09-19,HEA-JBL-185,Whitefield,1,11969
2026-09-19,HEA-SON-188,Whitefield,2,4599
2026-09-19,LAP-DEL-121,Whitefield,1,64299
2026-09-19,LAP-DEL-124,Whitefield,1,78899
2026-09-19,LAP-HP-114,Whitefield,1,45899
2026-09-19,LAP-LEN-116,Whitefield,1,85879
2026-09-19,LAP-LEN-125,Whitefield,1,79699
2026-09-19,REF-GOD-140,Whitefield,1,28594
2026-09-19,REF-GOD-142,Whitefield,1,42199
2026-09-19,REF-GOD-146,Whitefield,2,32679
2026-09-19,REF-LG-144,Whitefield,2,32599
2026-09-19,REF-LG-149,Whitefield,2,27699
2026-09-19,REF-SAM-147,Whitefield,1,45199
2026-09-19,REF-WHI-145,Whitefield,1,51299
2026-09-19,SMA-APP-109,Whitefield,1,43399
2026-09-19,SMA-APP-110,Whitefield,1,22859
2026-09-19,SMA-APP-198,Whitefield,1,26099
2026-09-19,SMA-APP-199,Whitefield,1,35099
2026-09-19,SMA-APP-202,Whitefield,1,24889
2026-09-19,SMA-NOI-195,Whitefield,2,28799
2026-09-19,SMA-ONE-103,Whitefield,1,25649
2026-09-19,SMA-SAM-101,Whitefield,1,46599
2026-09-19,SMA-SAM-113,Whitefield,1,51199
2026-09-19,SMA-SAM-193,Whitefield,1,10349
2026-09-19,TEL-LG-138,Whitefield,4,86164
2026-09-19,TEL-SAM-128,Whitefield,1,119499
2026-09-19,TEL-SON-130,Whitefield,1,53099
2026-09-19,TEL-SON-135,Whitefield,2,46499
2026-09-19,TEL-SON-139,Whitefield,1,65969
2026-09-19,TEL-TCL-129,Whitefield,1,116999
2026-09-19,TEL-XIA-136,Whitefield,3,54899
2026-09-19,WAS-BOS-158,Whitefield,1,33999
2026-09-19,WAS-IFB-153,Whitefield,1,22499
2026-09-19,WAS-LG-155,Whitefield,1,43999
2026-09-19,WAS-SAM-156,Whitefield,1,27199
2026-09-19,WAS-SAM-163,Whitefield,1,37709
2026-09-19,WAS-WHI-154,Whitefield,1,43559
2026-09-19,WAS-WHI-161,Whitefield,1,17599
2026-09-19,WAS-WHI-164,Whitefield,1,15389
2026-09-20,ACC-ANK-233,HSR Layout,1,3059
2026-09-20,ACC-ANK-239,HSR Layout,2,1199
2026-09-20,ACC-MI-243,HSR Layout,2,2599
2026-09-20,AIR-LG-170,HSR Layout,1,32399
2026-09-20,CAM-CAN-207,HSR Layout,2,91389
2026-09-20,CAM-CAN-213,HSR Layout,1,56619
2026-09-20,CAM-NIK-209,HSR Layout,1,68599
2026-09-20,CAM-NIK-211,HSR Layout,1,100319
2026-09-20,CAM-NIK-216,HSR Layout,1,81889
2026-09-20,GAM-MIC-218,HSR Layout,1,48449
2026-09-20,GAM-NIN-228,HSR Layout,4,44819
2026-09-20,HEA-BOA-191,HSR Layout,1,24999
2026-09-20,HEA-BOS-190,HSR Layout,1,25919
2026-09-20,HEA-JBL-185,HSR Layout,1,12599
2026-09-20,HEA-SON-179,HSR Layout,1,6599
2026-09-20,LAP-DEL-124,HSR Layout,1,78899
2026-09-20,LAP-HP-114,HSR Layout,1,45899
2026-09-20,LAP-LEN-116,HSR Layout,1,90399
2026-09-20,REF-GOD-146,HSR Layout,1,34399
2026-09-20,REF-LG-144,HSR Layout,1,29339
2026-09-20,REF-LG-150,HSR Layout,1,49399
2026-09-20,REF-SAM-147,HSR Layout,1,40679
2026-09-20,SMA-AMA-203,HSR Layout,2,12899
2026-09-20,SMA-APP-109,HSR Layout,1,43399
2026-09-20,SMA-APP-199,HSR Layout,2,38999
2026-09-20,SMA-NOI-194,HSR Layout,1,3239
2026-09-20,SMA-NOI-195,HSR Layout,4,25919
2026-09-20,SMA-ONE-103,HSR Layout,1,27074
2026-09-20,SMA-SAM-101,HSR Layout,1,46599
2026-09-20,SMA-XIA-111,HSR Layout,1,62319
2026-09-20,TEL-SON-130,HSR Layout,1,58999
2026-09-20,TEL-SON-135,HSR Layout,1,46499
2026-09-20,TEL-TCL-129,HSR Layout,2,111149
2026-09-20,TEL-TCL-131,HSR Layout,1,36859
2026-09-20,TEL-XIA-134,HSR Layout,1,113999
2026-09-20,TEL-XIA-136,HSR Layout,5,54899
2026-09-20,TV-55Q7,HSR Layout,1,53091
2026-09-20,WAS-LG-155,HSR Layout,1,43999
2026-09-20,WAS-WHI-154,HSR Layout,3,48399
2026-09-20,WAS-WHI-164,HSR Layout,1,16244
2026-09-20,ACC-ANK-232,Indiranagar,1,2599
2026-09-20,ACC-ANK-237,Indiranagar,3,2899
2026-09-20,ACC-BEL-234,Indiranagar,1,1349
2026-09-20,ACC-POR-235,Indiranagar,1,599
2026-09-20,ACC-POR-236,Indiranagar,3,474
2026-09-20,ACC-POR-241,Indiranagar,1,1599
2026-09-20,AIR-BLU-167,Indiranagar,3,61599
2026-09-20,AIR-BLU-178,Indiranagar,1,39199
2026-09-20,CAM-CAN-206,Indiranagar,1,63839
2026-09-20,CAM-CAN-207,Indiranagar,1,86579
2026-09-20,CAM-NIK-209,Indiranagar,2,68599
2026-09-20,CAM-NIK-211,Indiranagar,1,95039
2026-09-20,CAM-NIK-212,Indiranagar,1,89549
2026-09-20,GAM-MIC-218,Indiranagar,1,50999
2026-09-20,GAM-NIN-229,Indiranagar,3,50199
2026-09-20,GAM-SON-222,Indiranagar,2,54699
2026-09-20,HEA-BOS-181,Indiranagar,2,9404
2026-09-20,HEA-JBL-180,Indiranagar,3,20099
2026-09-20,HEA-JBL-185,Indiranagar,1,11339
2026-09-20,HEA-JBL-187,Indiranagar,1,23899
2026-09-20,HP-ANC-700,Indiranagar,4,17991
2026-09-20,LAP-DEL-124,Indiranagar,2,78899
2026-09-20,LAP-HP-114,Indiranagar,1,45899
2026-09-20,LAP-LEN-126,Indiranagar,1,110299
2026-09-20,REF-LG-152,Indiranagar,1,72009
2026-09-20,REF-WHI-145,Indiranagar,1,56999
2026-09-20,SMA-APP-199,Indiranagar,2,38999
2026-09-20,SMA-NOI-194,Indiranagar,1,3599
2026-09-20,SMA-NOI-195,Indiranagar,3,25919
2026-09-20,SMA-NOI-197,Indiranagar,1,8399
2026-09-20,SMA-NOI-200,Indiranagar,1,30299
2026-09-20,SMA-ONE-103,Indiranagar,1,28499
2026-09-20,SMA-SAM-113,Indiranagar,2,51199
2026-09-20,SMA-SAM-201,Indiranagar,1,4589
2026-09-20,SMA-XIA-111,Indiranagar,1,59039
2026-09-20,TEL-SAM-128,Indiranagar,1,119499
2026-09-20,TEL-TCL-131,Indiranagar,1,38799
2026-09-20,TEL-XIA-132,Indiranagar,1,96839
2026-09-20,WAS-IFB-153,Indiranagar,1,22499
2026-09-20,WAS-WHI-161,Indiranagar,1,17599
2026-09-20,ACC-ANK-232,Jayanagar,1,2469
2026-09-20,ACC-MI-240,Jayanagar,2,3704
2026-09-20,ACC-POR-242,Jayanagar,1,1499
2026-09-20,AIR-BLU-173,Jayanagar,1,55399
2026-09-20,AIR-DAI-172,Jayanagar,1,58799
2026-09-20,AIR-LG-166,Jayanagar,1,47974
2026-09-20,AIR-LG-169,Jayanagar,1,32099
2026-09-20,AIR-LG-170,Jayanagar,3,29159
2026-09-20,AIR-VOL-177,Jayanagar,2,34099
2026-09-20,CAM-NIK-216,Jayanagar,1,86199
2026-09-20,CAM-SON-205,Jayanagar,1,57599
2026-09-20,CAM-SON-208,Jayanagar,1,102124
2026-09-20,GAM-SON-219,Jayanagar,1,51399
2026-09-20,GAM-SON-221,Jayanagar,1,39239
2026-09-20,HEA-BOA-189,Jayanagar,1,19169
2026-09-20,HEA-BOS-181,Jayanagar,1,8909
2026-09-20,HEA-BOS-190,Jayanagar,1,25919
2026-09-20,HEA-JBL-182,Jayanagar,1,22409
2026-09-20,HEA-JBL-184,Jayanagar,1,23399
2026-09-20,HEA-SON-188,Jayanagar,1,4599
2026-09-20,LAP-DEL-123,Jayanagar,1,99899
2026-09-20,LAP-DEL-124,Jayanagar,1,74954
2026-09-20,LAP-I5-G12,Jayanagar,1,54140
2026-09-20,LAP-LEN-125,Jayanagar,1,75714
2026-09-20,LAP-LEN-126,Jayanagar,1,110299
2026-09-20,REF-GOD-142,Jayanagar,1,42199
2026-09-20,REF-GOD-143,Jayanagar,1,48734
2026-09-20,REF-GOD-146,Jayanagar,1,34399
2026-09-20,REF-LG-150,Jayanagar,1,46929
2026-09-20,REF-LG-152,Jayanagar,1,75799
2026-09-20,REF-WHI-145,Jayanagar,2,56999
2026-09-20,SMA-APP-199,Jayanagar,1,35099
2026-09-20,SMA-NOI-195,Jayanagar,1,28799
2026-09-20,SMA-NOI-200,Jayanagar,1,30299
2026-09-20,SMA-ONE-103,Jayanagar,1,28499
2026-09-20,SMA-ONE-107,Jayanagar,2,63174
2026-09-20,SMA-SAM-113,Jayanagar,1,46079
2026-09-20,SMA-XIA-111,Jayanagar,2,65599
2026-09-20,TEL-LG-138,Jayanagar,1,90699
2026-09-20,TEL-SAM-128,Jayanagar,2,107549
2026-09-20,TEL-XIA-134,Jayanagar,1,119999
2026-09-20,TV-65U8,Jayanagar,1,64990
2026-09-20,WAS-IFB-153,Jayanagar,1,20249
2026-09-20,WAS-IFB-162,Jayanagar,1,16699
2026-09-20,WAS-LG-155,Jayanagar,1,39599
2026-09-20,WAS-WHI-161,Jayanagar,1,17599
2026-09-20,WM-FL-8KG,Jayanagar,2,33291
2026-09-20,ACC-ANK-233,Koramangala,1,3399
2026-09-20,ACC-BEL-238,Koramangala,1,2879
2026-09-20,ACC-MI-240,Koramangala,1,3899
2026-09-20,ACC-POR-236,Koramangala,2,499
2026-09-20,AIR-DAI-172,Koramangala,1,58799
2026-09-20,AIR-LG-166,Koramangala,2,47974
2026-09-20,CAM-CAN-207,Koramangala,1,86579
2026-09-20,CAM-CAN-210,Koramangala,2,83899
2026-09-20,CAM-CAN-213,Koramangala,1,59599
2026-09-20,CAM-CAN-214,Koramangala,1,57299
2026-09-20,CAM-NIK-209,Koramangala,1,68599
2026-09-20,CAM-NIK-215,Koramangala,1,42799
2026-09-20,GAM-MIC-218,Koramangala,1,50999
2026-09-20,GAM-NIN-220,Koramangala,1,43599
2026-09-20,GAM-SON-219,Koramangala,1,51399
2026-09-20,GAM-SON-221,Koramangala,1,43599
2026-09-20,GAM-SON-222,Koramangala,1,49229
2026-09-20,HEA-BOA-191,Koramangala,2,24999
2026-09-20,HEA-SON-188,Koramangala,1,4599
2026-09-20,LAP-ASU-120,Koramangala,1,78089
2026-09-20,LAP-DEL-122,Koramangala,1,84959
2026-09-20,REF-GOD-142,Koramangala,1,42199
2026-09-20,REF-LG-141,Koramangala,1,84899
2026-09-20,REF-LG-149,Koramangala,1,27699
2026-09-20,REF-LG-150,Koramangala,1,46929
2026-09-20,REF-SAM-147,Koramangala,2,45199
2026-09-20,REF-WHI-145,Koramangala,1,56999
2026-09-20,SMA-APP-199,Koramangala,2,35099
2026-09-20,SMA-NOI-194,Koramangala,4,3599
2026-09-20,SMA-NOI-197,Koramangala,1,8399
2026-09-20,SMA-ONE-103,Koramangala,1,28499
2026-09-20,SMA-SAM-193,Koramangala,2,11499
2026-09-20,SMA-XIA-104,Koramangala,1,72699
2026-09-20,SMA-XIA-111,Koramangala,1,62319
2026-09-20,TEL-LG-138,Koramangala,4,90699
2026-09-20,TEL-SAM-133,Koramangala,1,48899
2026-09-20,TEL-TCL-129,Koramangala,1,111149
2026-09-20,TEL-TCL-131,Koramangala,1,38799
2026-09-20,TEL-XIA-127,Koramangala,1,17479
2026-09-20,TEL-XIA-132,Koramangala,4,102219
2026-09-20,TV-55Q7,Koramangala,3,53091
2026-09-20,TV-65U8,Koramangala,1,64990
2026-09-20,WAS-IFB-159,Koramangala,2,34699
2026-09-20,WM-FL-8KG,Koramangala,2,36990
2026-09-20,ACC-ANK-233,Malleshwaram,1,3399
2026-09-20,ACC-BEL-234,Malleshwaram,1,1349
2026-09-20,ACC-BEL-238,Malleshwaram,1,3199
2026-09-20,ACC-MI-243,Malleshwaram,1,2599
2026-09-20,ACC-POR-241,Malleshwaram,3,1599
2026-09-20,AIR-BLU-178,Malleshwaram,1,37239
2026-09-20,AIR-DAI-176,Malleshwaram,1,46999
2026-09-20,AIR-LG-170,Malleshwaram,3,32399
2026-09-20,CAM-CAN-206,Malleshwaram,3,67199
2026-09-20,CAM-NIK-212,Malleshwaram,2,94524
2026-09-20,CAM-NIK-217,Malleshwaram,2,56239
2026-09-20,CAM-SON-205,Malleshwaram,1,51839
2026-09-20,GAM-MIC-223,Malleshwaram,1,43559
2026-09-20,GAM-NIN-224,Malleshwaram,1,28079
2026-09-20,GAM-NIN-226,Malleshwaram,1,34099
2026-09-20,GAM-NIN-229,Malleshwaram,1,47689
2026-09-20,GAM-SON-221,Malleshwaram,1,43599
2026-09-20,HEA-JBL-180,Malleshwaram,1,20099
2026-09-20,HEA-JBL-182,Malleshwaram,1,23654
2026-09-20,HEA-JBL-187,Malleshwaram,1,21509
2026-09-20,LAP-ASU-120,Malleshwaram,1,73979
2026-09-20,LAP-DEL-123,Malleshwaram,2,99899
2026-09-20,LAP-HP-114,Malleshwaram,2,45899
2026-09-20,LAP-LEN-116,Malleshwaram,1,90399
2026-09-20,LAP-LEN-117,Malleshwaram,1,53099
2026-09-20,REF-GOD-140,Malleshwaram,3,28594
2026-09-20,REF-GOD-143,Malleshwaram,1,46169
2026-09-20,REF-GOD-148,Malleshwaram,1,62509
2026-09-20,REF-LG-151,Malleshwaram,1,51749
2026-09-20,REF-WHI-145,Malleshwaram,1,56999
2026-09-20,SMA-AMA-192,Malleshwaram,1,36269
2026-09-20,SMA-APP-110,Malleshwaram,3,24129
2026-09-20,SMA-APP-199,Malleshwaram,1,38999
2026-09-20,SMA-NOI-194,Malleshwaram,1,3599
2026-09-20,SMA-NOI-195,Malleshwaram,1,28799
2026-09-20,SMA-ONE-103,Malleshwaram,1,27074
2026-09-20,SMA-ONE-105,Malleshwaram,1,49799
2026-09-20,SW-FIT-3,Malleshwaram,1,8999
2026-09-20,TEL-SAM-133,Malleshwaram,1,48899
2026-09-20,TEL-SON-130,Malleshwaram,2,58999
2026-09-20,TEL-XIA-127,Malleshwaram,1,18399
2026-09-20,WAS-BOS-165,Malleshwaram,3,42299
2026-09-20,WAS-IFB-159,Malleshwaram,1,31229
2026-09-20,WAS-SAM-156,Malleshwaram,1,27199
2026-09-20,WAS-WHI-154,Malleshwaram,1,43559
2026-09-20,ACC-ANK-237,Whitefield,1,2754
2026-09-20,ACC-BEL-231,Whitefield,1,474
2026-09-20,ACC-POR-236,Whitefield,1,499
2026-09-20,ACC-POR-242,Whitefield,1,1499
2026-09-20,AIR-LG-171,Whitefield,1,57699
2026-09-20,CAM-CAN-213,Whitefield,1,59599
2026-09-20,CAM-NIK-211,Whitefield,1,100319
2026-09-20,GAM-MIC-227,Whitefield,2,44899
2026-09-20,GAM-NIN-220,Whitefield,1,43599
2026-09-20,GAM-NIN-228,Whitefield,1,44819
2026-09-20,GAM-SON-219,Whitefield,1,46259
2026-09-20,HEA-BOA-191,Whitefield,1,24999
2026-09-20,HEA-JBL-180,Whitefield,3,20099
2026-09-20,HEA-JBL-185,Whitefield,1,11969
2026-09-20,HEA-JBL-187,Whitefield,1,21509
2026-09-20,HEA-SON-188,Whitefield,3,4599
2026-09-20,LAP-DEL-123,Whitefield,2,99899
2026-09-20,LAP-HP-119,Whitefield,1,63359
2026-09-20,LAP-LEN-117,Whitefield,1,53099
2026-09-20,LAP-LEN-125,Whitefield,1,71729
2026-09-20,LAP-LEN-126,Whitefield,1,110299
2026-09-20,REF-DD-190,Whitefield,1,15490
2026-09-20,REF-GOD-142,Whitefield,1,42199
2026-09-20,REF-GOD-146,Whitefield,3,34399
2026-09-20,REF-LG-149,Whitefield,2,27699
2026-09-20,REF-SAM-147,Whitefield,1,42939
2026-09-20,REF-WHI-145,Whitefield,1,56999
2026-09-20,SMA-APP-109,Whitefield,4,43399
2026-09-20,SMA-APP-198,Whitefield,2,26099
2026-09-20,SMA-APP-199,Whitefield,1,35099
2026-09-20,SMA-APP-202,Whitefield,2,26199
2026-09-20,SMA-APP-204,Whitefield,2,42499
2026-09-20,SMA-NOI-195,Whitefield,1,27359
2026-09-20,SMA-NOI-197,Whitefield,1,8399
2026-09-20,SMA-ONE-103,Whitefield,1,28499
2026-09-20,SMA-SAM-101,Whitefield,1,41939
2026-09-20,SMA-SAM-113,Whitefield,2,51199
2026-09-20,SMA-VIV-102,Whitefield,1,33629
2026-09-20,SMA-XIA-104,Whitefield,1,72699
2026-09-20,TEL-SON-135,Whitefield,1,44174
2026-09-20,TEL-SON-139,Whitefield,1,65969
2026-09-20,TEL-XIA-127,Whitefield,1,18399
2026-09-20,TEL-XIA-136,Whitefield,2,54899
2026-09-20,TV-55Q7,Whitefield,1,56040
2026-09-20,WAS-IFB-153,Whitefield,1,22499
2026-09-20,WAS-SAM-163,Whitefield,1,37709
2026-09-20,WAS-WHI-161,Whitefield,1,15839
2026-09-20,WM-FL-8KG,Whitefield,1,36990
2026-09-21,ACC-ANK-239,HSR Layout,1,1199
2026-09-21,ACC-MI-243,HSR Layout,1,2599
2026-09-21,ACC-POR-236,HSR Layout,1,499
2026-09-21,AIR-BLU-167,HSR Layout,1,61599
2026-09-21,AIR-LG-168,HSR Layout,1,29699
2026-09-21,AIR-VOL-177,HSR Layout,1,32394
2026-09-21,CAM-CAN-213,HSR Layout,1,56619
2026-09-21,CAM-SON-208,HSR Layout,1,102124
2026-09-21,GAM-MIC-227,HSR Layout,1,44899
2026-09-21,GAM-MIC-230,HSR Layout,1,28784
2026-09-21,GAM-NIN-220,HSR Layout,1,39239
2026-09-21,GAM-NIN-226,HSR Layout,1,34099
2026-09-21,GAM-NIN-228,HSR Layout,3,49799
2026-09-21,GAM-NIN-229,HSR Layout,1,50199
2026-09-21,GAM-SON-219,HSR Layout,1,51399
2026-09-21,HEA-BOA-191,HSR Layout,1,24999
2026-09-21,HEA-BOS-186,HSR Layout,1,15294
2026-09-21,HEA-JBL-182,HSR Layout,1,24899
2026-09-21,HEA-SON-179,HSR Layout,1,6599
2026-09-21,HP-ANC-700,HSR Layout,1,19990
2026-09-21,LAP-LEN-116,HSR Layout,2,90399
2026-09-21,REF-GOD-140,HSR Layout,2,30099
2026-09-21,REF-GOD-142,HSR Layout,1,37979
2026-09-21,SMA-AMA-203,HSR Layout,1,11609
2026-09-21,SMA-APP-109,HSR Layout,1,43399
2026-09-21,SMA-APP-202,HSR Layout,1,26199
2026-09-21,SMA-NOI-195,HSR Layout,2,28799
2026-09-21,SMA-ONE-107,HSR Layout,1,63174
2026-09-21,SMA-SAM-113,HSR Layout,1,48639
2026-09-21,TEL-SON-130,HSR Layout,1,53099
2026-09-21,TEL-SON-135,HSR Layout,1,46499
2026-09-21,TEL-TCL-131,HSR Layout,1,38799
2026-09-21,TEL-TCL-137,HSR Layout,1,96699
2026-09-21,TEL-XIA-127,HSR Layout,1,16559
2026-09-21,TV-55Q7,HSR Layout,1,58990
2026-09-21,WAS-BOS-165,HSR Layout,1,40184
2026-09-21,WAS-IFB-153,HSR Layout,1,21374
2026-09-21,WAS-IFB-159,HSR Layout,1,34699
2026-09-21,WAS-SAM-163,HSR Layout,2,41899
2026-09-21,WAS-WHI-154,HSR Layout,1,43559
2026-09-21,ACC-ANK-232,Indiranagar,1,2599
2026-09-21,ACC-ANK-237,Indiranagar,1,2899
2026-09-21,ACC-ANK-239,Indiranagar,1,1199
2026-09-21,ACC-BEL-238,Indiranagar,1,3199
2026-09-21,ACC-MI-243,Indiranagar,2,2599
2026-09-21,ACC-POR-235,Indiranagar,1,539
2026-09-21,ACC-POR-236,Indiranagar,1,499
2026-09-21,ACC-POR-241,Indiranagar,1,1599
2026-09-21,AIR-BLU-173,Indiranagar,1,55399
2026-09-21,CAM-CAN-207,Indiranagar,2,96199
2026-09-21,CAM-SON-205,Indiranagar,1,51839
2026-09-21,GAM-NIN-226,Indiranagar,1,34099
2026-09-21,GAM-NIN-229,Indiranagar,1,45179
2026-09-21,GAM-SON-222,Indiranagar,1,49229
2026-09-21,HEA-BOA-191,Indiranagar,1,24999
2026-09-21,HEA-BOS-181,Indiranagar,4,9899
2026-09-21,HEA-JBL-180,Indiranagar,1,20099
2026-09-21,HP-ANC-700,Indiranagar,3,19990
2026-09-21,LAP-HP-114,Indiranagar,1,45899
2026-09-21,LAP-HP-119,Indiranagar,1,70399
2026-09-21,LAP-LEN-126,Indiranagar,2,104784
2026-09-21,REF-GOD-140,Indiranagar,1,27089
2026-09-21,REF-LG-149,Indiranagar,1,27699
2026-09-21,SMA-APP-199,Indiranagar,1,38999
2026-09-21,SMA-NOI-194,Indiranagar,2,3599
2026-09-21,SMA-NOI-200,Indiranagar,1,28784
2026-09-21,SMA-ONE-107,Indiranagar,1,59849
2026-09-21,SMA-SAM-101,Indiranagar,1,44269
2026-09-21,SMA-SAM-112,Indiranagar,1,55099
2026-09-21,SMA-SAM-113,Indiranagar,1,46079
2026-09-21,SMA-SAM-196,Indiranagar,1,18999
2026-09-21,SMA-SAM-201,Indiranagar,1,4844
2026-09-21,TEL-SAM-133,Indiranagar,1,48899
2026-09-21,TEL-SON-135,Indiranagar,1,46499
2026-09-21,TEL-TCL-131,Indiranagar,1,38799
2026-09-21,WAS-BOS-158,Indiranagar,2,33999
2026-09-21,WAS-IFB-157,Indiranagar,1,31824
2026-09-21,WAS-IFB-159,Indiranagar,1,34699
2026-09-21,WAS-WHI-161,Indiranagar,2,16719
2026-09-21,ACC-ANK-232,Jayanagar,1,2599
2026-09-21,ACC-BEL-234,Jayanagar,1,1499
2026-09-21,ACC-MI-240,Jayanagar,1,3509
2026-09-21,ACC-MI-243,Jayanagar,1,2599
2026-09-21,ACC-POR-235,Jayanagar,2,599
2026-09-21,ACC-POR-242,Jayanagar,2,1424
2026-09-21,AIR-BLU-173,Jayanagar,1,55399
2026-09-21,AIR-DAI-176,Jayanagar,1,44649
2026-09-21,AIR-LG-170,Jayanagar,1,32399
2026-09-21,CAM-CAN-206,Jayanagar,1,67199
2026-09-21,CAM-NIK-217,Jayanagar,1,56239
2026-09-21,CAM-SON-205,Jayanagar,2,51839
2026-09-21,CAM-SON-208,Jayanagar,1,107499
2026-09-21,HEA-BOA-183,Jayanagar,1,4654
2026-09-21,HEA-BOS-181,Jayanagar,1,9899
2026-09-21,HEA-JBL-182,Jayanagar,1,24899
2026-09-21,REF-GOD-140,Jayanagar,2,27089
2026-09-21,REF-LG-151,Jayanagar,1,51749
2026-09-21,REF-LG-152,Jayanagar,1,68219
2026-09-21,SMA-AMA-192,Jayanagar,1,36269
2026-09-21,SMA-APP-204,Jayanagar,1,38249
2026-09-21,SMA-SAM-108,Jayanagar,1,55199
2026-09-21,SMA-SAM-112,Jayanagar,1,49589
2026-09-21,SMA-SAM-201,Jayanagar,1,5099
2026-09-21,TEL-TCL-131,Jayanagar,1,38799
2026-09-21,WAS-LG-155,Jayanagar,1,41799
2026-09-21,WAS-SAM-163,Jayanagar,1,37709
2026-09-21,WM-FL-8KG,Jayanagar,2,36990
2026-09-21,ACC-ANK-237,Koramangala,1,2754
2026-09-21,ACC-BEL-238,Koramangala,2,2879
2026-09-21,AIR-BLU-167,Koramangala,1,61599
2026-09-21,AIR-LG-170,Koramangala,2,29159
2026-09-21,CAM-CAN-207,Koramangala,1,96199
2026-09-21,CAM-NIK-209,Koramangala,1,65169
2026-09-21,CAM-NIK-217,Koramangala,2,53279
2026-09-21,GAM-MIC-218,Koramangala,1,50999
2026-09-21,GAM-MIC-223,Koramangala,1,43559
2026-09-21,GAM-SON-222,Koramangala,1,54699
2026-09-21,HEA-BOA-189,Koramangala,1,19169
2026-09-21,HEA-BOS-181,Koramangala,2,9899
2026-09-21,LAP-HP-114,Koramangala,1,45899
2026-09-21,LAP-LEN-116,Koramangala,2,85879
2026-09-21,REF-GOD-146,Koramangala,1,34399
2026-09-21,REF-LG-141,Koramangala,1,76409
2026-09-21,REF-LG-144,Koramangala,1,29339
2026-09-21,SMA-NOI-194,Koramangala,1,3239
2026-09-21,SMA-NOI-195,Koramangala,1,28799
2026-09-21,SMA-ONE-107,Koramangala,1,63174
2026-09-21,SMA-SAM-101,Koramangala,2,44269
2026-09-21,SMA-SAM-112,Koramangala,1,52344
2026-09-21,SMA-SAM-193,Koramangala,1,11499
2026-09-21,SMA-SAM-196,Koramangala,1,17099
2026-09-21,TEL-LG-138,Koramangala,1,90699
2026-09-21,TEL-SAM-128,Koramangala,1,113524
2026-09-21,TEL-TCL-129,Koramangala,3,116999
2026-09-21,TEL-XIA-127,Koramangala,2,16559
2026-09-21,TEL-XIA-132,Koramangala,4,96839
2026-09-21,TV-55Q7,Koramangala,2,58990
2026-09-21,WAS-IFB-153,Koramangala,1,22499
2026-09-21,WAS-WHI-154,Koramangala,3,48399
2026-09-21,WAS-WHI-164,Koramangala,1,17099
2026-09-21,WM-FL-8KG,Koramangala,1,36990
2026-09-21,ACC-ANK-233,Malleshwaram,1,3059
2026-09-21,ACC-ANK-237,Malleshwaram,1,2899
2026-09-21,ACC-MI-243,Malleshwaram,1,2339
2026-09-21,ACC-POR-241,Malleshwaram,2,1519
2026-09-21,AIR-BLU-167,Malleshwaram,2,61599
2026-09-21,AIR-BLU-173,Malleshwaram,1,49859
2026-09-21,AIR-LG-166,Malleshwaram,2,45449
2026-09-21,AIR-LG-169,Malleshwaram,1,28889
2026-09-21,AIR-LG-170,Malleshwaram,4,32399
2026-09-21,AIR-VOL-174,Malleshwaram,1,37299
2026-09-21,CAM-NIK-209,Malleshwaram,1,68599
2026-09-21,CAM-NIK-212,Malleshwaram,1,99499
2026-09-21,CAM-NIK-216,Malleshwaram,1,86199
2026-09-21,CAM-SON-205,Malleshwaram,1,54719
2026-09-21,GAM-MIC-225,Malleshwaram,1,52399
2026-09-21,GAM-MIC-227,Malleshwaram,3,44899
2026-09-21,GAM-NIN-224,Malleshwaram,1,29639
2026-09-21,GAM-NIN-226,Malleshwaram,2,30689
2026-09-21,GAM-NIN-228,Malleshwaram,1,49799
2026-09-21,GAM-NIN-229,Malleshwaram,1,47689
2026-09-21,GAM-SON-221,Malleshwaram,1,43599
2026-09-21,HEA-BOA-191,Malleshwaram,1,24999
2026-09-21,HEA-JBL-182,Malleshwaram,1,24899
2026-09-21,HP-ANC-700,Malleshwaram,2,19990
2026-09-21,LAP-ASU-120,Malleshwaram,3,82199
2026-09-21,LAP-LEN-116,Malleshwaram,1,85879
2026-09-21,REF-GOD-140,Malleshwaram,2,27089
2026-09-21,REF-GOD-146,Malleshwaram,1,34399
2026-09-21,SMA-APP-110,Malleshwaram,1,22859
2026-09-21,SMA-NOI-197,Malleshwaram,1,8399
2026-09-21,SMA-ONE-107,Malleshwaram,1,66499
2026-09-21,TEL-SON-135,Malleshwaram,1,44174
2026-09-21,TEL-TCL-131,Malleshwaram,1,38799
2026-09-21,TV-55Q7,Malleshwaram,1,58990
2026-09-21,WAS-BOS-158,Malleshwaram,1,32299
2026-09-21,WAS-IFB-159,Malleshwaram,1,34699
2026-09-21,WAS-LG-160,Malleshwaram,2,40199
2026-09-21,WAS-SAM-163,Malleshwaram,1,39804
2026-09-21,WAS-WHI-161,Malleshwaram,1,17599
2026-09-21,AIR-LG-171,Whitefield,1,57699
2026-09-21,CAM-CAN-214,Whitefield,3,54434
2026-09-21,CAM-NIK-215,Whitefield,1,38519
2026-09-21,GAM-MIC-218,Whitefield,1,45899
2026-09-21,HEA-BOA-191,Whitefield,1,22499
2026-09-21,HEA-BOS-181,Whitefield,1,9899
2026-09-21,HEA-JBL-180,Whitefield,1,19094
2026-09-21,HEA-JBL-185,Whitefield,1,12599
2026-09-21,HEA-JBL-187,Whitefield,1,21509
2026-09-21,HEA-SON-188,Whitefield,1,4369
2026-09-21,LAP-DEL-121,Whitefield,1,57869
2026-09-21,LAP-DEL-124,Whitefield,1,74954
2026-09-21,LAP-HP-119,Whitefield,1,70399
2026-09-21,LAP-LEN-116,Whitefield,1,90399
2026-09-21,LAP-LEN-125,Whitefield,1,75714
2026-09-21,REF-GOD-143,Whitefield,1,51299
2026-09-21,REF-GOD-146,Whitefield,2,30959
2026-09-21,REF-LG-151,Whitefield,1,57499
2026-09-21,REF-LG-152,Whitefield,1,68219
2026-09-21,SMA-AMA-203,Whitefield,1,12254
2026-09-21,SMA-APP-109,Whitefield,1,39059
2026-09-21,SMA-APP-202,Whitefield,1,26199
2026-09-21,SMA-APP-204,Whitefield,1,42499
2026-09-21,SMA-ONE-103,Whitefield,1,28499
2026-09-21,SMA-ONE-105,Whitefield,1,49799
2026-09-21,SMA-SAM-113,Whitefield,2,51199
2026-09-21,TEL-XIA-134,Whitefield,1,113999
2026-09-21,TV-55Q7,Whitefield,1,58990
2026-09-21,WAS-IFB-153,Whitefield,3,20249
2026-09-21,WAS-WHI-164,Whitefield,1,15389
2026-09-22,ACC-ANK-233,HSR Layout,1,3399
2026-09-22,ACC-BEL-231,HSR Layout,1,449
2026-09-22,ACC-BEL-234,HSR Layout,1,1499
2026-09-22,ACC-POR-242,HSR Layout,2,1499
2026-09-22,AIR-BLU-167,HSR Layout,2,55439
2026-09-22,AIR-BLU-173,HSR Layout,3,55399
2026-09-22,AIR-LG-168,HSR Layout,1,32999
2026-09-22,AIR-LG-170,HSR Layout,1,29159
2026-09-22,AIR-LG-175,HSR Layout,1,43509
2026-09-22,CAM-NIK-209,HSR Layout,2,68599
2026-09-22,CAM-NIK-217,HSR Layout,1,53279
2026-09-22,GAM-MIC-218,HSR Layout,1,50999
2026-09-22,GAM-NIN-220,HSR Layout,1,41419
2026-09-22,GAM-NIN-228,HSR Layout,1,49799
2026-09-22,HEA-BOA-191,HSR Layout,3,24999
2026-09-22,HEA-JBL-182,HSR Layout,2,24899
2026-09-22,HEA-SON-179,HSR Layout,1,6269
2026-09-22,LAP-ASU-120,HSR Layout,1,82199
2026-09-22,LAP-DEL-122,HSR Layout,1,89679
2026-09-22,LAP-LEN-125,HSR Layout,3,71729
2026-09-22,REF-GOD-148,HSR Layout,1,65799
2026-09-22,SMA-APP-109,HSR Layout,1,41229
2026-09-22,SMA-NOI-195,HSR Layout,2,28799
2026-09-22,SMA-NOI-200,HSR Layout,1,27269
2026-09-22,SMA-SAM-101,HSR Layout,3,46599
2026-09-22,SW-FIT-3,HSR Layout,1,8999
2026-09-22,TEL-SON-135,HSR Layout,2,46499
2026-09-22,TEL-TCL-131,HSR Layout,1,38799
2026-09-22,TEL-TCL-137,HSR Layout,1,91864
2026-09-22,TEL-XIA-136,HSR Layout,1,52154
2026-09-22,TV-65U8,HSR Layout,1,64990
2026-09-22,WAS-LG-155,HSR Layout,2,39599
2026-09-22,WAS-WHI-164,HSR Layout,1,16244
2026-09-22,WM-FL-8KG,HSR Layout,1,33291
2026-09-22,ACC-ANK-232,Indiranagar,1,2469
2026-09-22,ACC-ANK-237,Indiranagar,1,2899
2026-09-22,ACC-BEL-234,Indiranagar,1,1499
2026-09-22,ACC-MI-243,Indiranagar,1,2599
2026-09-22,AIR-DAI-172,Indiranagar,2,58799
2026-09-22,AIR-LG-166,Indiranagar,1,50499
2026-09-22,AIR-LG-168,Indiranagar,1,29699
2026-09-22,CAM-CAN-213,Indiranagar,1,59599
2026-09-22,CAM-SON-205,Indiranagar,1,57599
2026-09-22,GAM-NIN-229,Indiranagar,1,47689
2026-09-22,HEA-BOA-183,Indiranagar,1,4899
2026-09-22,HEA-BOA-189,Indiranagar,1,19169
2026-09-22,HEA-BOA-191,Indiranagar,1,24999
2026-09-22,HEA-BOS-181,Indiranagar,1,9899
2026-09-22,HEA-SON-179,Indiranagar,2,5939
2026-09-22,HP-ANC-700,Indiranagar,1,19990
2026-09-22,LAP-DEL-122,Indiranagar,1,94399
2026-09-22,LAP-HP-114,Indiranagar,1,43604
2026-09-22,REF-LG-149,Indiranagar,1,24929
2026-09-22,SMA-AMA-203,Indiranagar,2,12899
2026-09-22,SMA-NOI-194,Indiranagar,2,3599
2026-09-22,SMA-SAM-201,Indiranagar,1,5099
2026-09-22,TEL-LG-138,Indiranagar,1,86164
2026-09-22,TEL-SAM-128,Indiranagar,2,119499
2026-09-22,TEL-XIA-127,Indiranagar,1,18399
2026-09-22,TEL-XIA-134,Indiranagar,1,113999
2026-09-22,TV-65U8,Indiranagar,1,61740
2026-09-22,WAS-BOS-158,Indiranagar,2,32299
2026-09-22,WAS-SAM-156,Indiranagar,1,27199
2026-09-22,WAS-WHI-161,Indiranagar,1,17599
2026-09-22,ACC-BEL-238,Jayanagar,1,3199
2026-09-22,ACC-MI-243,Jayanagar,1,2469
2026-09-22,ACC-POR-235,Jayanagar,1,599
2026-09-22,ACC-POR-241,Jayanagar,1,1599
2026-09-22,AIR-DAI-176,Jayanagar,1,46999
2026-09-22,AIR-LG-169,Jayanagar,1,30494
2026-09-22,AIR-LG-170,Jayanagar,2,29159
2026-09-22,AIR-VOL-177,Jayanagar,2,32394
2026-09-22,CAM-NIK-209,Jayanagar,1,61739
2026-09-22,CAM-NIK-215,Jayanagar,1,42799
2026-09-22,GAM-NIN-228,Jayanagar,1,49799
2026-09-22,GAM-SON-221,Jayanagar,2,41419
2026-09-22,HEA-BOA-183,Jayanagar,1,4409
2026-09-22,HEA-BOA-191,Jayanagar,1,24999
2026-09-22,HEA-BOS-181,Jayanagar,1,9404
2026-09-22,LAP-DEL-122,Jayanagar,2,94399
2026-09-22,LAP-DEL-123,Jayanagar,1,99899
2026-09-22,LAP-I5-G12,Jayanagar,1,51291
2026-09-22,LAP-LEN-116,Jayanagar,3,90399
2026-09-22,LAP-LEN-117,Jayanagar,1,58999
2026-09-22,REF-GOD-140,Jayanagar,1,27089
2026-09-22,REF-GOD-142,Jayanagar,1,37979
2026-09-22,REF-LG-141,Jayanagar,1,84899
2026-09-22,REF-LG-150,Jayanagar,1,49399
2026-09-22,REF-LG-152,Jayanagar,1,75799
2026-09-22,SMA-ONE-107,Jayanagar,1,66499
2026-09-22,SMA-SAM-108,Jayanagar,1,55199
2026-09-22,SMA-VIV-102,Jayanagar,3,35399
2026-09-22,SMA-XIA-111,Jayanagar,1,65599
2026-09-22,TEL-LG-138,Jayanagar,1,86164
2026-09-22,TEL-SAM-128,Jayanagar,1,119499
2026-09-22,TEL-SAM-133,Jayanagar,1,48899
2026-09-22,TEL-SON-139,Jayanagar,2,65969
2026-09-22,TEL-XIA-127,Jayanagar,1,16559
2026-09-22,TEL-XIA-132,Jayanagar,1,107599
2026-09-22,TEL-XIA-136,Jayanagar,2,54899
2026-09-22,WAS-BOS-158,Jayanagar,1,32299
2026-09-22,WAS-IFB-162,Jayanagar,1,15029
2026-09-22,WAS-LG-160,Jayanagar,1,40199
2026-09-22,WAS-SAM-156,Jayanagar,1,27199
2026-09-22,WAS-WHI-161,Jayanagar,1,17599
2026-09-22,ACC-BEL-238,Koramangala,2,2879
2026-09-22,AIR-BLU-167,Koramangala,1,61599
2026-09-22,AIR-DAI-172,Koramangala,1,55859
2026-09-22,AIR-LG-166,Koramangala,2,50499
2026-09-22,AIR-VOL-177,Koramangala,1,30689
2026-09-22,CAM-CAN-213,Koramangala,1,53639
2026-09-22,CAM-NIK-212,Koramangala,1,94524
2026-09-22,CAM-NIK-215,Koramangala,1,42799
2026-09-22,GAM-MIC-218,Koramangala,1,48449
2026-09-22,GAM-MIC-225,Koramangala,1,47159
2026-09-22,GAM-NIN-220,Koramangala,1,39239
2026-09-22,GAM-SON-222,Koramangala,1,54699
2026-09-22,HEA-BOA-183,Koramangala,1,4899
2026-09-22,HEA-BOS-186,Koramangala,1,14489
2026-09-22,LAP-ASU-120,Koramangala,1,82199
2026-09-22,LAP-DEL-121,Koramangala,1,64299
2026-09-22,LAP-DEL-124,Koramangala,1,78899
2026-09-22,LAP-HP-119,Koramangala,1,70399
2026-09-22,LAP-I5-G12,Koramangala,1,56990
2026-09-22,LAP-LEN-116,Koramangala,2,85879
2026-09-22,REF-GOD-143,Koramangala,1,46169
2026-09-22,REF-GOD-146,Koramangala,1,34399
2026-09-22,REF-LG-141,Koramangala,1,84899
2026-09-22,SMA-AMA-203,Koramangala,1,12254
2026-09-22,SMA-APP-199,Koramangala,2,35099
2026-09-22,SMA-NOI-194,Koramangala,1,3599
2026-09-22,SMA-ONE-106,Koramangala,2,80084
2026-09-22,SMA-SAM-101,Koramangala,1,41939
2026-09-22,SMA-SAM-108,Koramangala,2,52439
2026-09-22,SMA-SAM-193,Koramangala,3,11499
2026-09-22,TEL-LG-138,Koramangala,2,90699
2026-09-22,TEL-TCL-129,Koramangala,3,116999
2026-09-22,TEL-TCL-137,Koramangala,1,96699
2026-09-22,TEL-XIA-127,Koramangala,1,18399
2026-09-22,TEL-XIA-132,Koramangala,1,107599
2026-09-22,TEL-XIA-136,Koramangala,1,49409
2026-09-22,TV-55Q7,Koramangala,1,58990
2026-09-22,WAS-IFB-157,Koramangala,1,33499
2026-09-22,WAS-WHI-164,Koramangala,2,17099
2026-09-22,WM-FL-8KG,Koramangala,2,35140
2026-09-22,ACC-ANK-233,Malleshwaram,1,3399
2026-09-22,ACC-BEL-231,Malleshwaram,1,499
2026-09-22,ACC-POR-241,Malleshwaram,1,1599
2026-09-22,AIR-DAI-176,Malleshwaram,1,46999
2026-09-22,AIR-LG-166,Malleshwaram,1,47974
2026-09-22,AIR-LG-170,Malleshwaram,3,32399
2026-09-22,AIR-VOL-174,Malleshwaram,1,37299
2026-09-22,CAM-CAN-206,Malleshwaram,3,67199
2026-09-22,CAM-NIK-209,Malleshwaram,1,68599
2026-09-22,CAM-NIK-215,Malleshwaram,1,42799
2026-09-22,CAM-NIK-216,Malleshwaram,1,86199
2026-09-22,GAM-MIC-225,Malleshwaram,2,47159
2026-09-22,GAM-NIN-226,Malleshwaram,1,34099
2026-09-22,GAM-SON-221,Malleshwaram,3,43599
2026-09-22,HEA-JBL-180,Malleshwaram,1,18089
2026-09-22,HEA-JBL-182,Malleshwaram,1,22409
2026-09-22,HEA-JBL-187,Malleshwaram,1,22704
2026-09-22,HP-ANC-700,Malleshwaram,1,19990
2026-09-22,LAP-ACE-118,Malleshwaram,2,49589
2026-09-22,LAP-ASU-120,Malleshwaram,1,82199
2026-09-22,LAP-HP-119,Malleshwaram,1,70399
2026-09-22,LAP-LEN-125,Malleshwaram,4,79699
2026-09-22,REF-GOD-140,Malleshwaram,1,30099
2026-09-22,REF-GOD-146,Malleshwaram,1,30959
2026-09-22,REF-GOD-148,Malleshwaram,1,62509
2026-09-22,REF-LG-151,Malleshwaram,1,57499
2026-09-22,REF-WHI-145,Malleshwaram,2,56999
2026-09-22,SMA-AMA-203,Malleshwaram,1,12899
2026-09-22,SMA-APP-199,Malleshwaram,1,38999
2026-09-22,SMA-APP-202,Malleshwaram,2,23579
2026-09-22,SMA-NOI-194,Malleshwaram,1,3599
2026-09-22,SMA-SAM-108,Malleshwaram,1,49679
2026-09-22,SMA-SAM-113,Malleshwaram,1,46079
2026-09-22,SMA-SAM-196,Malleshwaram,1,18049
2026-09-22,TEL-SON-130,Malleshwaram,1,58999
2026-09-22,TV-55Q7,Malleshwaram,1,58990
2026-09-22,TV-65U8,Malleshwaram,1,64990
2026-09-22,WAS-BOS-165,Malleshwaram,1,38069
2026-09-22,WAS-IFB-157,Malleshwaram,2,30149
2026-09-22,WAS-IFB-159,Malleshwaram,1,34699
2026-09-22,WAS-LG-160,Malleshwaram,1,40199
2026-09-22,WAS-SAM-156,Malleshwaram,1,24479
2026-09-22,ACC-ANK-233,Whitefield,1,3229
2026-09-22,ACC-ANK-237,Whitefield,1,2609
2026-09-22,ACC-MI-243,Whitefield,1,2599
2026-09-22,ACC-POR-235,Whitefield,1,599
2026-09-22,AIR-VOL-174,Whitefield,1,37299
2026-09-22,CAM-CAN-206,Whitefield,1,60479
2026-09-22,CAM-CAN-214,Whitefield,1,51569
2026-09-22,CAM-NIK-209,Whitefield,1,68599
2026-09-22,GAM-MIC-227,Whitefield,1,40409
2026-09-22,GAM-SON-219,Whitefield,3,51399
2026-09-22,GAM-SON-222,Whitefield,4,51964
2026-09-22,HEA-BOA-189,Whitefield,1,20234
2026-09-22,HEA-JBL-180,Whitefield,1,20099
2026-09-22,HEA-SON-188,Whitefield,2,4599
2026-09-22,LAP-DEL-121,Whitefield,1,64299
2026-09-22,LAP-HP-114,Whitefield,1,45899
2026-09-22,LAP-LEN-125,Whitefield,3,71729
2026-09-22,REF-GOD-140,Whitefield,1,27089
2026-09-22,REF-GOD-146,Whitefield,2,34399
2026-09-22,REF-LG-152,Whitefield,1,75799
2026-09-22,REF-WHI-145,Whitefield,2,56999
2026-09-22,SMA-APP-109,Whitefield,2,43399
2026-09-22,SMA-APP-202,Whitefield,1,24889
2026-09-22,SMA-APP-204,Whitefield,1,40374
2026-09-22,SMA-SAM-101,Whitefield,1,46599
2026-09-22,TEL-LG-138,Whitefield,1,81629
2026-09-22,TEL-XIA-136,Whitefield,1,54899
2026-09-22,TV-55Q7,Whitefield,1,53091
2026-09-22,TV-65U8,Whitefield,1,64990
2026-09-22,WAS-LG-155,Whitefield,1,39599
2026-09-22,WAS-LG-160,Whitefield,1,40199
2026-09-22,WAS-SAM-156,Whitefield,1,27199
2026-09-22,WAS-WHI-154,Whitefield,1,48399
2026-09-23,ACC-ANK-239,HSR Layout,1,1199
2026-09-23,AIR-BLU-167,HSR Layout,1,61599
2026-09-23,AIR-DAI-176,HSR Layout,1,46999
2026-09-23,AIR-LG-168,HSR Layout,1,32999
2026-09-23,AIR-LG-170,HSR Layout,1,32399
2026-09-23,AIR-LG-171,HSR Layout,1,57699
2026-09-23,CAM-CAN-207,HSR Layout,1,96199
2026-09-23,CAM-CAN-210,HSR Layout,1,83899
2026-09-23,CAM-NIK-211,HSR Layout,1,105599
2026-09-23,CAM-NIK-215,HSR Layout,1,42799
2026-09-23,GAM-MIC-218,HSR Layout,1,50999
2026-09-23,GAM-MIC-223,HSR Layout,2,48399
2026-09-23,GAM-NIN-220,HSR Layout,1,43599
2026-09-23,GAM-NIN-228,HSR Layout,1,44819
2026-09-23,GAM-SON-219,HSR Layout,1,48829
2026-09-23,HEA-BOA-183,HSR Layout,1,4899
2026-09-23,HEA-BOS-186,HSR Layout,1,16099
2026-09-23,HEA-JBL-182,HSR Layout,2,22409
2026-09-23,LAP-DEL-123,HSR Layout,1,99899
2026-09-23,LAP-HP-119,HSR Layout,2,70399
2026-09-23,LAP-LEN-116,HSR Layout,2,90399
2026-09-23,REF-GOD-146,HSR Layout,1,32679
2026-09-23,REF-LG-141,HSR Layout,3,84899
2026-09-23,REF-LG-150,HSR Layout,1,49399
2026-09-23,SMA-APP-109,HSR Layout,2,43399
2026-09-23,SMA-APP-204,HSR Layout,1,38249
2026-09-23,SMA-NOI-195,HSR Layout,2,27359
2026-09-23,TEL-SON-130,HSR Layout,1,58999
2026-09-23,TEL-SON-135,HSR Layout,1,41849
2026-09-23,TEL-XIA-136,HSR Layout,1,54899
2026-09-23,TV-55Q7,HSR Layout,4,58990
2026-09-23,WAS-BOS-165,HSR Layout,2,42299
2026-09-23,WAS-WHI-154,HSR Layout,1,48399
2026-09-23,ACC-ANK-232,Indiranagar,2,2469
2026-09-23,ACC-ANK-237,Indiranagar,1,2899
2026-09-23,ACC-BEL-234,Indiranagar,1,1349
2026-09-23,ACC-MI-243,Indiranagar,3,2339
2026-09-23,AIR-BLU-178,Indiranagar,2,39199
2026-09-23,AIR-LG-166,Indiranagar,1,50499
2026-09-23,AIR-LG-169,Indiranagar,2,32099
2026-09-23,CAM-CAN-206,Indiranagar,1,60479
2026-09-23,CAM-CAN-207,Indiranagar,5,96199
2026-09-23,CAM-NIK-212,Indiranagar,1,89549
2026-09-23,CAM-SON-205,Indiranagar,1,57599
2026-09-23,GAM-MIC-230,Indiranagar,1,28784
2026-09-23,GAM-SON-222,Indiranagar,1,49229
2026-09-23,HEA-BOA-183,Indiranagar,1,4654
2026-09-23,HEA-JBL-185,Indiranagar,1,11339
2026-09-23,HEA-JBL-187,Indiranagar,1,21509
2026-09-23,HEA-SON-179,Indiranagar,2,6599
2026-09-23,HP-ANC-700,Indiranagar,6,18990
2026-09-23,LAP-DEL-124,Indiranagar,1,78899
2026-09-23,LAP-LEN-126,Indiranagar,2,110299
2026-09-23,REF-GOD-140,Indiranagar,1,30099
2026-09-23,REF-GOD-142,Indiranagar,1,42199
2026-09-23,REF-SAM-147,Indiranagar,1,45199
2026-09-23,SMA-AMA-192,Indiranagar,1,38284
2026-09-23,SMA-AMA-203,Indiranagar,1,12899
2026-09-23,SMA-NOI-194,Indiranagar,1,3599
2026-09-23,SMA-SAM-201,Indiranagar,1,5099
2026-09-23,TEL-TCL-137,Indiranagar,1,96699
2026-09-23,ACC-ANK-232,Jayanagar,1,2599
2026-09-23,ACC-MI-240,Jayanagar,1,3899
2026-09-23,ACC-MI-243,Jayanagar,1,2599
2026-09-23,ACC-POR-235,Jayanagar,1,599
2026-09-23,ACC-POR-242,Jayanagar,1,1499
2026-09-23,AIR-DAI-172,Jayanagar,1,52919
2026-09-23,AIR-DAI-176,Jayanagar,1,44649
2026-09-23,AIR-LG-170,Jayanagar,1,32399
2026-09-23,CAM-CAN-213,Jayanagar,1,53639
2026-09-23,CAM-NIK-215,Jayanagar,1,38519
2026-09-23,CAM-NIK-217,Jayanagar,1,56239
2026-09-23,GAM-NIN-228,Jayanagar,1,49799
2026-09-23,HEA-BOA-189,Jayanagar,1,20234
2026-09-23,HEA-BOA-191,Jayanagar,1,23749
2026-09-23,HEA-BOS-190,Jayanagar,2,25919
2026-09-23,HEA-JBL-182,Jayanagar,1,24899
2026-09-23,LAP-DEL-122,Jayanagar,1,84959
2026-09-23,LAP-I5-G12,Jayanagar,1,51291
2026-09-23,LAP-LEN-125,Jayanagar,1,79699
2026-09-23,REF-GOD-140,Jayanagar,5,30099
2026-09-23,REF-WHI-145,Jayanagar,1,56999
2026-09-23,SMA-APP-109,Jayanagar,1,43399
2026-09-23,SMA-NOI-197,Jayanagar,2,8399
2026-09-23,SMA-NOI-200,Jayanagar,1,30299
2026-09-23,SMA-SAM-113,Jayanagar,1,48639
2026-09-23,TEL-SAM-133,Jayanagar,1,46454
2026-09-23,TEL-SON-139,Jayanagar,2,69634
2026-09-23,TEL-XIA-134,Jayanagar,1,119999
2026-09-23,WAS-IFB-157,Jayanagar,1,33499
2026-09-23,WAS-IFB-162,Jayanagar,3,16699
2026-09-23,WAS-WHI-161,Jayanagar,1,15839
2026-09-23,ACC-BEL-231,Koramangala,1,499
2026-09-23,ACC-BEL-234,Koramangala,1,1499
2026-09-23,ACC-BEL-238,Koramangala,5,3199
2026-09-23,ACC-MI-243,Koramangala,1,2469
2026-09-23,ACC-POR-236,Koramangala,2,449
2026-09-23,ACC-POR-241,Koramangala,1,1599
2026-09-23,AIR-DAI-172,Koramangala,1,52919
2026-09-23,AIR-LG-170,Koramangala,1,30779
2026-09-23,CAM-CAN-207,Koramangala,1,96199
2026-09-23,CAM-CAN-210,Koramangala,1,83899
2026-09-23,CAM-CAN-213,Koramangala,1,59599
2026-09-23,GAM-MIC-225,Koramangala,2,49779
2026-09-23,GAM-SON-222,Koramangala,1,49229
2026-09-23,HEA-BOA-191,Koramangala,1,24999
2026-09-23,HEA-JBL-184,Koramangala,1,23399
2026-09-23,LAP-ACE-118,Koramangala,1,52199
2026-09-23,LAP-ASU-120,Koramangala,1,82199
2026-09-23,LAP-HP-114,Koramangala,1,45899
2026-09-23,LAP-LEN-116,Koramangala,1,85879
2026-09-23,REF-GOD-140,Koramangala,1,30099
2026-09-23,REF-GOD-143,Koramangala,1,51299
2026-09-23,REF-LG-144,Koramangala,1,30969
2026-09-23,REF-LG-149,Koramangala,2,27699
2026-09-23,REF-LG-152,Koramangala,1,68219
2026-09-23,REF-SAM-147,Koramangala,1,40679
2026-09-23,REF-WHI-145,Koramangala,1,51299
2026-09-23,SMA-APP-204,Koramangala,1,42499
2026-09-23,SMA-ONE-107,Koramangala,1,63174
2026-09-23,SMA-SAM-101,Koramangala,1,46599
2026-09-23,SMA-SAM-193,Koramangala,1,11499
2026-09-23,SW-FIT-3,Koramangala,1,8999
2026-09-23,TEL-LG-138,Koramangala,1,81629
2026-09-23,TEL-SAM-133,Koramangala,1,46454
2026-09-23,TEL-SON-135,Koramangala,2,46499
2026-09-23,TEL-TCL-137,Koramangala,1,96699
2026-09-23,TEL-XIA-127,Koramangala,1,17479
2026-09-23,TEL-XIA-132,Koramangala,1,96839
2026-09-23,TEL-XIA-136,Koramangala,1,54899
2026-09-23,TV-55Q7,Koramangala,2,58990
2026-09-23,TV-65U8,Koramangala,1,64990
2026-09-23,WM-FL-8KG,Koramangala,3,35140
2026-09-23,ACC-ANK-233,Malleshwaram,1,3229
2026-09-23,ACC-MI-243,Malleshwaram,1,2599
2026-09-23,AIR-BLU-178,Malleshwaram,1,39199
2026-09-23,AIR-DAI-172,Malleshwaram,1,58799
2026-09-23,AIR-LG-166,Malleshwaram,1,47974
2026-09-23,AIR-LG-170,Malleshwaram,1,32399
2026-09-23,AIR-VOL-174,Malleshwaram,1,37299
2026-09-23,CAM-CAN-206,Malleshwaram,2,67199
2026-09-23,CAM-NIK-211,Malleshwaram,1,105599
2026-09-23,CAM-NIK-212,Malleshwaram,1,99499
2026-09-23,CAM-NIK-216,Malleshwaram,1,86199
2026-09-23,CAM-NIK-217,Malleshwaram,1,59199
2026-09-23,CAM-SON-208,Malleshwaram,1,96749
2026-09-23,GAM-MIC-225,Malleshwaram,1,52399
2026-09-23,GAM-NIN-220,Malleshwaram,2,43599
2026-09-23,GAM-NIN-226,Malleshwaram,2,34099
2026-09-23,GAM-NIN-229,Malleshwaram,2,47689
2026-09-23,GAM-SON-222,Malleshwaram,1,54699
2026-09-23,HEA-BOS-190,Malleshwaram,2,28799
2026-09-23,HEA-JBL-180,Malleshwaram,1,20099
2026-09-23,HEA-JBL-182,Malleshwaram,1,23654
2026-09-23,HEA-JBL-184,Malleshwaram,1,23399
2026-09-23,HEA-SON-179,Malleshwaram,1,6599
2026-09-23,HP-ANC-700,Malleshwaram,1,19990
2026-09-23,LAP-ASU-120,Malleshwaram,1,82199
2026-09-23,LAP-DEL-123,Malleshwaram,1,99899
2026-09-23,LAP-DEL-124,Malleshwaram,1,78899
2026-09-23,LAP-I5-G12,Malleshwaram,1,56990
2026-09-23,LAP-LEN-125,Malleshwaram,1,79699
2026-09-23,REF-GOD-140,Malleshwaram,2,30099
2026-09-23,REF-LG-151,Malleshwaram,2,57499
2026-09-23,SMA-APP-110,Malleshwaram,1,25399
2026-09-23,SMA-APP-199,Malleshwaram,1,38999
2026-09-23,SMA-APP-204,Malleshwaram,1,42499
2026-09-23,SMA-NOI-194,Malleshwaram,1,3419
2026-09-23,SMA-NOI-197,Malleshwaram,1,7979
2026-09-23,SMA-NOI-200,Malleshwaram,1,27269
2026-09-23,SMA-SAM-201,Malleshwaram,1,5099
2026-09-23,SMA-VIV-102,Malleshwaram,2,35399
2026-09-23,SMA-XIA-111,Malleshwaram,1,65599
2026-09-23,TEL-SON-135,Malleshwaram,1,41849
2026-09-23,TEL-SON-139,Malleshwaram,1,73299
2026-09-23,WAS-IFB-159,Malleshwaram,1,34699
2026-09-23,WAS-IFB-162,Malleshwaram,1,16699
2026-09-23,WAS-LG-160,Malleshwaram,1,40199
2026-09-23,WAS-SAM-156,Malleshwaram,1,27199
2026-09-23,ACC-ANK-233,Whitefield,2,3399
2026-09-23,ACC-ANK-237,Whitefield,1,2899
2026-09-23,ACC-ANK-239,Whitefield,1,1199
2026-09-23,ACC-BEL-238,Whitefield,1,3199
2026-09-23,ACC-MI-243,Whitefield,1,2469
2026-09-23,ACC-POR-235,Whitefield,1,539
2026-09-23,ACC-POR-236,Whitefield,1,449
2026-09-23,ACC-POR-241,Whitefield,1,1599
2026-09-23,AIR-LG-168,Whitefield,1,32999
2026-09-23,AIR-VOL-174,Whitefield,1,33569
2026-09-23,AIR-VOL-177,Whitefield,1,34099
2026-09-23,CAM-CAN-206,Whitefield,1,60479
2026-09-23,CAM-CAN-214,Whitefield,1,51569
2026-09-23,CAM-NIK-215,Whitefield,1,42799
2026-09-23,CAM-NIK-216,Whitefield,1,86199
2026-09-23,GAM-MIC-227,Whitefield,2,40409
2026-09-23,GAM-NIN-228,Whitefield,1,49799
2026-09-23,GAM-NIN-229,Whitefield,2,50199
2026-09-23,GAM-SON-219,Whitefield,1,48829
2026-09-23,GAM-SON-222,Whitefield,1,54699
2026-09-23,HEA-BOA-189,Whitefield,1,20234
2026-09-23,HEA-BOS-181,Whitefield,1,9899
2026-09-23,HEA-JBL-182,Whitefield,1,24899
2026-09-23,HEA-JBL-187,Whitefield,1,23899
2026-09-23,LAP-ASU-120,Whitefield,1,82199
2026-09-23,REF-GOD-146,Whitefield,2,34399
2026-09-23,REF-LG-144,Whitefield,1,32599
2026-09-23,REF-LG-150,Whitefield,1,46929
2026-09-23,REF-LG-152,Whitefield,1,75799
2026-09-23,REF-SAM-147,Whitefield,1,45199
2026-09-23,SMA-APP-109,Whitefield,1,43399
2026-09-23,SMA-APP-202,Whitefield,3,26199
2026-09-23,SMA-ONE-105,Whitefield,1,44819
2026-09-23,SMA-SAM-113,Whitefield,1,46079
2026-09-23,TEL-LG-138,Whitefield,3,90699
2026-09-23,TEL-SON-139,Whitefield,2,65969
2026-09-23,TEL-XIA-127,Whitefield,1,18399
2026-09-23,TV-55Q7,Whitefield,1,56040
2026-09-23,TV-65U8,Whitefield,1,61740
2026-09-23,WAS-BOS-158,Whitefield,1,33999
2026-09-23,WAS-IFB-153,Whitefield,1,20249
2026-09-23,WAS-LG-160,Whitefield,2,38189
2026-09-23,WAS-WHI-161,Whitefield,1,17599
2026-09-23,WAS-WHI-164,Whitefield,1,17099
2026-09-24,ACC-ANK-233,HSR Layout,1,3059
2026-09-24,ACC-ANK-239,HSR Layout,1,1199
2026-09-24,ACC-BEL-231,HSR Layout,1,474
2026-09-24,ACC-MI-243,HSR Layout,1,2469
2026-09-24,AIR-BLU-173,HSR Layout,1,52629
2026-09-24,CAM-CAN-207,HSR Layout,1,86579
2026-09-24,CAM-NIK-215,HSR Layout,2,40659
2026-09-24,GAM-MIC-223,HSR Layout,1,43559
2026-09-24,GAM-MIC-227,HSR Layout,1,44899
2026-09-24,GAM-NIN-224,HSR Layout,1,29639
2026-09-24,GAM-NIN-228,HSR Layout,1,49799
2026-09-24,GAM-NIN-229,HSR Layout,1,50199
2026-09-24,GAM-SON-219,HSR Layout,1,51399
2026-09-24,HEA-BOS-181,HSR Layout,1,9899
2026-09-24,HEA-JBL-182,HSR Layout,1,23654
2026-09-24,HEA-SON-179,HSR Layout,2,6269
2026-09-24,LAP-DEL-122,HSR Layout,1,94399
2026-09-24,LAP-DEL-123,HSR Layout,2,94904
2026-09-24,LAP-HP-119,HSR Layout,1,63359
2026-09-24,LAP-LEN-117,HSR Layout,1,58999
2026-09-24,REF-LG-151,HSR Layout,1,51749
2026-09-24,REF-LG-152,HSR Layout,1,72009
2026-09-24,SMA-AMA-192,HSR Layout,1,38284
2026-09-24,SMA-AMA-203,HSR Layout,1,11609
2026-09-24,SMA-NOI-194,HSR Layout,1,3239
2026-09-24,SMA-NOI-200,HSR Layout,1,30299
2026-09-24,SMA-ONE-106,HSR Layout,1,84299
2026-09-24,SMA-SAM-101,HSR Layout,3,46599
2026-09-24,SMA-XIA-104,HSR Layout,1,72699
2026-09-24,SW-FIT-3,HSR Layout,1,8999
2026-09-24,TEL-SON-135,HSR Layout,2,44174
2026-09-24,TEL-TCL-137,HSR Layout,2,96699
2026-09-24,TEL-XIA-134,HSR Layout,1,119999
2026-09-24,TEL-XIA-136,HSR Layout,2,54899
2026-09-24,TV-55Q7,HSR Layout,1,58990
2026-09-24,WAS-BOS-165,HSR Layout,1,42299
2026-09-24,WAS-IFB-153,HSR Layout,1,22499
2026-09-24,WAS-LG-155,HSR Layout,1,43999
2026-09-24,WAS-WHI-154,HSR Layout,1,48399
2026-09-24,ACC-ANK-232,Indiranagar,2,2599
2026-09-24,ACC-MI-243,Indiranagar,2,2469
2026-09-24,AIR-LG-169,Indiranagar,1,30494
2026-09-24,CAM-CAN-207,Indiranagar,4,96199
2026-09-24,CAM-CAN-213,Indiranagar,1,59599
2026-09-24,CAM-NIK-209,Indiranagar,1,65169
2026-09-24,CAM-NIK-211,Indiranagar,2,105599
2026-09-24,CAM-SON-205,Indiranagar,2,51839
2026-09-24,GAM-SON-219,Indiranagar,1,51399
2026-09-24,GAM-SON-221,Indiranagar,1,41419
2026-09-24,GAM-SON-222,Indiranagar,1,51964
2026-09-24,HEA-BOA-189,Indiranagar,2,20234
2026-09-24,HEA-BOS-181,Indiranagar,1,9404
2026-09-24,HEA-JBL-187,Indiranagar,3,21509
2026-09-24,HP-ANC-700,Indiranagar,4,17991
2026-09-24,LAP-ACE-118,Indiranagar,1,52199
2026-09-24,LAP-DEL-122,Indiranagar,1,94399
2026-09-24,LAP-HP-114,Indiranagar,1,45899
2026-09-24,LAP-LEN-126,Indiranagar,4,110299
2026-09-24,REF-GOD-142,Indiranagar,1,40089
2026-09-24,REF-GOD-148,Indiranagar,1,65799
2026-09-24,SMA-AMA-203,Indiranagar,1,12254
2026-09-24,SMA-APP-202,Indiranagar,1,26199
2026-09-24,SMA-SAM-112,Indiranagar,1,49589
2026-09-24,SMA-XIA-111,Indiranagar,1,65599
2026-09-24,TEL-SAM-128,Indiranagar,2,119499
2026-09-24,TV-65U8,Indiranagar,1,61740
2026-09-24,WAS-BOS-158,Indiranagar,1,33999
2026-09-24,WAS-LG-160,Indiranagar,1,40199
2026-09-24,WAS-SAM-156,Indiranagar,1,27199
2026-09-24,ACC-BEL-238,Jayanagar,2,3039
2026-09-24,ACC-POR-241,Jayanagar,1,1519
2026-09-24,ACC-POR-242,Jayanagar,2,1424
2026-09-24,AIR-BLU-173,Jayanagar,2,49859
2026-09-24,AIR-DAI-172,Jayanagar,1,55859
2026-09-24,AIR-LG-170,Jayanagar,1,29159
2026-09-24,AIR-VOL-177,Jayanagar,1,34099
2026-09-24,CAM-NIK-216,Jayanagar,1,77579
2026-09-24,GAM-NIN-226,Jayanagar,1,34099
2026-09-24,GAM-NIN-229,Jayanagar,1,45179
2026-09-24,GAM-SON-219,Jayanagar,1,48829
2026-09-24,GAM-SON-221,Jayanagar,1,43599
2026-09-24,GAM-SON-222,Jayanagar,1,49229
2026-09-24,HEA-BOA-191,Jayanagar,1,23749
2026-09-24,HEA-BOS-181,Jayanagar,1,9899
2026-09-24,HEA-JBL-182,Jayanagar,2,24899
2026-09-24,LAP-ACE-118,Jayanagar,1,52199
2026-09-24,LAP-DEL-121,Jayanagar,1,64299
2026-09-24,LAP-DEL-124,Jayanagar,1,74954
2026-09-24,LAP-I5-G12,Jayanagar,1,56990
2026-09-24,LAP-LEN-116,Jayanagar,1,90399
2026-09-24,LAP-LEN-117,Jayanagar,2,58999
2026-09-24,LAP-LEN-126,Jayanagar,1,110299
2026-09-24,REF-GOD-140,Jayanagar,3,27089
2026-09-24,REF-GOD-143,Jayanagar,1,46169
2026-09-24,REF-GOD-148,Jayanagar,1,65799
2026-09-24,REF-LG-150,Jayanagar,1,49399
2026-09-24,SMA-APP-198,Jayanagar,1,26099
2026-09-24,SMA-ONE-103,Jayanagar,1,28499
2026-09-24,SMA-ONE-107,Jayanagar,1,66499
2026-09-24,SMA-SAM-108,Jayanagar,1,49679
2026-09-24,SMA-SAM-112,Jayanagar,1,55099
2026-09-24,SMA-SAM-193,Jayanagar,1,11499
2026-09-24,TEL-SAM-133,Jayanagar,3,48899
2026-09-24,TEL-SON-139,Jayanagar,1,73299
2026-09-24,TEL-TCL-131,Jayanagar,1,34919
2026-09-24,TEL-XIA-132,Jayanagar,1,107599
2026-09-24,TEL-XIA-134,Jayanagar,1,119999
2026-09-24,WAS-IFB-157,Jayanagar,1,33499
2026-09-24,WAS-SAM-156,Jayanagar,2,24479
2026-09-24,WAS-SAM-163,Jayanagar,1,41899
2026-09-24,WM-FL-8KG,Jayanagar,1,33291
2026-09-24,ACC-BEL-234,Koramangala,1,1424
2026-09-24,ACC-BEL-238,Koramangala,2,3039
2026-09-24,ACC-MI-240,Koramangala,1,3509
2026-09-24,ACC-MI-243,Koramangala,1,2599
2026-09-24,ACC-POR-236,Koramangala,3,499
2026-09-24,AIR-BLU-167,Koramangala,3,58519
2026-09-24,AIR-LG-166,Koramangala,1,45449
2026-09-24,AIR-LG-175,Koramangala,1,45799
2026-09-24,AIR-VOL-177,Koramangala,1,32394
2026-09-24,CAM-CAN-206,Koramangala,1,60479
2026-09-24,GAM-MIC-218,Koramangala,2,45899
2026-09-24,GAM-NIN-220,Koramangala,1,39239
2026-09-24,GAM-SON-219,Koramangala,1,51399
2026-09-24,GAM-SON-221,Koramangala,1,43599
2026-09-24,HEA-BOA-189,Koramangala,1,21299
2026-09-24,HEA-BOS-181,Koramangala,2,8909
2026-09-24,HEA-JBL-180,Koramangala,1,19094
2026-09-24,HEA-JBL-182,Koramangala,1,24899
2026-09-24,HEA-JBL-187,Koramangala,1,22704
2026-09-24,LAP-ACE-118,Koramangala,1,52199
2026-09-24,LAP-DEL-121,Koramangala,1,61084
2026-09-24,LAP-DEL-122,Koramangala,1,94399
2026-09-24,LAP-DEL-123,Koramangala,1,99899
2026-09-24,LAP-DEL-124,Koramangala,1,71009
2026-09-24,LAP-HP-114,Koramangala,1,45899
2026-09-24,LAP-LEN-116,Koramangala,3,90399
2026-09-24,REF-GOD-142,Koramangala,1,40089
2026-09-24,REF-GOD-143,Koramangala,1,51299
2026-09-24,REF-LG-141,Koramangala,1,84899
2026-09-24,REF-LG-149,Koramangala,1,27699
2026-09-24,REF-LG-152,Koramangala,1,75799
2026-09-24,SMA-APP-202,Koramangala,1,23579
2026-09-24,SMA-NOI-194,Koramangala,2,3239
2026-09-24,SMA-ONE-103,Koramangala,1,28499
2026-09-24,SMA-ONE-106,Koramangala,1,84299
2026-09-24,SMA-SAM-101,Koramangala,1,46599
2026-09-24,SMA-SAM-113,Koramangala,2,48639
2026-09-24,SMA-SAM-193,Koramangala,1,10349
2026-09-24,TEL-LG-138,Koramangala,1,90699
2026-09-24,TEL-XIA-127,Koramangala,1,18399
2026-09-24,TV-55Q7,Koramangala,1,58990
2026-09-24,TV-65U8,Koramangala,1,61740
2026-09-24,WAS-IFB-157,Koramangala,1,33499
2026-09-24,WM-FL-8KG,Koramangala,3,36990
2026-09-24,ACC-ANK-233,Malleshwaram,1,3229
2026-09-24,ACC-BEL-238,Malleshwaram,1,3039
2026-09-24,AIR-LG-170,Malleshwaram,1,29159
2026-09-24,AIR-VOL-177,Malleshwaram,1,34099
2026-09-24,CAM-CAN-206,Malleshwaram,1,67199
2026-09-24,CAM-NIK-216,Malleshwaram,2,81889
2026-09-24,CAM-NIK-217,Malleshwaram,1,53279
2026-09-24,CAM-SON-208,Malleshwaram,1,107499
2026-09-24,GAM-NIN-226,Malleshwaram,2,34099
2026-09-24,GAM-NIN-228,Malleshwaram,1,49799
2026-09-24,GAM-NIN-229,Malleshwaram,2,47689
2026-09-24,GAM-SON-221,Malleshwaram,1,41419
2026-09-24,GAM-SON-222,Malleshwaram,1,54699
2026-09-24,HEA-BOA-189,Malleshwaram,1,21299
2026-09-24,HEA-JBL-180,Malleshwaram,1,19094
2026-09-24,HEA-JBL-187,Malleshwaram,2,21509
2026-09-24,HEA-SON-179,Malleshwaram,1,6599
2026-09-24,HP-ANC-700,Malleshwaram,1,17991
2026-09-24,LAP-ASU-120,Malleshwaram,3,82199
2026-09-24,LAP-DEL-123,Malleshwaram,3,94904
2026-09-24,LAP-DEL-124,Malleshwaram,1,74954
2026-09-24,LAP-HP-119,Malleshwaram,1,70399
2026-09-24,LAP-LEN-125,Malleshwaram,1,79699
2026-09-24,REF-GOD-140,Malleshwaram,3,30099
2026-09-24,REF-LG-149,Malleshwaram,1,27699
2026-09-24,SMA-AMA-203,Malleshwaram,1,12899
2026-09-24,SMA-APP-110,Malleshwaram,1,25399
2026-09-24,SMA-APP-202,Malleshwaram,2,26199
2026-09-24,SMA-NOI-200,Malleshwaram,1,30299
2026-09-24,SMA-ONE-103,Malleshwaram,1,28499
2026-09-24,SMA-ONE-106,Malleshwaram,1,80084
2026-09-24,SMA-SAM-108,Malleshwaram,1,49679
2026-09-24,SMA-XIA-111,Malleshwaram,1,59039
2026-09-24,TEL-SAM-133,Malleshwaram,1,48899
2026-09-24,TEL-SON-135,Malleshwaram,1,41849
2026-09-24,TV-55Q7,Malleshwaram,1,53091
2026-09-24,TV-65U8,Malleshwaram,1,64990
2026-09-24,WAS-BOS-165,Malleshwaram,3,40184
2026-09-24,WAS-SAM-156,Malleshwaram,1,27199
2026-09-24,ACC-ANK-237,Whitefield,3,2754
2026-09-24,ACC-BEL-238,Whitefield,1,2879
2026-09-24,ACC-MI-243,Whitefield,1,2469
2026-09-24,ACC-POR-235,Whitefield,1,599
2026-09-24,ACC-POR-236,Whitefield,1,474
2026-09-24,ACC-POR-241,Whitefield,1,1439
2026-09-24,AIR-DAI-172,Whitefield,1,55859
2026-09-24,AIR-LG-169,Whitefield,1,32099
2026-09-24,AIR-LG-171,Whitefield,1,57699
2026-09-24,AIR-VOL-177,Whitefield,2,32394
2026-09-24,CAM-CAN-206,Whitefield,1,67199
2026-09-24,CAM-CAN-210,Whitefield,1,79704
2026-09-24,CAM-CAN-214,Whitefield,2,57299
2026-09-24,CAM-NIK-209,Whitefield,1,68599
2026-09-24,CAM-NIK-215,Whitefield,2,42799
2026-09-24,GAM-MIC-227,Whitefield,1,44899
2026-09-24,GAM-NIN-228,Whitefield,2,47309
2026-09-24,GAM-SON-219,Whitefield,1,51399
2026-09-24,HEA-BOA-189,Whitefield,2,21299
2026-09-24,HEA-BOA-191,Whitefield,1,24999
2026-09-24,HEA-BOS-181,Whitefield,1,9404
2026-09-24,HEA-JBL-182,Whitefield,2,24899
2026-09-24,HEA-JBL-185,Whitefield,1,11339
2026-09-24,HEA-SON-188,Whitefield,1,4599
2026-09-24,LAP-ASU-120,Whitefield,1,73979
2026-09-24,LAP-I5-G12,Whitefield,1,56990
2026-09-24,LAP-LEN-125,Whitefield,2,79699
2026-09-24,REF-GOD-140,Whitefield,1,30099
2026-09-24,REF-GOD-148,Whitefield,1,59219
2026-09-24,REF-WHI-145,Whitefield,1,54149
2026-09-24,SMA-APP-199,Whitefield,1,38999
2026-09-24,SMA-APP-202,Whitefield,2,23579
2026-09-24,SMA-APP-204,Whitefield,2,42499
2026-09-24,SMA-NOI-195,Whitefield,1,27359
2026-09-24,SMA-NOI-200,Whitefield,1,30299
2026-09-24,SMA-ONE-103,Whitefield,1,25649
2026-09-24,SMA-SAM-101,Whitefield,1,46599
2026-09-24,SMA-SAM-108,Whitefield,1,55199
2026-09-24,SMA-SAM-113,Whitefield,1,48639
2026-09-24,TEL-SON-139,Whitefield,1,69634
2026-09-24,TEL-XIA-136,Whitefield,2,49409
2026-09-24,TV-55Q7,Whitefield,1,58990
2026-09-24,WAS-BOS-158,Whitefield,1,33999
2026-09-24,WAS-IFB-153,Whitefield,1,20249
2026-09-24,WAS-LG-160,Whitefield,1,38189
2026-09-25,ACC-ANK-233,HSR Layout,1,3399
2026-09-25,ACC-ANK-239,HSR Layout,1,1079
2026-09-25,ACC-BEL-231,HSR Layout,1,449
2026-09-25,ACC-POR-241,HSR Layout,1,1439
2026-09-25,AIR-BLU-173,HSR Layout,1,55399
2026-09-25,AIR-LG-170,HSR Layout,1,30779
2026-09-25,AIR-VOL-174,HSR Layout,1,35434
2026-09-25,AIR-VOL-177,HSR Layout,2,34099
2026-09-25,CAM-NIK-209,HSR Layout,1,68599
2026-09-25,CAM-SON-205,HSR Layout,1,54719
2026-09-25,CAM-SON-208,HSR Layout,1,107499
2026-09-25,GAM-NIN-226,HSR Layout,1,30689
2026-09-25,GAM-NIN-228,HSR Layout,1,44819
2026-09-25,GAM-SON-219,HSR Layout,1,48829
2026-09-25,HEA-SON-188,HSR Layout,1,4599
2026-09-25,LAP-DEL-123,HSR Layout,3,94904
2026-09-25,LAP-HP-119,HSR Layout,1,66879
2026-09-25,LAP-LEN-116,HSR Layout,1,90399
2026-09-25,REF-GOD-142,HSR Layout,1,40089
2026-09-25,REF-GOD-146,HSR Layout,1,34399
2026-09-25,REF-LG-141,HSR Layout,1,76409
2026-09-25,REF-LG-144,HSR Layout,1,29339
2026-09-25,SMA-APP-109,HSR Layout,1,43399
2026-09-25,SMA-APP-199,HSR Layout,2,38999
2026-09-25,SMA-APP-204,HSR Layout,1,40374
2026-09-25,SMA-SAM-113,HSR Layout,1,51199
2026-09-25,SMA-XIA-111,HSR Layout,1,65599
2026-09-25,SW-FIT-3,HSR Layout,3,8099
2026-09-25,TEL-TCL-131,HSR Layout,1,38799
2026-09-25,TEL-TCL-137,HSR Layout,1,96699
2026-09-25,TEL-XIA-132,HSR Layout,1,96839
2026-09-25,TEL-XIA-136,HSR Layout,1,54899
2026-09-25,WAS-BOS-165,HSR Layout,1,42299
2026-09-25,WAS-LG-155,HSR Layout,1,43999
2026-09-25,WAS-WHI-154,HSR Layout,1,48399
2026-09-25,WAS-WHI-164,HSR Layout,1,17099
2026-09-25,ACC-ANK-237,Indiranagar,2,2899
2026-09-25,ACC-BEL-238,Indiranagar,1,3199
2026-09-25,ACC-MI-243,Indiranagar,7,2469
2026-09-25,AIR-LG-169,Indiranagar,1,30494
2026-09-25,AIR-VOL-177,Indiranagar,1,34099
2026-09-25,CAM-CAN-206,Indiranagar,1,67199
2026-09-25,CAM-NIK-212,Indiranagar,1,99499
2026-09-25,CAM-SON-205,Indiranagar,2,54719
2026-09-25,GAM-MIC-218,Indiranagar,1,50999
2026-09-25,GAM-MIC-225,Indiranagar,1,49779
2026-09-25,GAM-SON-222,Indiranagar,1,54699
2026-09-25,HEA-BOS-181,Indiranagar,3,9404
2026-09-25,HEA-JBL-185,Indiranagar,1,11339
2026-09-25,HP-ANC-700,Indiranagar,1,19990
2026-09-25,LAP-ACE-118,Indiranagar,1,52199
2026-09-25,LAP-DEL-124,Indiranagar,1,78899
2026-09-25,REF-GOD-142,Indiranagar,1,42199
2026-09-25,SMA-AMA-192,Indiranagar,2,38284
2026-09-25,SMA-APP-199,Indiranagar,1,35099
2026-09-25,SMA-APP-202,Indiranagar,1,23579
2026-09-25,SMA-ONE-103,Indiranagar,1,28499
2026-09-25,SMA-SAM-201,Indiranagar,1,5099
2026-09-25,SMA-XIA-111,Indiranagar,2,65599
2026-09-25,TEL-XIA-136,Indiranagar,1,54899
2026-09-25,TV-55Q7,Indiranagar,1,56040
2026-09-25,WAS-BOS-158,Indiranagar,2,32299
2026-09-25,ACC-BEL-231,Jayanagar,1,499
2026-09-25,ACC-BEL-238,Jayanagar,1,3199
2026-09-25,ACC-POR-242,Jayanagar,1,1499
2026-09-25,AIR-BLU-178,Jayanagar,1,39199
2026-09-25,AIR-DAI-176,Jayanagar,1,46999
2026-09-25,AIR-LG-169,Jayanagar,1,32099
2026-09-25,AIR-LG-170,Jayanagar,1,29159
2026-09-25,AIR-VOL-177,Jayanagar,2,34099
2026-09-25,CAM-NIK-211,Jayanagar,1,95039
2026-09-25,CAM-NIK-212,Jayanagar,2,94524
2026-09-25,CAM-SON-208,Jayanagar,1,107499
2026-09-25,GAM-SON-219,Jayanagar,1,46259
2026-09-25,HEA-BOA-191,Jayanagar,1,23749
2026-09-25,HEA-BOS-181,Jayanagar,3,9899
2026-09-25,HEA-JBL-182,Jayanagar,2,24899
2026-09-25,HP-ANC-700,Jayanagar,1,19990
2026-09-25,LAP-DEL-123,Jayanagar,1,99899
2026-09-25,LAP-LEN-125,Jayanagar,1,79699
2026-09-25,REF-GOD-140,Jayanagar,2,30099
2026-09-25,REF-LG-151,Jayanagar,1,54624
2026-09-25,REF-LG-152,Jayanagar,2,75799
2026-09-25,REF-WHI-145,Jayanagar,1,54149
2026-09-25,SMA-AMA-192,Jayanagar,2,36269
2026-09-25,SMA-APP-204,Jayanagar,1,42499
2026-09-25,SMA-NOI-195,Jayanagar,1,25919
2026-09-25,SMA-ONE-107,Jayanagar,1,59849
2026-09-25,SMA-SAM-108,Jayanagar,5,55199
2026-09-25,SMA-XIA-111,Jayanagar,1,65599
2026-09-25,TEL-SAM-128,Jayanagar,3,113524
2026-09-25,TEL-TCL-129,Jayanagar,1,116999
2026-09-25,TEL-TCL-131,Jayanagar,1,38799
2026-09-25,TEL-XIA-134,Jayanagar,1,119999
2026-09-25,WAS-BOS-165,Jayanagar,1,38069
2026-09-25,WAS-IFB-153,Jayanagar,1,22499
2026-09-25,WAS-IFB-159,Jayanagar,1,32964
2026-09-25,WAS-IFB-162,Jayanagar,2,16699
2026-09-25,WAS-SAM-163,Jayanagar,1,39804
2026-09-25,WAS-WHI-161,Jayanagar,2,17599
2026-09-25,WM-FL-8KG,Jayanagar,3,36990
2026-09-25,ACC-ANK-233,Koramangala,1,3229
2026-09-25,ACC-BEL-231,Koramangala,1,499
2026-09-25,ACC-BEL-238,Koramangala,1,3199
2026-09-25,AIR-BLU-167,Koramangala,1,61599
2026-09-25,AIR-LG-166,Koramangala,1,50499
2026-09-25,CAM-CAN-206,Koramangala,1,63839
2026-09-25,CAM-CAN-207,Koramangala,1,91389
2026-09-25,CAM-CAN-213,Koramangala,1,56619
2026-09-25,CAM-CAN-214,Koramangala,1,57299
2026-09-25,CAM-NIK-211,Koramangala,1,95039
2026-09-25,CAM-NIK-217,Koramangala,2,56239
2026-09-25,GAM-MIC-218,Koramangala,1,50999
2026-09-25,GAM-MIC-223,Koramangala,1,45979
2026-09-25,GAM-MIC-225,Koramangala,3,52399
2026-09-25,GAM-NIN-220,Koramangala,1,43599
2026-09-25,GAM-NIN-228,Koramangala,1,47309
2026-09-25,GAM-NIN-229,Koramangala,1,45179
2026-09-25,GAM-SON-221,Koramangala,1,43599
2026-09-25,HEA-BOA-191,Koramangala,1,22499
2026-09-25,HEA-JBL-184,Koramangala,1,23399
2026-09-25,LAP-ACE-118,Koramangala,2,46979
2026-09-25,LAP-ASU-120,Koramangala,1,73979
2026-09-25,LAP-DEL-122,Koramangala,1,94399
2026-09-25,LAP-HP-114,Koramangala,1,45899
2026-09-25,REF-GOD-140,Koramangala,1,27089
2026-09-25,REF-GOD-146,Koramangala,2,34399
2026-09-25,REF-LG-152,Koramangala,1,75799
2026-09-25,SMA-NOI-197,Koramangala,1,8399
2026-09-25,SMA-SAM-101,Koramangala,1,46599
2026-09-25,SMA-SAM-112,Koramangala,1,55099
2026-09-25,SMA-SAM-113,Koramangala,1,51199
2026-09-25,SMA-SAM-193,Koramangala,1,11499
2026-09-25,SW-FIT-3,Koramangala,1,8549
2026-09-25,TEL-LG-138,Koramangala,2,90699
2026-09-25,TEL-SON-130,Koramangala,1,58999
2026-09-25,TEL-TCL-131,Koramangala,1,38799
2026-09-25,TEL-XIA-132,Koramangala,1,107599
2026-09-25,TEL-XIA-136,Koramangala,1,54899
2026-09-25,TV-55Q7,Koramangala,2,56040
2026-09-25,WAS-BOS-165,Koramangala,2,38069
2026-09-25,WAS-WHI-154,Koramangala,1,45979
2026-09-25,WAS-WHI-164,Koramangala,1,15389
2026-09-25,WM-FL-8KG,Koramangala,1,36990
2026-09-25,ACC-ANK-239,Malleshwaram,1,1079
2026-09-25,ACC-POR-241,Malleshwaram,1,1599
2026-09-25,AIR-BLU-173,Malleshwaram,2,55399
2026-09-25,AIR-LG-170,Malleshwaram,1,29159
2026-09-25,AIR-VOL-177,Malleshwaram,2,30689
2026-09-25,CAM-CAN-206,Malleshwaram,3,60479
2026-09-25,CAM-NIK-209,Malleshwaram,1,68599
2026-09-25,CAM-NIK-215,Malleshwaram,2,42799
2026-09-25,GAM-NIN-229,Malleshwaram,4,50199
2026-09-25,GAM-SON-221,Malleshwaram,1,39239
2026-09-25,GAM-SON-222,Malleshwaram,1,54699
2026-09-25,HEA-JBL-180,Malleshwaram,1,20099
2026-09-25,HEA-JBL-187,Malleshwaram,3,23899
2026-09-25,LAP-ASU-120,Malleshwaram,3,73979
2026-09-25,LAP-DEL-121,Malleshwaram,1,61084
2026-09-25,LAP-HP-119,Malleshwaram,1,70399
2026-09-25,LAP-LEN-125,Malleshwaram,1,79699
2026-09-25,LAP-LEN-126,Malleshwaram,1,99269
2026-09-25,REF-GOD-140,Malleshwaram,2,27089
2026-09-25,REF-GOD-143,Malleshwaram,2,48734
2026-09-25,REF-LG-149,Malleshwaram,1,27699
2026-09-25,REF-LG-151,Malleshwaram,1,57499
2026-09-25,REF-WHI-145,Malleshwaram,2,51299
2026-09-25,SMA-APP-110,Malleshwaram,1,25399
2026-09-25,SMA-APP-204,Malleshwaram,2,42499
2026-09-25,SMA-NOI-197,Malleshwaram,1,7559
2026-09-25,TEL-SAM-133,Malleshwaram,2,48899
2026-09-25,TEL-TCL-129,Malleshwaram,1,116999
2026-09-25,TEL-XIA-134,Malleshwaram,1,119999
2026-09-25,WAS-BOS-165,Malleshwaram,2,42299
2026-09-25,WAS-IFB-159,Malleshwaram,1,34699
2026-09-25,WAS-IFB-162,Malleshwaram,1,16699
2026-09-25,WAS-LG-160,Malleshwaram,2,40199
2026-09-25,WAS-SAM-163,Malleshwaram,1,37709
2026-09-25,ACC-ANK-237,Whitefield,2,2899
2026-09-25,ACC-POR-235,Whitefield,1,599
2026-09-25,AIR-DAI-172,Whitefield,2,58799
2026-09-25,CAM-CAN-210,Whitefield,1,79704
2026-09-25,GAM-MIC-218,Whitefield,1,48449
2026-09-25,GAM-MIC-223,Whitefield,1,48399
2026-09-25,GAM-MIC-227,Whitefield,1,40409
2026-09-25,GAM-NIN-220,Whitefield,1,43599
2026-09-25,GAM-NIN-228,Whitefield,1,49799
2026-09-25,GAM-SON-219,Whitefield,1,51399
2026-09-25,GAM-SON-222,Whitefield,1,54699
2026-09-25,HEA-BOA-183,Whitefield,1,4409
2026-09-25,HEA-BOA-189,Whitefield,1,21299
2026-09-25,HEA-JBL-182,Whitefield,1,24899
2026-09-25,HEA-JBL-185,Whitefield,1,12599
2026-09-25,HEA-JBL-187,Whitefield,2,23899
2026-09-25,HEA-SON-188,Whitefield,1,4139
2026-09-25,HP-ANC-700,Whitefield,1,19990
2026-09-25,LAP-ACE-118,Whitefield,1,49589
2026-09-25,LAP-DEL-124,Whitefield,1,74954
2026-09-25,LAP-LEN-126,Whitefield,1,110299
2026-09-25,REF-GOD-146,Whitefield,1,30959
2026-09-25,SMA-APP-198,Whitefield,1,26099
2026-09-25,SMA-APP-202,Whitefield,1,26199
2026-09-25,SMA-NOI-195,Whitefield,1,27359
2026-09-25,SMA-ONE-106,Whitefield,1,80084
2026-09-25,SMA-SAM-113,Whitefield,1,46079
2026-09-25,SMA-SAM-193,Whitefield,1,10924
2026-09-25,SMA-VIV-102,Whitefield,1,33629
2026-09-25,SMA-XIA-104,Whitefield,2,72699
2026-09-25,TEL-LG-138,Whitefield,2,86164
2026-09-25,TEL-SAM-128,Whitefield,2,119499
2026-09-25,TEL-XIA-132,Whitefield,1,96839
2026-09-25,TV-65U8,Whitefield,1,64990
2026-09-25,WAS-WHI-154,Whitefield,1,48399
2026-09-25,WAS-WHI-161,Whitefield,1,15839
2026-09-25,WAS-WHI-164,Whitefield,1,17099
2026-09-26,ACC-ANK-233,HSR Layout,1,3399
2026-09-26,ACC-ANK-239,HSR Layout,4,1199
2026-09-26,ACC-POR-242,HSR Layout,3,1499
2026-09-26,AIR-LG-168,HSR Layout,2,29699
2026-09-26,AIR-LG-169,HSR Layout,1,32099
2026-09-26,AIR-LG-175,HSR Layout,1,45799
2026-09-26,CAM-CAN-207,HSR Layout,1,96199
2026-09-26,CAM-NIK-209,HSR Layout,1,65169
2026-09-26,CAM-NIK-215,HSR Layout,1,38519
2026-09-26,CAM-SON-205,HSR Layout,1,57599
2026-09-26,GAM-NIN-226,HSR Layout,2,34099
2026-09-26,GAM-NIN-228,HSR Layout,2,47309
2026-09-26,HEA-BOA-191,HSR Layout,3,23749
2026-09-26,HEA-JBL-182,HSR Layout,3,22409
2026-09-26,HEA-SON-179,HSR Layout,1,6599
2026-09-26,LAP-ASU-120,HSR Layout,1,82199
2026-09-26,LAP-HP-119,HSR Layout,5,63359
2026-09-26,REF-LG-141,HSR Layout,1,80654
2026-09-26,REF-LG-144,HSR Layout,1,32599
2026-09-26,REF-LG-150,HSR Layout,1,49399
2026-09-26,REF-LG-152,HSR Layout,1,68219
2026-09-26,REF-WHI-145,HSR Layout,2,56999
2026-09-26,SMA-AMA-192,HSR Layout,1,36269
2026-09-26,SMA-APP-109,HSR Layout,1,41229
2026-09-26,SMA-APP-199,HSR Layout,1,38999
2026-09-26,SMA-NOI-194,HSR Layout,1,3239
2026-09-26,SMA-NOI-195,HSR Layout,2,27359
2026-09-26,SMA-SAM-101,HSR Layout,1,46599
2026-09-26,SMA-XIA-104,HSR Layout,1,69064
2026-09-26,TEL-SON-130,HSR Layout,1,53099
2026-09-26,TEL-SON-135,HSR Layout,4,41849
2026-09-26,TEL-TCL-137,HSR Layout,1,96699
2026-09-26,TEL-XIA-132,HSR Layout,1,107599
2026-09-26,TEL-XIA-134,HSR Layout,1,119999
2026-09-26,TEL-XIA-136,HSR Layout,2,52154
2026-09-26,TV-55Q7,HSR Layout,2,53091
2026-09-26,TV-65U8,HSR Layout,1,61740
2026-09-26,WAS-IFB-153,HSR Layout,1,22499
2026-09-26,WAS-SAM-163,HSR Layout,1,37709
2026-09-26,WAS-WHI-154,HSR Layout,1,45979
2026-09-26,WAS-WHI-164,HSR Layout,1,17099
2026-09-26,ACC-ANK-237,Indiranagar,2,2754
2026-09-26,ACC-ANK-239,Indiranagar,1,1139
2026-09-26,ACC-BEL-231,Indiranagar,1,499
2026-09-26,ACC-MI-243,Indiranagar,3,2339
2026-09-26,ACC-POR-242,Indiranagar,2,1424
2026-09-26,AIR-BLU-173,Indiranagar,1,52629
2026-09-26,AIR-LG-169,Indiranagar,1,32099
2026-09-26,CAM-CAN-207,Indiranagar,2,86579
2026-09-26,CAM-CAN-213,Indiranagar,1,56619
2026-09-26,CAM-SON-205,Indiranagar,2,51839
2026-09-26,GAM-MIC-218,Indiranagar,1,45899
2026-09-26,GAM-NIN-224,Indiranagar,1,29639
2026-09-26,GAM-NIN-229,Indiranagar,1,45179
2026-09-26,GAM-SON-221,Indiranagar,1,43599
2026-09-26,GAM-SON-222,Indiranagar,1,49229
2026-09-26,HEA-BOA-189,Indiranagar,7,20234
2026-09-26,HEA-BOS-181,Indiranagar,2,9899
2026-09-26,HEA-BOS-190,Indiranagar,3,28799
2026-09-26,HEA-JBL-180,Indiranagar,1,20099
2026-09-26,HEA-JBL-185,Indiranagar,1,12599
2026-09-26,HEA-SON-179,Indiranagar,1,6599
2026-09-26,HP-ANC-700,Indiranagar,7,18990
2026-09-26,LAP-ACE-118,Indiranagar,1,52199
2026-09-26,LAP-DEL-122,Indiranagar,3,89679
2026-09-26,LAP-LEN-126,Indiranagar,1,104784
2026-09-26,REF-GOD-140,Indiranagar,1,30099
2026-09-26,REF-GOD-142,Indiranagar,3,42199
2026-09-26,REF-LG-152,Indiranagar,1,75799
2026-09-26,SMA-APP-199,Indiranagar,1,38999
2026-09-26,SMA-NOI-194,Indiranagar,4,3419
2026-09-26,SMA-NOI-200,Indiranagar,1,30299
2026-09-26,SMA-ONE-106,Indiranagar,1,84299
2026-09-26,SMA-SAM-101,Indiranagar,1,41939
2026-09-26,SMA-SAM-196,Indiranagar,1,18049
2026-09-26,SMA-SAM-201,Indiranagar,1,5099
2026-09-26,TEL-SAM-128,Indiranagar,2,119499
2026-09-26,TEL-SON-130,Indiranagar,1,58999
2026-09-26,TEL-TCL-137,Indiranagar,1,96699
2026-09-26,TEL-XIA-132,Indiranagar,2,102219
2026-09-26,TEL-XIA-136,Indiranagar,1,54899
2026-09-26,TV-55Q7,Indiranagar,1,53091
2026-09-26,TV-65U8,Indiranagar,1,61740
2026-09-26,WAS-BOS-158,Indiranagar,1,33999
2026-09-26,ACC-ANK-232,Jayanagar,3,2339
2026-09-26,ACC-ANK-239,Jayanagar,1,1199
2026-09-26,ACC-BEL-238,Jayanagar,2,2879
2026-09-26,ACC-MI-240,Jayanagar,1,3509
2026-09-26,ACC-POR-235,Jayanagar,2,599
2026-09-26,ACC-POR-242,Jayanagar,3,1499
2026-09-26,AIR-BLU-173,Jayanagar,1,55399
2026-09-26,AIR-LG-166,Jayanagar,1,47974
2026-09-26,AIR-LG-168,Jayanagar,1,32999
2026-09-26,AIR-LG-169,Jayanagar,1,32099
2026-09-26,AIR-LG-170,Jayanagar,1,30779
2026-09-26,CAM-CAN-206,Jayanagar,1,60479
2026-09-26,CAM-NIK-215,Jayanagar,1,42799
2026-09-26,GAM-MIC-223,Jayanagar,1,48399
2026-09-26,GAM-NIN-220,Jayanagar,1,43599
2026-09-26,GAM-NIN-228,Jayanagar,2,49799
2026-09-26,GAM-SON-222,Jayanagar,1,54699
2026-09-26,HEA-BOA-183,Jayanagar,1,4899
2026-09-26,HEA-BOA-189,Jayanagar,1,21299
2026-09-26,HEA-BOS-181,Jayanagar,1,8909
2026-09-26,HEA-JBL-182,Jayanagar,2,22409
2026-09-26,LAP-ACE-118,Jayanagar,1,49589
2026-09-26,LAP-DEL-123,Jayanagar,1,99899
2026-09-26,LAP-HP-114,Jayanagar,1,45899
2026-09-26,LAP-LEN-126,Jayanagar,2,99269
2026-09-26,REF-GOD-143,Jayanagar,1,51299
2026-09-26,REF-LG-141,Jayanagar,1,80654
2026-09-26,REF-LG-150,Jayanagar,1,49399
2026-09-26,REF-LG-151,Jayanagar,1,54624
2026-09-26,REF-LG-152,Jayanagar,2,72009
2026-09-26,REF-WHI-145,Jayanagar,1,54149
2026-09-26,SMA-AMA-192,Jayanagar,1,40299
2026-09-26,SMA-APP-198,Jayanagar,1,24794
2026-09-26,SMA-APP-204,Jayanagar,1,42499
2026-09-26,SMA-NOI-195,Jayanagar,3,28799
2026-09-26,SMA-NOI-197,Jayanagar,1,7559
2026-09-26,SMA-NOI-200,Jayanagar,1,30299
2026-09-26,SMA-ONE-106,Jayanagar,2,84299
2026-09-26,SMA-ONE-107,Jayanagar,2,66499
2026-09-26,SMA-SAM-112,Jayanagar,1,55099
2026-09-26,SMA-SAM-193,Jayanagar,1,11499
2026-09-26,TEL-SAM-128,Jayanagar,1,113524
2026-09-26,TEL-SAM-133,Jayanagar,2,44009
2026-09-26,TEL-SON-139,Jayanagar,1,65969
2026-09-26,TEL-XIA-127,Jayanagar,1,18399
2026-09-26,WAS-BOS-165,Jayanagar,2,40184
2026-09-26,WAS-IFB-157,Jayanagar,2,30149
2026-09-26,WAS-IFB-162,Jayanagar,1,16699
2026-09-26,WAS-LG-155,Jayanagar,1,39599
2026-09-26,WAS-LG-160,Jayanagar,3,38189
2026-09-26,ACC-ANK-233,Koramangala,1,3229
2026-09-26,ACC-ANK-239,Koramangala,1,1199
2026-09-26,ACC-BEL-238,Koramangala,1,2879
2026-09-26,ACC-MI-243,Koramangala,2,2599
2026-09-26,ACC-POR-236,Koramangala,1,499
2026-09-26,AIR-LG-170,Koramangala,1,32399
2026-09-26,CAM-NIK-215,Koramangala,3,42799
2026-09-26,CAM-SON-205,Koramangala,1,54719
2026-09-26,GAM-MIC-223,Koramangala,1,48399
2026-09-26,GAM-MIC-225,Koramangala,2,47159
2026-09-26,GAM-NIN-220,Koramangala,2,41419
2026-09-26,GAM-NIN-226,Koramangala,1,34099
2026-09-26,GAM-SON-219,Koramangala,1,48829
2026-09-26,GAM-SON-221,Koramangala,1,39239
2026-09-26,HEA-BOS-181,Koramangala,1,9404
2026-09-26,HEA-BOS-190,Koramangala,1,25919
2026-09-26,HEA-JBL-184,Koramangala,1,23399
2026-09-26,HEA-SON-179,Koramangala,2,6599
2026-09-26,HEA-SON-188,Koramangala,1,4599
2026-09-26,LAP-DEL-123,Koramangala,1,99899
2026-09-26,REF-GOD-143,Koramangala,3,51299
2026-09-26,REF-GOD-146,Koramangala,5,30959
2026-09-26,REF-LG-141,Koramangala,2,84899
2026-09-26,REF-LG-144,Koramangala,2,32599
2026-09-26,REF-LG-149,Koramangala,1,27699
2026-09-26,REF-SAM-147,Koramangala,1,45199
2026-09-26,SMA-AMA-192,Koramangala,1,40299
2026-09-26,SMA-NOI-197,Koramangala,1,7559
2026-09-26,SMA-ONE-103,Koramangala,1,25649
2026-09-26,SMA-ONE-106,Koramangala,1,75869
2026-09-26,SMA-SAM-101,Koramangala,1,46599
2026-09-26,SMA-SAM-112,Koramangala,1,55099
2026-09-26,SMA-SAM-193,Koramangala,2,10924
2026-09-26,SW-FIT-3,Koramangala,2,8999
2026-09-26,TEL-LG-138,Koramangala,1,90699
2026-09-26,TEL-SON-130,Koramangala,1,58999
2026-09-26,TEL-XIA-127,Koramangala,1,18399
2026-09-26,TEL-XIA-132,Koramangala,1,96839
2026-09-26,TV-55Q7,Koramangala,3,58990
2026-09-26,WAS-IFB-159,Koramangala,2,34699
2026-09-26,WAS-IFB-162,Koramangala,2,15029
2026-09-26,WM-FL-8KG,Koramangala,3,33291
2026-09-26,ACC-POR-242,Malleshwaram,1,1499
2026-09-26,AIR-DAI-172,Malleshwaram,1,58799
2026-09-26,AIR-LG-170,Malleshwaram,5,32399
2026-09-26,CAM-CAN-206,Malleshwaram,4,63839
2026-09-26,CAM-NIK-209,Malleshwaram,2,61739
2026-09-26,CAM-NIK-215,Malleshwaram,1,40659
2026-09-26,CAM-NIK-216,Malleshwaram,1,81889
2026-09-26,CAM-NIK-217,Malleshwaram,1,59199
2026-09-26,CAM-SON-205,Malleshwaram,1,57599
2026-09-26,GAM-NIN-220,Malleshwaram,1,43599
2026-09-26,GAM-NIN-226,Malleshwaram,2,30689
2026-09-26,GAM-NIN-229,Malleshwaram,1,50199
2026-09-26,GAM-SON-219,Malleshwaram,1,51399
2026-09-26,GAM-SON-221,Malleshwaram,1,43599
2026-09-26,HEA-BOA-183,Malleshwaram,1,4654
2026-09-26,HEA-BOS-181,Malleshwaram,2,9899
2026-09-26,HEA-JBL-180,Malleshwaram,2,18089
2026-09-26,HEA-JBL-182,Malleshwaram,1,24899
2026-09-26,HEA-SON-179,Malleshwaram,1,6599
2026-09-26,LAP-ASU-120,Malleshwaram,4,82199
2026-09-26,LAP-DEL-121,Malleshwaram,1,61084
2026-09-26,LAP-DEL-123,Malleshwaram,2,89909
2026-09-26,LAP-HP-114,Malleshwaram,4,45899
2026-09-26,LAP-I5-G12,Malleshwaram,1,56990
2026-09-26,LAP-LEN-116,Malleshwaram,1,90399
2026-09-26,LAP-LEN-125,Malleshwaram,1,71729
2026-09-26,REF-GOD-140,Malleshwaram,3,30099
2026-09-26,REF-GOD-146,Malleshwaram,1,34399
2026-09-26,REF-LG-149,Malleshwaram,1,24929
2026-09-26,REF-LG-151,Malleshwaram,4,57499
2026-09-26,REF-LG-152,Malleshwaram,1,72009
2026-09-26,SMA-APP-110,Malleshwaram,1,25399
2026-09-26,SMA-APP-204,Malleshwaram,1,38249
2026-09-26,SMA-NOI-194,Malleshwaram,1,3599
2026-09-26,SMA-NOI-197,Malleshwaram,1,8399
2026-09-26,SMA-ONE-107,Malleshwaram,3,63174
2026-09-26,SMA-VIV-102,Malleshwaram,1,35399
2026-09-26,WAS-IFB-159,Malleshwaram,2,34699
2026-09-26,WAS-LG-155,Malleshwaram,1,43999
2026-09-26,WAS-LG-160,Malleshwaram,1,38189
2026-09-26,WAS-SAM-156,Malleshwaram,1,27199
2026-09-26,WAS-WHI-154,Malleshwaram,1,45979
2026-09-26,WAS-WHI-161,Malleshwaram,4,17599
2026-09-26,AIR-DAI-172,Whitefield,1,55859
2026-09-26,AIR-LG-175,Whitefield,1,43509
2026-09-26,AIR-VOL-177,Whitefield,2,30689
2026-09-26,CAM-CAN-213,Whitefield,1,53639
2026-09-26,CAM-NIK-209,Whitefield,1,68599
2026-09-26,GAM-MIC-227,Whitefield,2,40409
2026-09-26,GAM-NIN-229,Whitefield,1,50199
2026-09-26,GAM-SON-219,Whitefield,2,48829
2026-09-26,GAM-SON-221,Whitefield,1,43599
2026-09-26,GAM-SON-222,Whitefield,1,51964
2026-09-26,HEA-BOA-189,Whitefield,2,21299
2026-09-26,HEA-BOA-191,Whitefield,1,22499
2026-09-26,HEA-BOS-181,Whitefield,1,9899
2026-09-26,HEA-JBL-180,Whitefield,2,20099
2026-09-26,HEA-SON-188,Whitefield,2,4599
2026-09-26,LAP-ACE-118,Whitefield,1,52199
2026-09-26,LAP-ASU-120,Whitefield,1,82199
2026-09-26,REF-GOD-146,Whitefield,1,34399
2026-09-26,REF-LG-152,Whitefield,1,72009
2026-09-26,REF-SAM-147,Whitefield,1,45199
2026-09-26,SMA-APP-199,Whitefield,1,38999
2026-09-26,SMA-APP-204,Whitefield,1,42499
2026-09-26,SMA-NOI-195,Whitefield,2,28799
2026-09-26,SMA-NOI-197,Whitefield,1,8399
2026-09-26,SMA-NOI-200,Whitefield,1,28784
2026-09-26,SMA-SAM-101,Whitefield,1,46599
2026-09-26,SMA-SAM-112,Whitefield,1,52344
2026-09-26,SMA-SAM-113,Whitefield,1,48639
2026-09-26,SMA-XIA-104,Whitefield,1,65429
2026-09-26,TEL-LG-138,Whitefield,2,81629
2026-09-26,TEL-SAM-128,Whitefield,1,113524
2026-09-26,TEL-SON-139,Whitefield,3,69634
2026-09-26,TEL-XIA-136,Whitefield,1,52154
2026-09-26,WAS-BOS-158,Whitefield,1,32299
2026-09-26,WAS-BOS-165,Whitefield,1,42299
2026-09-26,WAS-IFB-153,Whitefield,2,20249
2026-09-26,WAS-WHI-161,Whitefield,1,17599
2026-09-26,WAS-WHI-164,Whitefield,1,16244
2026-09-27,ACC-ANK-239,HSR Layout,1,1139
2026-09-27,ACC-MI-243,HSR Layout,2,2469
2026-09-27,ACC-POR-236,HSR Layout,1,499
2026-09-27,ACC-POR-241,HSR Layout,1,1439
2026-09-27,AIR-LG-166,HSR Layout,2,47974
2026-09-27,AIR-LG-168,HSR Layout,1,32999
2026-09-27,CAM-NIK-211,HSR Layout,1,105599
2026-09-27,CAM-NIK-212,HSR Layout,1,94524
2026-09-27,CAM-NIK-215,HSR Layout,1,42799
2026-09-27,GAM-MIC-218,HSR Layout,1,50999
2026-09-27,GAM-MIC-225,HSR Layout,1,47159
2026-09-27,GAM-MIC-227,HSR Layout,1,42654
2026-09-27,GAM-NIN-226,HSR Layout,1,34099
2026-09-27,GAM-SON-219,HSR Layout,1,51399
2026-09-27,HEA-BOA-189,HSR Layout,1,19169
2026-09-27,HEA-BOA-191,HSR Layout,2,24999
2026-09-27,HEA-JBL-182,HSR Layout,1,24899
2026-09-27,HEA-SON-188,HSR Layout,1,4599
2026-09-27,HP-ANC-700,HSR Layout,1,19990
2026-09-27,LAP-DEL-115,HSR Layout,1,112999
2026-09-27,LAP-HP-114,HSR Layout,1,43604
2026-09-27,LAP-HP-119,HSR Layout,4,63359
2026-09-27,LAP-LEN-116,HSR Layout,2,90399
2026-09-27,LAP-LEN-117,HSR Layout,2,58999
2026-09-27,LAP-LEN-125,HSR Layout,2,75714
2026-09-27,REF-LG-144,HSR Layout,1,32599
2026-09-27,SMA-AMA-203,HSR Layout,1,11609
2026-09-27,SMA-APP-109,HSR Layout,1,43399
2026-09-27,SMA-APP-199,HSR Layout,1,38999
2026-09-27,SMA-APP-202,HSR Layout,2,23579
2026-09-27,SMA-NOI-194,HSR Layout,1,3239
2026-09-27,SMA-NOI-200,HSR Layout,1,27269
2026-09-27,SMA-ONE-105,HSR Layout,1,49799
2026-09-27,SMA-ONE-106,HSR Layout,2,75869
2026-09-27,SMA-SAM-101,HSR Layout,2,46599
2026-09-27,SMA-SAM-112,HSR Layout,1,55099
2026-09-27,SMA-XIA-104,HSR Layout,2,72699
2026-09-27,TEL-SON-135,HSR Layout,1,46499
2026-09-27,TEL-TCL-137,HSR Layout,1,91864
2026-09-27,TEL-XIA-132,HSR Layout,1,107599
2026-09-27,TEL-XIA-136,HSR Layout,3,49409
2026-09-27,WAS-BOS-165,HSR Layout,1,42299
2026-09-27,WAS-WHI-164,HSR Layout,1,15389
2026-09-27,ACC-ANK-232,Indiranagar,1,2599
2026-09-27,ACC-ANK-237,Indiranagar,3,2899
2026-09-27,ACC-POR-241,Indiranagar,2,1519
2026-09-27,AIR-LG-170,Indiranagar,2,32399
2026-09-27,AIR-LG-175,Indiranagar,2,45799
2026-09-27,AIR-VOL-174,Indiranagar,1,33569
2026-09-27,CAM-CAN-206,Indiranagar,1,63839
2026-09-27,CAM-CAN-210,Indiranagar,1,75509
2026-09-27,CAM-NIK-209,Indiranagar,1,61739
2026-09-27,CAM-NIK-211,Indiranagar,1,100319
2026-09-27,CAM-SON-205,Indiranagar,1,51839
2026-09-27,GAM-MIC-227,Indiranagar,1,44899
2026-09-27,GAM-MIC-230,Indiranagar,1,28784
2026-09-27,GAM-NIN-220,Indiranagar,1,39239
2026-09-27,GAM-NIN-226,Indiranagar,1,32394
2026-09-27,HEA-BOA-183,Indiranagar,1,4899
2026-09-27,HEA-BOA-189,Indiranagar,3,20234
2026-09-27,HEA-BOS-181,Indiranagar,2,9899
2026-09-27,HEA-JBL-180,Indiranagar,1,19094
2026-09-27,HEA-JBL-185,Indiranagar,1,11339
2026-09-27,HEA-SON-179,Indiranagar,1,6269
2026-09-27,HEA-SON-188,Indiranagar,1,4599
2026-09-27,HP-ANC-700,Indiranagar,4,19990
2026-09-27,LAP-ACE-118,Indiranagar,2,52199
2026-09-27,LAP-DEL-122,Indiranagar,2,94399
2026-09-27,LAP-DEL-124,Indiranagar,1,71009
2026-09-27,LAP-HP-114,Indiranagar,1,45899
2026-09-27,LAP-LEN-126,Indiranagar,1,110299
2026-09-27,REF-GOD-140,Indiranagar,1,27089
2026-09-27,REF-GOD-142,Indiranagar,1,42199
2026-09-27,REF-GOD-146,Indiranagar,1,34399
2026-09-27,REF-LG-151,Indiranagar,1,51749
2026-09-27,REF-LG-152,Indiranagar,2,72009
2026-09-27,SMA-AMA-192,Indiranagar,2,40299
2026-09-27,SMA-APP-199,Indiranagar,1,38999
2026-09-27,SMA-NOI-194,Indiranagar,1,3599
2026-09-27,SMA-ONE-106,Indiranagar,3,84299
2026-09-27,SMA-ONE-107,Indiranagar,1,66499
2026-09-27,SMA-SAM-112,Indiranagar,2,55099
2026-09-27,TEL-SAM-128,Indiranagar,2,119499
2026-09-27,TEL-SAM-133,Indiranagar,1,48899
2026-09-27,TEL-SON-130,Indiranagar,1,53099
2026-09-27,TEL-SON-135,Indiranagar,1,46499
2026-09-27,TEL-TCL-129,Indiranagar,1,105299
2026-09-27,WAS-BOS-158,Indiranagar,1,33999
2026-09-27,WAS-IFB-153,Indiranagar,1,21374
2026-09-27,WAS-WHI-161,Indiranagar,1,15839
2026-09-27,WAS-WHI-164,Indiranagar,1,17099
2026-09-27,ACC-BEL-238,Jayanagar,1,3199
2026-09-27,ACC-MI-240,Jayanagar,1,3704
2026-09-27,ACC-POR-235,Jayanagar,1,599
2026-09-27,ACC-POR-242,Jayanagar,1,1499
2026-09-27,AIR-DAI-176,Jayanagar,1,46999
2026-09-27,AIR-LG-169,Jayanagar,1,28889
2026-09-27,AIR-VOL-177,Jayanagar,1,30689
2026-09-27,CAM-NIK-212,Jayanagar,1,99499
2026-09-27,GAM-NIN-220,Jayanagar,1,39239
2026-09-27,GAM-NIN-226,Jayanagar,1,30689
2026-09-27,GAM-NIN-228,Jayanagar,2,49799
2026-09-27,GAM-NIN-229,Jayanagar,1,47689
2026-09-27,GAM-SON-219,Jayanagar,1,51399
2026-09-27,HEA-BOA-183,Jayanagar,2,4654
2026-09-27,HEA-BOA-189,Jayanagar,2,21299
2026-09-27,HEA-BOS-181,Jayanagar,1,9899
2026-09-27,HEA-JBL-180,Jayanagar,1,20099
2026-09-27,LAP-ACE-118,Jayanagar,1,46979
2026-09-27,LAP-LEN-116,Jayanagar,1,85879
2026-09-27,LAP-LEN-125,Jayanagar,1,71729
2026-09-27,LAP-LEN-126,Jayanagar,1,104784
2026-09-27,REF-GOD-140,Jayanagar,1,27089
2026-09-27,REF-LG-141,Jayanagar,1,84899
2026-09-27,REF-LG-149,Jayanagar,2,27699
2026-09-27,REF-LG-150,Jayanagar,1,44459
2026-09-27,REF-LG-152,Jayanagar,1,75799
2026-09-27,REF-WHI-145,Jayanagar,1,56999
2026-09-27,SMA-APP-199,Jayanagar,1,37049
2026-09-27,SMA-APP-204,Jayanagar,1,40374
2026-09-27,SMA-SAM-108,Jayanagar,2,55199
2026-09-27,SMA-VIV-102,Jayanagar,1,33629
2026-09-27,SMA-XIA-111,Jayanagar,1,65599
2026-09-27,TEL-SAM-128,Jayanagar,1,107549
2026-09-27,TEL-SAM-133,Jayanagar,1,48899
2026-09-27,TEL-TCL-131,Jayanagar,2,34919
2026-09-27,TEL-XIA-132,Jayanagar,1,107599
2026-09-27,TEL-XIA-136,Jayanagar,1,54899
2026-09-27,TV-65U8,Jayanagar,2,61740
2026-09-27,WAS-BOS-165,Jayanagar,1,42299
2026-09-27,WAS-IFB-153,Jayanagar,1,21374
2026-09-27,WAS-IFB-157,Jayanagar,1,33499
2026-09-27,WAS-WHI-161,Jayanagar,1,16719
2026-09-27,WM-FL-8KG,Jayanagar,3,36990
2026-09-27,ACC-ANK-233,Koramangala,1,3399
2026-09-27,ACC-BEL-231,Koramangala,1,499
2026-09-27,ACC-BEL-238,Koramangala,2,3039
2026-09-27,ACC-MI-243,Koramangala,1,2599
2026-09-27,ACC-POR-235,Koramangala,1,599
2026-09-27,AIR-DAI-172,Koramangala,1,52919
2026-09-27,AIR-LG-166,Koramangala,1,50499
2026-09-27,AIR-LG-168,Koramangala,1,32999
2026-09-27,AIR-LG-170,Koramangala,1,32399
2026-09-27,AIR-VOL-177,Koramangala,2,34099
2026-09-27,CAM-CAN-207,Koramangala,1,96199
2026-09-27,CAM-CAN-213,Koramangala,1,59599
2026-09-27,CAM-NIK-211,Koramangala,1,95039
2026-09-27,CAM-NIK-215,Koramangala,1,42799
2026-09-27,CAM-SON-208,Koramangala,1,96749
2026-09-27,GAM-MIC-218,Koramangala,2,50999
2026-09-27,GAM-MIC-223,Koramangala,1,45979
2026-09-27,GAM-MIC-225,Koramangala,2,49779
2026-09-27,GAM-NIN-220,Koramangala,2,41419
2026-09-27,GAM-NIN-228,Koramangala,1,44819
2026-09-27,GAM-SON-219,Koramangala,1,51399
2026-09-27,HEA-BOA-191,Koramangala,2,24999
2026-09-27,HEA-BOS-181,Koramangala,1,9899
2026-09-27,HEA-BOS-190,Koramangala,1,28799
2026-09-27,HEA-SON-188,Koramangala,2,4599
2026-09-27,LAP-ACE-118,Koramangala,2,49589
2026-09-27,LAP-ASU-120,Koramangala,1,73979
2026-09-27,LAP-DEL-122,Koramangala,1,84959
2026-09-27,LAP-DEL-123,Koramangala,2,94904
2026-09-27,LAP-I5-G12,Koramangala,1,56990
2026-09-27,LAP-LEN-116,Koramangala,1,81359
2026-09-27,REF-GOD-143,Koramangala,1,51299
2026-09-27,REF-GOD-146,Koramangala,2,34399
2026-09-27,REF-LG-141,Koramangala,2,76409
2026-09-27,REF-SAM-147,Koramangala,1,45199
2026-09-27,SMA-APP-198,Koramangala,1,26099
2026-09-27,SMA-APP-199,Koramangala,1,37049
2026-09-27,SMA-NOI-194,Koramangala,3,3599
2026-09-27,SMA-NOI-195,Koramangala,1,27359
2026-09-27,SMA-NOI-197,Koramangala,1,8399
2026-09-27,SMA-ONE-106,Koramangala,2,84299
2026-09-27,SMA-SAM-112,Koramangala,1,55099
2026-09-27,SMA-SAM-113,Koramangala,1,48639
2026-09-27,SMA-SAM-193,Koramangala,6,11499
2026-09-27,SMA-SAM-196,Koramangala,1,18999
2026-09-27,TEL-LG-138,Koramangala,2,90699
2026-09-27,TEL-SON-130,Koramangala,1,58999
2026-09-27,TEL-TCL-129,Koramangala,1,111149
2026-09-27,TEL-XIA-127,Koramangala,1,18399
2026-09-27,TEL-XIA-132,Koramangala,1,102219
2026-09-27,TV-55Q7,Koramangala,2,58990
2026-09-27,WAS-IFB-153,Koramangala,1,22499
2026-09-27,WAS-SAM-156,Koramangala,1,25839
2026-09-27,WM-FL-8KG,Koramangala,1,36990
2026-09-27,ACC-ANK-233,Malleshwaram,1,3229
2026-09-27,ACC-BEL-238,Malleshwaram,1,3199
2026-09-27,ACC-MI-240,Malleshwaram,1,3899
2026-09-27,ACC-POR-241,Malleshwaram,1,1519
2026-09-27,AIR-LG-171,Malleshwaram,1,54814
2026-09-27,CAM-CAN-206,Malleshwaram,4,67199
2026-09-27,CAM-NIK-217,Malleshwaram,1,59199
2026-09-27,CAM-SON-205,Malleshwaram,1,51839
2026-09-27,CAM-SON-208,Malleshwaram,1,107499
2026-09-27,GAM-MIC-227,Malleshwaram,2,44899
2026-09-27,GAM-NIN-229,Malleshwaram,3,47689
2026-09-27,HEA-BOS-190,Malleshwaram,4,28799
2026-09-27,HEA-JBL-180,Malleshwaram,1,20099
2026-09-27,HEA-JBL-185,Malleshwaram,1,12599
2026-09-27,HEA-JBL-187,Malleshwaram,3,21509
2026-09-27,HP-ANC-700,Malleshwaram,1,19990
2026-09-27,LAP-ASU-120,Malleshwaram,1,73979
2026-09-27,LAP-DEL-115,Malleshwaram,1,112999
2026-09-27,LAP-DEL-123,Malleshwaram,2,99899
2026-09-27,LAP-HP-119,Malleshwaram,3,63359
2026-09-27,REF-GOD-140,Malleshwaram,1,30099
2026-09-27,REF-GOD-148,Malleshwaram,1,65799
2026-09-27,REF-LG-144,Malleshwaram,2,32599
2026-09-27,REF-LG-149,Malleshwaram,3,27699
2026-09-27,REF-LG-151,Malleshwaram,2,57499
2026-09-27,REF-WHI-145,Malleshwaram,2,56999
2026-09-27,SMA-APP-109,Malleshwaram,1,43399
2026-09-27,SMA-APP-110,Malleshwaram,2,25399
2026-09-27,SMA-APP-202,Malleshwaram,1,26199
2026-09-27,SMA-NOI-197,Malleshwaram,1,7979
2026-09-27,SMA-ONE-103,Malleshwaram,1,28499
2026-09-27,SMA-ONE-106,Malleshwaram,1,75869
2026-09-27,SMA-ONE-107,Malleshwaram,1,66499
2026-09-27,SMA-SAM-108,Malleshwaram,1,52439
2026-09-27,SMA-SAM-112,Malleshwaram,1,55099
2026-09-27,SMA-SAM-113,Malleshwaram,1,48639
2026-09-27,SW-FIT-3,Malleshwaram,1,8999
2026-09-27,TEL-SON-135,Malleshwaram,1,46499
2026-09-27,TEL-SON-139,Malleshwaram,2,73299
2026-09-27,TEL-XIA-127,Malleshwaram,2,18399
2026-09-27,TV-55Q7,Malleshwaram,1,53091
2026-09-27,WAS-BOS-165,Malleshwaram,3,42299
2026-09-27,WAS-IFB-162,Malleshwaram,2,15864
2026-09-27,WAS-LG-155,Malleshwaram,1,43999
2026-09-27,WAS-SAM-156,Malleshwaram,2,27199
2026-09-27,ACC-ANK-237,Whitefield,2,2754
2026-09-27,ACC-ANK-239,Whitefield,1,1199
2026-09-27,ACC-BEL-238,Whitefield,1,3199
2026-09-27,AIR-DAI-172,Whitefield,1,55859
2026-09-27,AIR-LG-171,Whitefield,2,57699
2026-09-27,AIR-VOL-177,Whitefield,1,34099
2026-09-27,CAM-CAN-207,Whitefield,1,96199
2026-09-27,CAM-CAN-214,Whitefield,1,57299
2026-09-27,CAM-NIK-209,Whitefield,1,68599
2026-09-27,GAM-MIC-223,Whitefield,1,48399
2026-09-27,GAM-MIC-227,Whitefield,1,44899
2026-09-27,GAM-NIN-220,Whitefield,1,39239
2026-09-27,GAM-SON-219,Whitefield,1,46259
2026-09-27,GAM-SON-222,Whitefield,1,51964
2026-09-27,HEA-BOA-189,Whitefield,2,20234
2026-09-27,HEA-BOA-191,Whitefield,1,22499
2026-09-27,HEA-JBL-182,Whitefield,1,24899
2026-09-27,HEA-JBL-184,Whitefield,1,23399
2026-09-27,HEA-JBL-187,Whitefield,2,22704
2026-09-27,HEA-SON-188,Whitefield,1,4599
2026-09-27,LAP-ASU-120,Whitefield,2,73979
2026-09-27,LAP-DEL-121,Whitefield,2,57869
2026-09-27,LAP-DEL-122,Whitefield,1,94399
2026-09-27,LAP-LEN-117,Whitefield,1,58999
2026-09-27,LAP-LEN-125,Whitefield,1,79699
2026-09-27,REF-GOD-146,Whitefield,2,32679
2026-09-27,REF-LG-150,Whitefield,1,49399
2026-09-27,SMA-APP-198,Whitefield,1,24794
2026-09-27,SMA-APP-199,Whitefield,1,37049
2026-09-27,SMA-APP-202,Whitefield,2,26199
2026-09-27,SMA-APP-204,Whitefield,1,42499
2026-09-27,SMA-NOI-200,Whitefield,1,30299
2026-09-27,SMA-ONE-105,Whitefield,1,44819
2026-09-27,SMA-SAM-101,Whitefield,2,41939
2026-09-27,SMA-SAM-113,Whitefield,2,51199
2026-09-27,SMA-XIA-104,Whitefield,2,69064
2026-09-27,TEL-LG-138,Whitefield,2,90699
2026-09-27,TEL-TCL-129,Whitefield,1,116999
2026-09-27,TEL-XIA-136,Whitefield,2,54899
2026-09-27,TV-55Q7,Whitefield,2,58990
2026-09-27,WAS-IFB-153,Whitefield,2,22499
2026-09-27,WAS-SAM-163,Whitefield,1,41899
2026-09-27,WAS-WHI-154,Whitefield,2,48399
2026-09-27,WAS-WHI-164,Whitefield,2,16244
2026-09-28,ACC-ANK-239,HSR Layout,1,1199
2026-09-28,ACC-BEL-231,HSR Layout,1,499
2026-09-28,ACC-MI-243,HSR Layout,1,2599
2026-09-28,ACC-POR-236,HSR Layout,1,474
2026-09-28,ACC-POR-242,HSR Layout,1,1499
2026-09-28,AIR-BLU-167,HSR Layout,1,61599
2026-09-28,AIR-BLU-173,HSR Layout,1,55399
2026-09-28,AIR-DAI-172,HSR Layout,1,58799
2026-09-28,AIR-LG-166,HSR Layout,2,50499
2026-09-28,CAM-NIK-215,HSR Layout,1,38519
2026-09-28,CAM-SON-205,HSR Layout,1,57599
2026-09-28,GAM-MIC-218,HSR Layout,1,50999
2026-09-28,GAM-MIC-227,HSR Layout,1,44899
2026-09-28,GAM-NIN-220,HSR Layout,1,43599
2026-09-28,GAM-NIN-224,HSR Layout,1,31199
2026-09-28,GAM-NIN-228,HSR Layout,2,49799
2026-09-28,GAM-SON-219,HSR Layout,2,46259
2026-09-28,HEA-BOS-186,HSR Layout,1,16099
2026-09-28,HEA-BOS-190,HSR Layout,1,28799
2026-09-28,HEA-JBL-182,HSR Layout,2,24899
2026-09-28,HEA-SON-179,HSR Layout,2,6599
2026-09-28,LAP-DEL-115,HSR Layout,1,101699
2026-09-28,LAP-I5-G12,HSR Layout,1,56990
2026-09-28,LAP-LEN-125,HSR Layout,1,79699
2026-09-28,REF-GOD-148,HSR Layout,1,65799
2026-09-28,REF-LG-144,HSR Layout,3,29339
2026-09-28,REF-LG-151,HSR Layout,1,57499
2026-09-28,SMA-APP-109,HSR Layout,2,43399
2026-09-28,SMA-APP-199,HSR Layout,2,37049
2026-09-28,SMA-APP-202,HSR Layout,1,23579
2026-09-28,SMA-APP-204,HSR Layout,1,42499
2026-09-28,SMA-NOI-194,HSR Layout,1,3239
2026-09-28,SMA-NOI-195,HSR Layout,1,27359
2026-09-28,SMA-ONE-106,HSR Layout,1,80084
2026-09-28,SMA-SAM-101,HSR Layout,1,46599
2026-09-28,SMA-XIA-111,HSR Layout,1,59039
2026-09-28,TEL-SON-130,HSR Layout,1,58999
2026-09-28,TEL-TCL-137,HSR Layout,1,96699
2026-09-28,TEL-XIA-127,HSR Layout,1,18399
2026-09-28,TEL-XIA-132,HSR Layout,1,107599
2026-09-28,TEL-XIA-134,HSR Layout,1,119999
2026-09-28,TV-55Q7,HSR Layout,2,58990
2026-09-28,WAS-BOS-165,HSR Layout,1,42299
2026-09-28,WAS-IFB-159,HSR Layout,3,32964
2026-09-28,ACC-ANK-232,Indiranagar,1,2469
2026-09-28,ACC-ANK-233,Indiranagar,1,3399
2026-09-28,ACC-ANK-237,Indiranagar,3,2754
2026-09-28,ACC-BEL-234,Indiranagar,1,1349
2026-09-28,ACC-POR-235,Indiranagar,1,599
2026-09-28,ACC-POR-241,Indiranagar,1,1599
2026-09-28,AIR-LG-169,Indiranagar,2,32099
2026-09-28,CAM-CAN-207,Indiranagar,1,91389
2026-09-28,CAM-NIK-211,Indiranagar,1,100319
2026-09-28,CAM-SON-205,Indiranagar,1,57599
2026-09-28,CAM-SON-208,Indiranagar,1,107499
2026-09-28,GAM-MIC-218,Indiranagar,2,50999
2026-09-28,GAM-MIC-230,Indiranagar,1,30299
2026-09-28,GAM-SON-219,Indiranagar,1,48829
2026-09-28,GAM-SON-222,Indiranagar,1,51964
2026-09-28,HEA-BOA-189,Indiranagar,2,21299
2026-09-28,HEA-BOS-181,Indiranagar,1,9899
2026-09-28,HEA-JBL-185,Indiranagar,2,12599
2026-09-28,HP-ANC-700,Indiranagar,5,18990
2026-09-28,LAP-DEL-124,Indiranagar,1,78899
2026-09-28,LAP-LEN-116,Indiranagar,1,90399
2026-09-28,LAP-LEN-126,Indiranagar,1,99269
2026-09-28,REF-GOD-142,Indiranagar,1,40089
2026-09-28,REF-LG-149,Indiranagar,1,27699
2026-09-28,REF-LG-152,Indiranagar,1,68219
2026-09-28,SMA-APP-199,Indiranagar,2,38999
2026-09-28,SMA-NOI-194,Indiranagar,1,3599
2026-09-28,SMA-ONE-105,Indiranagar,1,49799
2026-09-28,SMA-SAM-201,Indiranagar,1,5099
2026-09-28,TEL-SON-130,Indiranagar,1,58999
2026-09-28,TEL-SON-135,Indiranagar,1,46499
2026-09-28,TEL-TCL-131,Indiranagar,1,36859
2026-09-28,TEL-XIA-132,Indiranagar,1,107599
2026-09-28,TEL-XIA-136,Indiranagar,1,54899
2026-09-28,WAS-IFB-159,Indiranagar,1,34699
2026-09-28,WAS-LG-160,Indiranagar,1,40199
2026-09-28,WAS-SAM-156,Indiranagar,1,24479
2026-09-28,WAS-WHI-161,Indiranagar,2,17599
2026-09-28,ACC-ANK-232,Jayanagar,2,2599
2026-09-28,ACC-ANK-233,Jayanagar,1,3229
2026-09-28,ACC-POR-235,Jayanagar,1,599
2026-09-28,AIR-DAI-176,Jayanagar,1,46999
2026-09-28,AIR-LG-170,Jayanagar,1,30779
2026-09-28,AIR-VOL-177,Jayanagar,1,34099
2026-09-28,CAM-CAN-206,Jayanagar,1,63839
2026-09-28,CAM-NIK-211,Jayanagar,1,105599
2026-09-28,CAM-SON-205,Jayanagar,1,57599
2026-09-28,GAM-MIC-218,Jayanagar,1,50999
2026-09-28,GAM-NIN-228,Jayanagar,1,49799
2026-09-28,GAM-NIN-229,Jayanagar,1,45179
2026-09-28,GAM-SON-219,Jayanagar,1,51399
2026-09-28,HEA-BOS-181,Jayanagar,4,9404
2026-09-28,HEA-JBL-182,Jayanagar,2,24899
2026-09-28,LAP-ACE-118,Jayanagar,1,52199
2026-09-28,LAP-LEN-116,Jayanagar,1,81359
2026-09-28,LAP-LEN-125,Jayanagar,1,79699
2026-09-28,REF-GOD-140,Jayanagar,1,30099
2026-09-28,REF-GOD-143,Jayanagar,1,51299
2026-09-28,REF-GOD-148,Jayanagar,1,62509
2026-09-28,REF-LG-150,Jayanagar,1,49399
2026-09-28,REF-LG-151,Jayanagar,1,57499
2026-09-28,REF-LG-152,Jayanagar,2,68219
2026-09-28,REF-WHI-145,Jayanagar,1,54149
2026-09-28,SMA-NOI-197,Jayanagar,1,8399
2026-09-28,SMA-ONE-107,Jayanagar,1,59849
2026-09-28,SMA-SAM-108,Jayanagar,1,55199
2026-09-28,SMA-XIA-111,Jayanagar,1,65599
2026-09-28,TEL-LG-138,Jayanagar,1,81629
2026-09-28,TEL-SAM-128,Jayanagar,2,119499
2026-09-28,TEL-TCL-131,Jayanagar,1,34919
2026-09-28,TEL-XIA-127,Jayanagar,1,17479
2026-09-28,TV-55Q7,Jayanagar,2,56040
2026-09-28,WAS-BOS-165,Jayanagar,2,40184
2026-09-28,WAS-SAM-156,Jayanagar,1,27199
2026-09-28,WAS-WHI-161,Jayanagar,1,16719
2026-09-28,WAS-WHI-164,Jayanagar,1,16244
2026-09-28,WM-FL-8KG,Jayanagar,1,36990
2026-09-28,ACC-BEL-231,Koramangala,1,449
2026-09-28,ACC-BEL-234,Koramangala,1,1499
2026-09-28,ACC-MI-240,Koramangala,1,3899
2026-09-28,ACC-POR-242,Koramangala,1,1349
2026-09-28,AIR-LG-169,Koramangala,1,32099
2026-09-28,AIR-LG-175,Koramangala,1,45799
2026-09-28,AIR-VOL-177,Koramangala,1,30689
2026-09-28,CAM-CAN-213,Koramangala,1,59599
2026-09-28,GAM-MIC-223,Koramangala,1,48399
2026-09-28,GAM-MIC-225,Koramangala,3,52399
2026-09-28,GAM-NIN-220,Koramangala,2,43599
2026-09-28,GAM-NIN-226,Koramangala,1,34099
2026-09-28,GAM-SON-222,Koramangala,1,54699
2026-09-28,HEA-BOA-191,Koramangala,1,23749
2026-09-28,HEA-BOS-181,Koramangala,2,9899
2026-09-28,HEA-JBL-184,Koramangala,1,22229
2026-09-28,LAP-DEL-122,Koramangala,1,89679
2026-09-28,LAP-DEL-123,Koramangala,1,94904
2026-09-28,REF-GOD-142,Koramangala,2,40089
2026-09-28,REF-GOD-146,Koramangala,1,34399
2026-09-28,REF-LG-151,Koramangala,1,57499
2026-09-28,SMA-AMA-192,Koramangala,1,40299
2026-09-28,SMA-APP-204,Koramangala,1,40374
2026-09-28,SMA-NOI-194,Koramangala,1,3419
2026-09-28,SMA-ONE-103,Koramangala,1,28499
2026-09-28,SMA-ONE-106,Koramangala,2,84299
2026-09-28,SMA-SAM-101,Koramangala,1,44269
2026-09-28,SMA-SAM-108,Koramangala,2,55199
2026-09-28,SMA-SAM-113,Koramangala,1,51199
2026-09-28,SMA-SAM-193,Koramangala,2,11499
2026-09-28,SMA-SAM-196,Koramangala,1,18999
2026-09-28,SW-FIT-3,Koramangala,2,8099
2026-09-28,TEL-LG-138,Koramangala,1,86164
2026-09-28,TEL-SON-135,Koramangala,1,41849
2026-09-28,TEL-SON-139,Koramangala,1,73299
2026-09-28,TEL-TCL-131,Koramangala,1,38799
2026-09-28,TEL-TCL-137,Koramangala,1,96699
2026-09-28,TEL-XIA-127,Koramangala,2,18399
2026-09-28,TEL-XIA-132,Koramangala,1,102219
2026-09-28,WAS-IFB-157,Koramangala,1,33499
2026-09-28,WAS-WHI-154,Koramangala,1,48399
2026-09-28,WM-FL-8KG,Koramangala,2,35140
2026-09-28,ACC-ANK-233,Malleshwaram,2,3229
2026-09-28,ACC-ANK-237,Malleshwaram,1,2754
2026-09-28,ACC-BEL-238,Malleshwaram,1,3199
2026-09-28,ACC-MI-243,Malleshwaram,2,2599
2026-09-28,AIR-LG-168,Malleshwaram,2,29699
2026-09-28,GAM-MIC-223,Malleshwaram,1,48399
2026-09-28,GAM-SON-221,Malleshwaram,1,43599
2026-09-28,GAM-SON-222,Malleshwaram,1,54699
2026-09-28,HEA-BOS-190,Malleshwaram,2,28799
2026-09-28,HEA-JBL-180,Malleshwaram,2,20099
2026-09-28,LAP-ASU-120,Malleshwaram,1,82199
2026-09-28,LAP-DEL-123,Malleshwaram,4,99899
2026-09-28,LAP-I5-G12,Malleshwaram,1,56990
2026-09-28,LAP-LEN-125,Malleshwaram,1,79699
2026-09-28,REF-GOD-140,Malleshwaram,2,30099
2026-09-28,REF-LG-151,Malleshwaram,1,57499
2026-09-28,REF-LG-152,Malleshwaram,1,75799
2026-09-28,SMA-APP-110,Malleshwaram,2,22859
2026-09-28,SMA-APP-198,Malleshwaram,1,26099
2026-09-28,SMA-APP-199,Malleshwaram,2,37049
2026-09-28,SMA-NOI-194,Malleshwaram,1,3599
2026-09-28,SMA-ONE-106,Malleshwaram,1,84299
2026-09-28,SMA-SAM-108,Malleshwaram,1,55199
2026-09-28,SMA-SAM-201,Malleshwaram,1,4844
2026-09-28,SMA-XIA-111,Malleshwaram,1,65599
2026-09-28,TEL-SAM-133,Malleshwaram,1,48899
2026-09-28,TEL-SON-135,Malleshwaram,1,41849
2026-09-28,TEL-XIA-134,Malleshwaram,1,107999
2026-09-28,TV-55Q7,Malleshwaram,1,56040
2026-09-28,WAS-LG-160,Malleshwaram,2,40199
2026-09-28,WAS-SAM-156,Malleshwaram,1,25839
2026-09-28,ACC-ANK-237,Whitefield,2,2754
2026-09-28,ACC-BEL-231,Whitefield,1,499
2026-09-28,ACC-BEL-238,Whitefield,1,3039
2026-09-28,AIR-LG-168,Whitefield,1,32999
2026-09-28,AIR-LG-169,Whitefield,1,30494
2026-09-28,AIR-LG-171,Whitefield,1,57699
2026-09-28,AIR-VOL-174,Whitefield,1,35434
2026-09-28,CAM-CAN-214,Whitefield,1,57299
2026-09-28,CAM-NIK-209,Whitefield,1,68599
2026-09-28,CAM-NIK-215,Whitefield,1,42799
2026-09-28,GAM-MIC-227,Whitefield,2,40409
2026-09-28,GAM-NIN-228,Whitefield,1,47309
2026-09-28,HEA-BOA-189,Whitefield,1,19169
2026-09-28,HEA-JBL-180,Whitefield,1,20099
2026-09-28,HEA-JBL-185,Whitefield,1,11339
2026-09-28,HEA-JBL-187,Whitefield,1,21509
2026-09-28,HEA-SON-188,Whitefield,2,4599
2026-09-28,LAP-ASU-120,Whitefield,1,73979
2026-09-28,LAP-DEL-121,Whitefield,1,57869
2026-09-28,LAP-LEN-116,Whitefield,1,90399
2026-09-28,REF-GOD-146,Whitefield,2,30959
2026-09-28,REF-LG-144,Whitefield,1,29339
2026-09-28,REF-SAM-147,Whitefield,1,45199
2026-09-28,REF-WHI-145,Whitefield,1,56999
2026-09-28,SMA-APP-109,Whitefield,1,39059
2026-09-28,SMA-APP-199,Whitefield,1,38999
2026-09-28,SMA-APP-202,Whitefield,2,24889
2026-09-28,SMA-ONE-103,Whitefield,2,28499
2026-09-28,SMA-SAM-101,Whitefield,1,46599
2026-09-28,SMA-SAM-113,Whitefield,1,46079
2026-09-28,TEL-SON-130,Whitefield,1,58999
2026-09-28,TEL-XIA-136,Whitefield,1,54899
2026-09-28,WAS-IFB-153,Whitefield,1,22499
2026-09-28,WAS-LG-160,Whitefield,3,40199
2026-09-29,ACC-ANK-239,HSR Layout,1,1199
2026-09-29,ACC-POR-236,HSR Layout,1,499
2026-09-29,ACC-POR-241,HSR Layout,1,1519
2026-09-29,AIR-LG-166,HSR Layout,2,50499
2026-09-29,AIR-LG-175,HSR Layout,1,45799
2026-09-29,CAM-CAN-206,HSR Layout,1,67199
2026-09-29,CAM-CAN-214,HSR Layout,1,57299
2026-09-29,CAM-NIK-209,HSR Layout,1,68599
2026-09-29,GAM-MIC-225,HSR Layout,1,49779
2026-09-29,GAM-NIN-220,HSR Layout,1,43599
2026-09-29,GAM-NIN-229,HSR Layout,1,47689
2026-09-29,GAM-SON-219,HSR Layout,2,51399
2026-09-29,HEA-BOS-186,HSR Layout,1,16099
2026-09-29,LAP-ACE-118,HSR Layout,1,52199
2026-09-29,LAP-HP-119,HSR Layout,3,70399
2026-09-29,LAP-I5-G12,HSR Layout,1,56990
2026-09-29,LAP-LEN-116,HSR Layout,2,90399
2026-09-29,REF-GOD-140,HSR Layout,1,28594
2026-09-29,REF-GOD-146,HSR Layout,1,34399
2026-09-29,REF-LG-141,HSR Layout,1,80654
2026-09-29,REF-LG-144,HSR Layout,2,32599
2026-09-29,REF-LG-149,HSR Layout,1,27699
2026-09-29,REF-LG-150,HSR Layout,1,49399
2026-09-29,REF-LG-151,HSR Layout,1,54624
2026-09-29,REF-SAM-147,HSR Layout,1,45199
2026-09-29,SMA-AMA-192,HSR Layout,1,38284
2026-09-29,SMA-NOI-194,HSR Layout,2,3599
2026-09-29,SMA-ONE-107,HSR Layout,1,66499
2026-09-29,SMA-SAM-112,HSR Layout,1,55099
2026-09-29,SMA-SAM-201,HSR Layout,1,5099
2026-09-29,SMA-XIA-104,HSR Layout,1,72699
2026-09-29,TEL-XIA-136,HSR Layout,1,54899
2026-09-29,TV-55Q7,HSR Layout,1,56040
2026-09-29,WAS-BOS-158,HSR Layout,1,33999
2026-09-29,WAS-BOS-165,HSR Layout,1,42299
2026-09-29,WAS-LG-155,HSR Layout,1,39599
2026-09-29,WAS-WHI-154,HSR Layout,1,48399
2026-09-29,ACC-ANK-237,Indiranagar,2,2899
2026-09-29,ACC-MI-243,Indiranagar,1,2599
2026-09-29,ACC-POR-241,Indiranagar,1,1599
2026-09-29,ACC-POR-242,Indiranagar,1,1349
2026-09-29,AIR-BLU-167,Indiranagar,1,58519
2026-09-29,AIR-BLU-178,Indiranagar,1,39199
2026-09-29,AIR-DAI-172,Indiranagar,1,55859
2026-09-29,CAM-CAN-207,Indiranagar,2,96199
2026-09-29,CAM-NIK-211,Indiranagar,1,105599
2026-09-29,CAM-NIK-212,Indiranagar,1,94524
2026-09-29,GAM-MIC-227,Indiranagar,1,44899
2026-09-29,GAM-NIN-226,Indiranagar,1,34099
2026-09-29,GAM-NIN-228,Indiranagar,1,49799
2026-09-29,HEA-BOA-189,Indiranagar,1,21299
2026-09-29,HEA-BOS-181,Indiranagar,2,9899
2026-09-29,HEA-JBL-185,Indiranagar,2,12599
2026-09-29,HEA-JBL-187,Indiranagar,1,23899
2026-09-29,HP-ANC-700,Indiranagar,1,18990
2026-09-29,LAP-ACE-118,Indiranagar,1,52199
2026-09-29,LAP-DEL-124,Indiranagar,2,71009
2026-09-29,REF-GOD-142,Indiranagar,1,40089
2026-09-29,REF-LG-152,Indiranagar,1,68219
2026-09-29,SMA-AMA-192,Indiranagar,1,40299
2026-09-29,SMA-NOI-194,Indiranagar,1,3599
2026-09-29,SMA-NOI-197,Indiranagar,1,7559
2026-09-29,SMA-SAM-101,Indiranagar,1,46599
2026-09-29,SMA-SAM-201,Indiranagar,2,5099
2026-09-29,SMA-XIA-111,Indiranagar,1,62319
2026-09-29,TEL-SAM-128,Indiranagar,1,113524
2026-09-29,TEL-SON-130,Indiranagar,1,56049
2026-09-29,TEL-TCL-131,Indiranagar,1,36859
2026-09-29,TEL-XIA-132,Indiranagar,1,96839
2026-09-29,WAS-IFB-157,Indiranagar,1,33499
2026-09-29,WAS-SAM-163,Indiranagar,1,41899
2026-09-29,ACC-BEL-234,Jayanagar,1,1424
2026-09-29,ACC-MI-240,Jayanagar,1,3899
2026-09-29,ACC-POR-241,Jayanagar,2,1599
2026-09-29,ACC-POR-242,Jayanagar,1,1349
2026-09-29,AIR-DAI-176,Jayanagar,1,42299
2026-09-29,AIR-LG-169,Jayanagar,2,32099
2026-09-29,AIR-LG-170,Jayanagar,1,32399
2026-09-29,AIR-VOL-177,Jayanagar,1,32394
2026-09-29,CAM-CAN-206,Jayanagar,1,63839
2026-09-29,GAM-MIC-230,Jayanagar,1,27269
2026-09-29,GAM-NIN-226,Jayanagar,1,34099
2026-09-29,GAM-NIN-228,Jayanagar,1,49799
2026-09-29,HEA-BOS-181,Jayanagar,2,9404
2026-09-29,HEA-BOS-186,Jayanagar,1,16099
2026-09-29,HEA-JBL-182,Jayanagar,1,24899
2026-09-29,LAP-DEL-115,Jayanagar,1,112999
2026-09-29,LAP-DEL-123,Jayanagar,1,99899
2026-09-29,LAP-LEN-116,Jayanagar,1,90399
2026-09-29,LAP-LEN-125,Jayanagar,1,79699
2026-09-29,LAP-LEN-126,Jayanagar,1,104784
2026-09-29,REF-GOD-140,Jayanagar,2,28594
2026-09-29,REF-LG-141,Jayanagar,1,84899
2026-09-29,REF-LG-150,Jayanagar,2,49399
2026-09-29,REF-LG-152,Jayanagar,1,75799
2026-09-29,SMA-AMA-192,Jayanagar,1,38284
2026-09-29,SMA-APP-110,Jayanagar,1,25399
2026-09-29,SMA-APP-204,Jayanagar,1,40374
2026-09-29,SMA-NOI-194,Jayanagar,1,3599
2026-09-29,SMA-NOI-197,Jayanagar,1,7559
2026-09-29,SMA-ONE-107,Jayanagar,1,66499
2026-09-29,SMA-SAM-108,Jayanagar,1,55199
2026-09-29,SMA-XIA-111,Jayanagar,1,62319
2026-09-29,TEL-LG-138,Jayanagar,4,81629
2026-09-29,TEL-SAM-128,Jayanagar,1,113524
2026-09-29,TV-55Q7,Jayanagar,1,58990
2026-09-29,WAS-BOS-165,Jayanagar,1,40184
2026-09-29,WAS-IFB-153,Jayanagar,1,22499
2026-09-29,WAS-LG-160,Jayanagar,1,40199
2026-09-29,WAS-SAM-156,Jayanagar,1,27199
2026-09-29,WAS-WHI-161,Jayanagar,1,15839
2026-09-29,WAS-WHI-164,Jayanagar,1,17099
2026-09-29,WM-FL-8KG,Jayanagar,1,36990
2026-09-29,ACC-ANK-233,Koramangala,1,3059
2026-09-29,ACC-BEL-231,Koramangala,1,474
2026-09-29,ACC-BEL-234,Koramangala,1,1499
2026-09-29,ACC-MI-243,Koramangala,1,2599
2026-09-29,AIR-BLU-167,Koramangala,1,61599
2026-09-29,AIR-DAI-172,Koramangala,1,55859
2026-09-29,AIR-VOL-177,Koramangala,1,34099
2026-09-29,CAM-CAN-207,Koramangala,1,96199
2026-09-29,CAM-CAN-210,Koramangala,1,79704
2026-09-29,CAM-NIK-217,Koramangala,2,56239
2026-09-29,GAM-MIC-218,Koramangala,1,45899
2026-09-29,GAM-NIN-220,Koramangala,2,43599
2026-09-29,GAM-NIN-228,Koramangala,2,49799
2026-09-29,GAM-NIN-229,Koramangala,1,45179
2026-09-29,GAM-SON-222,Koramangala,1,54699
2026-09-29,HEA-BOA-191,Koramangala,2,24999
2026-09-29,HEA-BOS-181,Koramangala,1,9899
2026-09-29,LAP-ACE-118,Koramangala,2,52199
2026-09-29,LAP-LEN-116,Koramangala,1,90399
2026-09-29,REF-GOD-140,Koramangala,1,27089
2026-09-29,REF-GOD-142,Koramangala,1,42199
2026-09-29,REF-LG-149,Koramangala,1,27699
2026-09-29,SMA-AMA-203,Koramangala,1,12899
2026-09-29,SMA-APP-199,Koramangala,1,38999
2026-09-29,SMA-NOI-194,Koramangala,2,3599
2026-09-29,SMA-NOI-195,Koramangala,1,25919
2026-09-29,SMA-NOI-197,Koramangala,1,7559
2026-09-29,SMA-ONE-103,Koramangala,1,27074
2026-09-29,SMA-SAM-113,Koramangala,1,48639
2026-09-29,SMA-SAM-193,Koramangala,3,10924
2026-09-29,SMA-XIA-104,Koramangala,1,72699
2026-09-29,SW-FIT-3,Koramangala,2,8999
2026-09-29,TEL-LG-138,Koramangala,2,81629
2026-09-29,TEL-SON-139,Koramangala,2,73299
2026-09-29,TEL-TCL-131,Koramangala,1,36859
2026-09-29,TEL-XIA-132,Koramangala,7,96839
2026-09-29,TV-55Q7,Koramangala,2,53091
2026-09-29,WAS-IFB-153,Koramangala,1,20249
2026-09-29,WAS-IFB-159,Koramangala,2,34699
2026-09-29,WAS-WHI-154,Koramangala,2,48399
2026-09-29,WM-FL-8KG,Koramangala,2,36990
2026-09-29,ACC-ANK-233,Malleshwaram,1,3399
2026-09-29,ACC-BEL-234,Malleshwaram,1,1499
2026-09-29,ACC-MI-243,Malleshwaram,2,2599
2026-09-29,ACC-POR-241,Malleshwaram,1,1519
2026-09-29,AIR-DAI-172,Malleshwaram,1,55859
2026-09-29,AIR-LG-166,Malleshwaram,1,50499
2026-09-29,AIR-LG-169,Malleshwaram,1,32099
2026-09-29,AIR-LG-170,Malleshwaram,2,30779
2026-09-29,AIR-LG-171,Malleshwaram,1,51929
2026-09-29,AIR-VOL-174,Malleshwaram,1,37299
2026-09-29,CAM-CAN-206,Malleshwaram,1,60479
2026-09-29,CAM-NIK-215,Malleshwaram,1,38519
2026-09-29,CAM-NIK-216,Malleshwaram,1,86199
2026-09-29,GAM-MIC-223,Malleshwaram,1,45979
2026-09-29,GAM-NIN-224,Malleshwaram,1,28079
2026-09-29,GAM-NIN-226,Malleshwaram,3,34099
2026-09-29,GAM-NIN-229,Malleshwaram,1,47689
2026-09-29,GAM-SON-219,Malleshwaram,2,51399
2026-09-29,HEA-BOA-191,Malleshwaram,1,24999
2026-09-29,HEA-JBL-182,Malleshwaram,1,24899
2026-09-29,HEA-JBL-185,Malleshwaram,1,12599
2026-09-29,HEA-SON-179,Malleshwaram,1,6269
2026-09-29,LAP-ACE-118,Malleshwaram,2,52199
2026-09-29,LAP-ASU-120,Malleshwaram,1,82199
2026-09-29,LAP-DEL-123,Malleshwaram,3,94904
2026-09-29,LAP-DEL-124,Malleshwaram,1,78899
2026-09-29,LAP-LEN-125,Malleshwaram,3,75714
2026-09-29,REF-GOD-140,Malleshwaram,3,30099
2026-09-29,REF-GOD-143,Malleshwaram,1,46169
2026-09-29,REF-GOD-146,Malleshwaram,1,34399
2026-09-29,REF-LG-149,Malleshwaram,1,27699
2026-09-29,REF-LG-152,Malleshwaram,1,75799
2026-09-29,REF-WHI-145,Malleshwaram,2,51299
2026-09-29,SMA-AMA-203,Malleshwaram,1,11609
2026-09-29,SMA-APP-109,Malleshwaram,2,43399
2026-09-29,SMA-APP-204,Malleshwaram,1,42499
2026-09-29,SMA-NOI-197,Malleshwaram,2,8399
2026-09-29,SMA-ONE-106,Malleshwaram,1,84299
2026-09-29,SMA-SAM-101,Malleshwaram,1,46599
2026-09-29,SMA-SAM-108,Malleshwaram,1,55199
2026-09-29,SMA-SAM-196,Malleshwaram,1,17099
2026-09-29,SMA-SAM-201,Malleshwaram,1,4589
2026-09-29,SMA-VIV-102,Malleshwaram,1,33629
2026-09-29,SMA-XIA-111,Malleshwaram,1,65599
2026-09-29,TEL-SON-135,Malleshwaram,1,44174
2026-09-29,TEL-XIA-127,Malleshwaram,2,16559
2026-09-29,TEL-XIA-132,Malleshwaram,1,96839
2026-09-29,WAS-SAM-156,Malleshwaram,1,27199
2026-09-29,WAS-WHI-161,Malleshwaram,1,17599
2026-09-29,ACC-BEL-238,Whitefield,1,3199
2026-09-29,CAM-CAN-206,Whitefield,1,67199
2026-09-29,CAM-CAN-207,Whitefield,1,96199
2026-09-29,CAM-CAN-214,Whitefield,1,57299
2026-09-29,CAM-NIK-209,Whitefield,1,65169
2026-09-29,CAM-NIK-215,Whitefield,1,38519
2026-09-29,CAM-SON-208,Whitefield,2,96749
2026-09-29,GAM-MIC-223,Whitefield,1,48399
2026-09-29,GAM-MIC-227,Whitefield,1,40409
2026-09-29,GAM-NIN-226,Whitefield,1,34099
2026-09-29,GAM-NIN-228,Whitefield,1,49799
2026-09-29,HEA-BOA-183,Whitefield,1,4899
2026-09-29,HEA-JBL-182,Whitefield,1,24899
2026-09-29,HEA-JBL-187,Whitefield,3,23899
2026-09-29,HEA-SON-188,Whitefield,1,4599
2026-09-29,LAP-ASU-120,Whitefield,1,82199
2026-09-29,LAP-DEL-121,Whitefield,1,64299
2026-09-29,LAP-DEL-124,Whitefield,1,74954
2026-09-29,LAP-LEN-116,Whitefield,1,90399
2026-09-29,REF-GOD-140,Whitefield,1,28594
2026-09-29,REF-GOD-146,Whitefield,2,30959
2026-09-29,REF-LG-149,Whitefield,1,27699
2026-09-29,SMA-APP-202,Whitefield,1,24889
2026-09-29,SMA-NOI-195,Whitefield,3,28799
2026-09-29,SMA-SAM-101,Whitefield,1,46599
2026-09-29,SMA-SAM-193,Whitefield,1,10924
2026-09-29,TEL-SON-139,Whitefield,1,73299
2026-09-29,TEL-XIA-127,Whitefield,1,18399
2026-09-29,TEL-XIA-132,Whitefield,1,102219
2026-09-29,TV-55Q7,Whitefield,1,58990
2026-09-29,WAS-IFB-153,Whitefield,1,22499
2026-09-29,WAS-LG-155,Whitefield,1,43999
2026-09-29,WAS-LG-160,Whitefield,1,36179
2026-09-29,WAS-WHI-154,Whitefield,1,45979
2026-09-29,WAS-WHI-161,Whitefield,1,17599
2026-09-29,WM-FL-8KG,Whitefield,1,36990
2026-09-30,ACC-MI-240,HSR Layout,1,3704
2026-09-30,ACC-POR-236,HSR Layout,1,474
2026-09-30,ACC-POR-241,HSR Layout,1,1439
2026-09-30,ACC-POR-242,HSR Layout,1,1349
2026-09-30,AIR-LG-168,HSR Layout,1,29699
2026-09-30,AIR-VOL-177,HSR Layout,1,34099
2026-09-30,CAM-NIK-209,HSR Layout,1,68599
2026-09-30,CAM-SON-205,HSR Layout,3,57599
2026-09-30,GAM-MIC-230,HSR Layout,1,30299
2026-09-30,GAM-NIN-220,HSR Layout,1,43599
2026-09-30,GAM-NIN-228,HSR Layout,4,49799
2026-09-30,GAM-SON-219,HSR Layout,1,51399
2026-09-30,GAM-SON-222,HSR Layout,2,54699
2026-09-30,HEA-JBL-187,HSR Layout,1,22704
2026-09-30,LAP-HP-119,HSR Layout,1,70399
2026-09-30,LAP-LEN-116,HSR Layout,1,85879
2026-09-30,REF-LG-141,HSR Layout,1,84899
2026-09-30,REF-LG-144,HSR Layout,1,30969
2026-09-30,SMA-AMA-192,HSR Layout,1,40299
2026-09-30,SMA-APP-109,HSR Layout,3,41229
2026-09-30,SMA-NOI-194,HSR Layout,1,3599
2026-09-30,SMA-NOI-195,HSR Layout,1,28799
2026-09-30,SMA-ONE-106,HSR Layout,1,80084
2026-09-30,SMA-SAM-101,HSR Layout,1,46599
2026-09-30,SMA-SAM-112,HSR Layout,1,55099
2026-09-30,SMA-SAM-113,HSR Layout,1,51199
2026-09-30,SMA-XIA-104,HSR Layout,3,72699
2026-09-30,TEL-SON-135,HSR Layout,2,46499
2026-09-30,TEL-XIA-136,HSR Layout,1,52154
2026-09-30,WAS-BOS-165,HSR Layout,1,42299
2026-09-30,WAS-LG-155,HSR Layout,1,41799
2026-09-30,WAS-WHI-154,HSR Layout,1,48399
2026-09-30,ACC-ANK-232,Indiranagar,1,2469
2026-09-30,ACC-ANK-237,Indiranagar,1,2899
2026-09-30,ACC-BEL-231,Indiranagar,1,499
2026-09-30,ACC-MI-243,Indiranagar,1,2599
2026-09-30,AIR-DAI-172,Indiranagar,1,58799
2026-09-30,AIR-LG-170,Indiranagar,1,32399
2026-09-30,CAM-CAN-207,Indiranagar,2,96199
2026-09-30,CAM-CAN-213,Indiranagar,1,56619
2026-09-30,CAM-NIK-209,Indiranagar,1,68599
2026-09-30,CAM-SON-205,Indiranagar,1,57599
2026-09-30,GAM-MIC-218,Indiranagar,1,45899
2026-09-30,GAM-MIC-227,Indiranagar,1,44899
2026-09-30,GAM-NIN-220,Indiranagar,1,43599
2026-09-30,GAM-NIN-226,Indiranagar,1,34099
2026-09-30,GAM-NIN-228,Indiranagar,1,49799
2026-09-30,GAM-SON-221,Indiranagar,1,41419
2026-09-30,GAM-SON-222,Indiranagar,1,54699
2026-09-30,HEA-BOA-189,Indiranagar,3,20234
2026-09-30,HEA-BOS-181,Indiranagar,1,9899
2026-09-30,HEA-JBL-180,Indiranagar,4,20099
2026-09-30,HP-ANC-700,Indiranagar,2,19990
2026-09-30,LAP-DEL-124,Indiranagar,4,78899
2026-09-30,LAP-LEN-126,Indiranagar,2,110299
2026-09-30,REF-GOD-146,Indiranagar,1,34399
2026-09-30,REF-LG-152,Indiranagar,1,68219
2026-09-30,SMA-AMA-192,Indiranagar,2,40299
2026-09-30,SMA-APP-199,Indiranagar,1,38999
2026-09-30,SMA-NOI-194,Indiranagar,1,3599
2026-09-30,SMA-ONE-103,Indiranagar,1,25649
2026-09-30,SMA-SAM-201,Indiranagar,2,5099
2026-09-30,WAS-BOS-158,Indiranagar,1,30599
2026-09-30,WAS-WHI-164,Indiranagar,1,17099
2026-09-30,ACC-ANK-232,Jayanagar,2,2599
2026-09-30,ACC-ANK-239,Jayanagar,1,1199
2026-09-30,ACC-MI-240,Jayanagar,2,3509
2026-09-30,ACC-POR-235,Jayanagar,1,569
2026-09-30,ACC-POR-236,Jayanagar,1,499
2026-09-30,AIR-BLU-167,Jayanagar,1,61599
2026-09-30,AIR-VOL-174,Jayanagar,1,33569
2026-09-30,AIR-VOL-177,Jayanagar,1,34099
2026-09-30,CAM-CAN-206,Jayanagar,1,63839
2026-09-30,GAM-NIN-228,Jayanagar,1,49799
2026-09-30,GAM-SON-222,Jayanagar,1,54699
2026-09-30,HEA-JBL-185,Jayanagar,1,12599
2026-09-30,LAP-DEL-115,Jayanagar,1,112999
2026-09-30,LAP-LEN-116,Jayanagar,1,90399
2026-09-30,REF-GOD-143,Jayanagar,1,48734
2026-09-30,REF-GOD-146,Jayanagar,1,34399
2026-09-30,REF-LG-152,Jayanagar,1,75799
2026-09-30,SMA-AMA-192,Jayanagar,1,40299
2026-09-30,SMA-SAM-108,Jayanagar,1,55199
2026-09-30,SMA-XIA-111,Jayanagar,1,65599
2026-09-30,TEL-XIA-132,Jayanagar,1,102219
2026-09-30,TV-65U8,Jayanagar,1,61740
2026-09-30,WAS-BOS-165,Jayanagar,2,42299
2026-09-30,WAS-IFB-157,Jayanagar,1,33499
2026-09-30,WAS-IFB-162,Jayanagar,1,16699
2026-09-30,WAS-LG-155,Jayanagar,1,39599
2026-09-30,WAS-LG-160,Jayanagar,1,38189
2026-09-30,WAS-SAM-156,Jayanagar,1,27199
2026-09-30,WAS-SAM-163,Jayanagar,1,41899
2026-09-30,ACC-BEL-231,Koramangala,1,474
2026-09-30,AIR-BLU-167,Koramangala,1,61599
2026-09-30,AIR-DAI-172,Koramangala,1,58799
2026-09-30,CAM-CAN-206,Koramangala,2,67199
2026-09-30,CAM-CAN-210,Koramangala,1,83899
2026-09-30,CAM-NIK-215,Koramangala,4,38519
2026-09-30,GAM-MIC-225,Koramangala,1,52399
2026-09-30,GAM-SON-222,Koramangala,1,54699
2026-09-30,HEA-BOS-181,Koramangala,1,8909
2026-09-30,HEA-JBL-182,Koramangala,1,24899
2026-09-30,HEA-SON-188,Koramangala,1,4369
2026-09-30,LAP-ACE-118,Koramangala,1,52199
2026-09-30,LAP-DEL-122,Koramangala,1,84959
2026-09-30,REF-GOD-140,Koramangala,3,27089
2026-09-30,REF-GOD-148,Koramangala,1,65799
2026-09-30,REF-LG-144,Koramangala,1,30969
2026-09-30,REF-LG-149,Koramangala,1,27699
2026-09-30,SMA-AMA-192,Koramangala,1,40299
2026-09-30,SMA-APP-202,Koramangala,1,26199
2026-09-30,SMA-NOI-197,Koramangala,1,8399
2026-09-30,SMA-NOI-200,Koramangala,1,28784
2026-09-30,SMA-ONE-107,Koramangala,1,63174
2026-09-30,SMA-SAM-108,Koramangala,1,55199
2026-09-30,SMA-SAM-193,Koramangala,3,11499
2026-09-30,TEL-LG-138,Koramangala,1,81629
2026-09-30,TEL-SON-135,Koramangala,1,44174
2026-09-30,TEL-TCL-131,Koramangala,1,38799
2026-09-30,TEL-XIA-132,Koramangala,1,107599
2026-09-30,TEL-XIA-136,Koramangala,1,54899
2026-09-30,WAS-BOS-165,Koramangala,1,38069
2026-09-30,WAS-WHI-164,Koramangala,1,17099
2026-09-30,WM-FL-8KG,Koramangala,3,33291
2026-09-30,ACC-ANK-233,Malleshwaram,1,3399
2026-09-30,ACC-ANK-239,Malleshwaram,1,1199
2026-09-30,AIR-LG-170,Malleshwaram,2,29159
2026-09-30,AIR-VOL-177,Malleshwaram,2,34099
2026-09-30,CAM-CAN-206,Malleshwaram,3,67199
2026-09-30,GAM-NIN-226,Malleshwaram,1,34099
2026-09-30,GAM-NIN-229,Malleshwaram,1,47689
2026-09-30,GAM-SON-221,Malleshwaram,1,41419
2026-09-30,HEA-BOS-190,Malleshwaram,1,28799
2026-09-30,HEA-JBL-180,Malleshwaram,1,20099
2026-09-30,HEA-JBL-187,Malleshwaram,1,22704
2026-09-30,LAP-ACE-118,Malleshwaram,1,49589
2026-09-30,LAP-ASU-120,Malleshwaram,2,82199
2026-09-30,LAP-DEL-123,Malleshwaram,2,94904
2026-09-30,LAP-LEN-117,Malleshwaram,1,58999
2026-09-30,LAP-LEN-126,Malleshwaram,1,110299
2026-09-30,REF-GOD-142,Malleshwaram,1,37979
2026-09-30,REF-GOD-143,Malleshwaram,1,46169
2026-09-30,REF-GOD-146,Malleshwaram,1,30959
2026-09-30,REF-LG-151,Malleshwaram,3,57499
2026-09-30,SMA-APP-110,Malleshwaram,1,25399
2026-09-30,SMA-NOI-197,Malleshwaram,1,8399
2026-09-30,SMA-NOI-200,Malleshwaram,2,27269
2026-09-30,SMA-ONE-106,Malleshwaram,1,80084
2026-09-30,SMA-SAM-108,Malleshwaram,1,49679
2026-09-30,SMA-SAM-112,Malleshwaram,1,55099
2026-09-30,SMA-XIA-111,Malleshwaram,2,65599
2026-09-30,TEL-XIA-134,Malleshwaram,1,107999
2026-09-30,TV-55Q7,Malleshwaram,1,58990
2026-09-30,WAS-BOS-165,Malleshwaram,5,38069
2026-09-30,WAS-IFB-153,Malleshwaram,1,22499
2026-09-30,WAS-LG-155,Malleshwaram,1,41799
2026-09-30,WAS-LG-160,Malleshwaram,1,40199
2026-09-30,WAS-SAM-156,Malleshwaram,1,27199
2026-09-30,WAS-SAM-163,Malleshwaram,1,37709
2026-09-30,ACC-ANK-237,Whitefield,1,2754
2026-09-30,ACC-BEL-234,Whitefield,1,1499
2026-09-30,ACC-POR-236,Whitefield,1,499
2026-09-30,ACC-POR-241,Whitefield,1,1519
2026-09-30,AIR-DAI-172,Whitefield,1,58799
2026-09-30,AIR-LG-169,Whitefield,1,32099
2026-09-30,AIR-LG-171,Whitefield,1,57699
2026-09-30,CAM-CAN-207,Whitefield,1,96199
2026-09-30,CAM-CAN-214,Whitefield,2,57299
2026-09-30,CAM-NIK-212,Whitefield,1,99499
2026-09-30,CAM-NIK-215,Whitefield,1,42799
2026-09-30,CAM-NIK-216,Whitefield,1,81889
2026-09-30,GAM-MIC-227,Whitefield,1,42654
2026-09-30,GAM-NIN-220,Whitefield,1,43599
2026-09-30,GAM-SON-219,Whitefield,1,51399
2026-09-30,HEA-BOA-189,Whitefield,2,20234
2026-09-30,HEA-JBL-180,Whitefield,2,19094
2026-09-30,HEA-JBL-185,Whitefield,1,11969
2026-09-30,HEA-JBL-187,Whitefield,2,21509
2026-09-30,HEA-SON-188,Whitefield,1,4599
2026-09-30,LAP-DEL-121,Whitefield,2,64299
2026-09-30,LAP-HP-114,Whitefield,1,45899
2026-09-30,LAP-I5-G12,Whitefield,1,54140
2026-09-30,LAP-LEN-116,Whitefield,1,90399
2026-09-30,LAP-LEN-117,Whitefield,1,53099
2026-09-30,LAP-LEN-125,Whitefield,1,79699
2026-09-30,LAP-LEN-126,Whitefield,1,110299
2026-09-30,REF-GOD-146,Whitefield,3,34399
2026-09-30,REF-LG-149,Whitefield,1,27699
2026-09-30,REF-WHI-145,Whitefield,1,51299
2026-09-30,SMA-APP-109,Whitefield,4,43399
2026-09-30,SMA-APP-202,Whitefield,2,23579
2026-09-30,SMA-XIA-104,Whitefield,1,65429
2026-09-30,TEL-SAM-128,Whitefield,1,119499
2026-09-30,TEL-XIA-132,Whitefield,1,96839
2026-09-30,WAS-BOS-158,Whitefield,1,33999
2026-09-30,WAS-BOS-165,Whitefield,1,40184
2026-09-30,WAS-IFB-153,Whitefield,2,22499
2026-09-30,WAS-LG-160,Whitefield,1,36179
2026-09-30,WAS-SAM-156,Whitefield,1,27199
2026-10-01,ACC-ANK-239,HSR Layout,1,1199
2026-10-01,AIR-LG-166,HSR Layout,1,45449
2026-10-01,AIR-LG-169,HSR Layout,1,32099
2026-10-01,AIR-LG-170,HSR Layout,1,30779
2026-10-01,AIR-LG-171,HSR Layout,1,51929
2026-10-01,AIR-LG-175,HSR Layout,2,45799
2026-10-01,CAM-CAN-213,HSR Layout,1,59599
2026-10-01,GAM-MIC-218,HSR Layout,1,45899
2026-10-01,GAM-MIC-227,HSR Layout,1,44899
2026-10-01,GAM-NIN-228,HSR Layout,2,49799
2026-10-01,HEA-BOA-189,HSR Layout,1,21299
2026-10-01,HEA-BOA-191,HSR Layout,1,22499
2026-10-01,HEA-BOS-181,HSR Layout,1,9899
2026-10-01,HEA-BOS-186,HSR Layout,1,16099
2026-10-01,HP-ANC-700,HSR Layout,1,17991
2026-10-01,LAP-I5-G12,HSR Layout,1,56990
2026-10-01,LAP-LEN-116,HSR Layout,1,81359
2026-10-01,LAP-LEN-125,HSR Layout,2,79699
2026-10-01,REF-LG-144,HSR Layout,1,32599
2026-10-01,REF-SAM-147,HSR Layout,1,42939
2026-10-01,SMA-AMA-192,HSR Layout,1,38284
2026-10-01,SMA-APP-109,HSR Layout,1,43399
2026-10-01,SMA-APP-199,HSR Layout,1,38999
2026-10-01,SMA-NOI-194,HSR Layout,2,3419
2026-10-01,SMA-NOI-195,HSR Layout,1,25919
2026-10-01,SMA-NOI-197,HSR Layout,2,8399
2026-10-01,SMA-ONE-103,HSR Layout,1,27074
2026-10-01,SMA-SAM-196,HSR Layout,1,18999
2026-10-01,SMA-XIA-104,HSR Layout,1,72699
2026-10-01,SMA-XIA-111,HSR Layout,1,65599
2026-10-01,TEL-SON-135,HSR Layout,1,46499
2026-10-01,TEL-TCL-131,HSR Layout,1,38799
2026-10-01,TEL-XIA-127,HSR Layout,1,18399
2026-10-01,TEL-XIA-132,HSR Layout,1,102219
2026-10-01,TV-55Q7,HSR Layout,1,58990
2026-10-01,WAS-BOS-165,HSR Layout,1,38069
2026-10-01,WAS-LG-155,HSR Layout,1,43999
2026-10-01,WAS-WHI-164,HSR Layout,1,17099
2026-10-01,ACC-ANK-233,Indiranagar,1,3399
2026-10-01,ACC-ANK-237,Indiranagar,2,2899
2026-10-01,ACC-MI-243,Indiranagar,2,2339
2026-10-01,AIR-BLU-167,Indiranagar,1,58519
2026-10-01,AIR-LG-166,Indiranagar,1,50499
2026-10-01,CAM-CAN-207,Indiranagar,1,96199
2026-10-01,CAM-CAN-213,Indiranagar,2,59599
2026-10-01,GAM-MIC-225,Indiranagar,1,52399
2026-10-01,GAM-NIN-229,Indiranagar,3,50199
2026-10-01,GAM-SON-221,Indiranagar,1,41419
2026-10-01,GAM-SON-222,Indiranagar,1,54699
2026-10-01,HEA-BOA-189,Indiranagar,4,20234
2026-10-01,HEA-BOS-181,Indiranagar,2,9404
2026-10-01,HEA-JBL-180,Indiranagar,2,20099
2026-10-01,HEA-JBL-185,Indiranagar,1,11339
2026-10-01,HP-ANC-700,Indiranagar,5,17991
2026-10-01,LAP-DEL-122,Indiranagar,1,89679
2026-10-01,LAP-DEL-124,Indiranagar,2,74954
2026-10-01,LAP-HP-114,Indiranagar,1,45899
2026-10-01,REF-GOD-148,Indiranagar,1,62509
2026-10-01,REF-LG-149,Indiranagar,1,27699
2026-10-01,REF-LG-152,Indiranagar,2,75799
2026-10-01,SMA-AMA-203,Indiranagar,1,12899
2026-10-01,SMA-APP-204,Indiranagar,1,40374
2026-10-01,SMA-NOI-194,Indiranagar,1,3599
2026-10-01,SMA-SAM-196,Indiranagar,1,17099
2026-10-01,SMA-SAM-201,Indiranagar,1,4844
2026-10-01,TEL-LG-138,Indiranagar,1,90699
2026-10-01,TEL-SAM-128,Indiranagar,1,119499
2026-10-01,TEL-TCL-137,Indiranagar,1,91864
2026-10-01,TEL-XIA-132,Indiranagar,2,107599
2026-10-01,TEL-XIA-134,Indiranagar,1,119999
2026-10-01,WAS-BOS-158,Indiranagar,1,30599
2026-10-01,WAS-IFB-159,Indiranagar,2,34699
2026-10-01,ACC-ANK-232,Jayanagar,2,2599
2026-10-01,ACC-BEL-238,Jayanagar,1,3199
2026-10-01,ACC-MI-240,Jayanagar,1,3704
2026-10-01,ACC-POR-236,Jayanagar,1,474
2026-10-01,AIR-LG-168,Jayanagar,1,32999
2026-10-01,AIR-LG-170,Jayanagar,2,32399
2026-10-01,AIR-LG-171,Jayanagar,1,51929
2026-10-01,CAM-CAN-206,Jayanagar,1,67199
2026-10-01,CAM-SON-205,Jayanagar,1,57599
2026-10-01,GAM-NIN-220,Jayanagar,1,43599
2026-10-01,GAM-NIN-226,Jayanagar,1,34099
2026-10-01,GAM-SON-222,Jayanagar,1,54699
2026-10-01,HEA-BOA-183,Jayanagar,2,4899
2026-10-01,HEA-BOA-189,Jayanagar,1,21299
2026-10-01,HEA-BOS-181,Jayanagar,2,9899
2026-10-01,HEA-BOS-186,Jayanagar,1,16099
2026-10-01,HEA-JBL-182,Jayanagar,1,24899
2026-10-01,LAP-DEL-121,Jayanagar,1,57869
2026-10-01,LAP-DEL-124,Jayanagar,1,78899
2026-10-01,LAP-I5-G12,Jayanagar,1,54140
2026-10-01,LAP-LEN-126,Jayanagar,1,104784
2026-10-01,REF-GOD-140,Jayanagar,2,28594
2026-10-01,REF-GOD-143,Jayanagar,2,51299
2026-10-01,REF-GOD-146,Jayanagar,1,30959
2026-10-01,REF-GOD-148,Jayanagar,1,65799
2026-10-01,REF-LG-150,Jayanagar,1,46929
2026-10-01,REF-LG-151,Jayanagar,2,57499
2026-10-01,REF-WHI-145,Jayanagar,1,56999
2026-10-01,SMA-APP-199,Jayanagar,1,38999
2026-10-01,SMA-SAM-193,Jayanagar,1,11499
2026-10-01,SMA-VIV-102,Jayanagar,1,33629
2026-10-01,TEL-SAM-128,Jayanagar,2,119499
2026-10-01,TEL-XIA-132,Jayanagar,1,102219
2026-10-01,WAS-IFB-153,Jayanagar,1,20249
2026-10-01,WAS-IFB-157,Jayanagar,2,33499
2026-10-01,WAS-IFB-162,Jayanagar,2,15864
2026-10-01,WAS-SAM-163,Jayanagar,1,41899
2026-10-01,WM-FL-8KG,Jayanagar,2,36990
2026-10-01,ACC-BEL-231,Koramangala,1,499
2026-10-01,ACC-BEL-234,Koramangala,2,1499
2026-10-01,ACC-BEL-238,Koramangala,1,3199
2026-10-01,AIR-BLU-167,Koramangala,3,61599
2026-10-01,CAM-CAN-207,Koramangala,2,96199
2026-10-01,CAM-NIK-215,Koramangala,1,40659
2026-10-01,CAM-NIK-217,Koramangala,1,53279
2026-10-01,GAM-MIC-225,Koramangala,4,52399
2026-10-01,GAM-NIN-220,Koramangala,1,39239
2026-10-01,GAM-NIN-228,Koramangala,1,49799
2026-10-01,GAM-SON-219,Koramangala,1,48829
2026-10-01,GAM-SON-221,Koramangala,2,43599
2026-10-01,HEA-BOA-191,Koramangala,1,22499
2026-10-01,LAP-HP-114,Koramangala,2,41309
2026-10-01,REF-GOD-142,Koramangala,1,42199
2026-10-01,REF-LG-149,Koramangala,1,27699
2026-10-01,REF-SAM-147,Koramangala,1,40679
2026-10-01,SMA-APP-199,Koramangala,1,38999
2026-10-01,SMA-NOI-194,Koramangala,2,3599
2026-10-01,SMA-NOI-195,Koramangala,1,27359
2026-10-01,SMA-NOI-197,Koramangala,1,7979
2026-10-01,SMA-ONE-103,Koramangala,1,28499
2026-10-01,SMA-ONE-106,Koramangala,2,84299
2026-10-01,SMA-SAM-101,Koramangala,1,46599
2026-10-01,SMA-SAM-193,Koramangala,3,10349
2026-10-01,SW-FIT-3,Koramangala,2,8549
2026-10-01,TEL-LG-138,Koramangala,1,81629
2026-10-01,TEL-SAM-133,Koramangala,1,48899
2026-10-01,TEL-SON-130,Koramangala,1,58999
2026-10-01,TEL-TCL-131,Koramangala,1,38799
2026-10-01,TEL-TCL-137,Koramangala,1,96699
2026-10-01,TEL-XIA-127,Koramangala,1,18399
2026-10-01,TEL-XIA-132,Koramangala,1,107599
2026-10-01,TEL-XIA-136,Koramangala,2,54899
2026-10-01,WAS-BOS-158,Koramangala,1,33999
2026-10-01,WAS-WHI-164,Koramangala,1,17099
2026-10-01,ACC-ANK-233,Malleshwaram,1,3399
2026-10-01,AIR-BLU-167,Malleshwaram,1,61599
2026-10-01,AIR-BLU-173,Malleshwaram,1,55399
2026-10-01,AIR-LG-168,Malleshwaram,1,29699
2026-10-01,AIR-LG-170,Malleshwaram,2,32399
2026-10-01,AIR-LG-171,Malleshwaram,1,57699
2026-10-01,AIR-VOL-177,Malleshwaram,1,30689
2026-10-01,CAM-NIK-212,Malleshwaram,1,99499
2026-10-01,CAM-NIK-215,Malleshwaram,1,42799
2026-10-01,GAM-NIN-226,Malleshwaram,1,34099
2026-10-01,GAM-NIN-228,Malleshwaram,2,49799
2026-10-01,GAM-NIN-229,Malleshwaram,4,50199
2026-10-01,GAM-SON-219,Malleshwaram,1,51399
2026-10-01,GAM-SON-221,Malleshwaram,1,39239
2026-10-01,HEA-BOA-183,Malleshwaram,2,4899
2026-10-01,HEA-JBL-180,Malleshwaram,1,20099
2026-10-01,HEA-JBL-185,Malleshwaram,1,11969
2026-10-01,HEA-SON-179,Malleshwaram,1,6269
2026-10-01,HP-ANC-700,Malleshwaram,1,19990
2026-10-01,LAP-ACE-118,Malleshwaram,1,52199
2026-10-01,LAP-DEL-123,Malleshwaram,1,89909
2026-10-01,LAP-DEL-124,Malleshwaram,1,78899
2026-10-01,LAP-HP-114,Malleshwaram,1,45899
2026-10-01,LAP-I5-G12,Malleshwaram,1,54140
2026-10-01,LAP-LEN-125,Malleshwaram,1,79699
2026-10-01,REF-GOD-140,Malleshwaram,3,30099
2026-10-01,REF-GOD-142,Malleshwaram,1,42199
2026-10-01,REF-GOD-143,Malleshwaram,2,51299
2026-10-01,REF-LG-149,Malleshwaram,1,27699
2026-10-01,SMA-APP-109,Malleshwaram,1,43399
2026-10-01,SMA-SAM-108,Malleshwaram,1,55199
2026-10-01,SMA-SAM-112,Malleshwaram,1,49589
2026-10-01,SMA-SAM-201,Malleshwaram,1,5099
2026-10-01,SW-FIT-3,Malleshwaram,1,8999
2026-10-01,TEL-SAM-128,Malleshwaram,1,119499
2026-10-01,TEL-SON-135,Malleshwaram,1,46499
2026-10-01,TEL-SON-139,Malleshwaram,1,73299
2026-10-01,TEL-TCL-131,Malleshwaram,1,38799
2026-10-01,WAS-BOS-165,Malleshwaram,1,42299
2026-10-01,WAS-LG-155,Malleshwaram,1,41799
2026-10-01,WAS-LG-160,Malleshwaram,1,40199
2026-10-01,WAS-SAM-156,Malleshwaram,3,24479
2026-10-01,WAS-SAM-163,Malleshwaram,1,39804
2026-10-01,WAS-WHI-161,Malleshwaram,1,17599
2026-10-01,ACC-ANK-237,Whitefield,1,2754
2026-10-01,ACC-BEL-231,Whitefield,1,474
2026-10-01,ACC-BEL-238,Whitefield,2,2879
2026-10-01,ACC-POR-235,Whitefield,2,599
2026-10-01,ACC-POR-236,Whitefield,1,499
2026-10-01,ACC-POR-241,Whitefield,1,1599
2026-10-01,AIR-DAI-172,Whitefield,1,58799
2026-10-01,CAM-CAN-213,Whitefield,1,59599
2026-10-01,CAM-CAN-214,Whitefield,2,57299
2026-10-01,CAM-NIK-215,Whitefield,1,42799
2026-10-01,CAM-NIK-217,Whitefield,1,56239
2026-10-01,GAM-MIC-227,Whitefield,2,44899
2026-10-01,GAM-MIC-230,Whitefield,1,30299
2026-10-01,HEA-BOA-191,Whitefield,1,24999
2026-10-01,HEA-JBL-180,Whitefield,1,20099
2026-10-01,HEA-JBL-187,Whitefield,1,21509
2026-10-01,HEA-SON-188,Whitefield,1,4369
2026-10-01,LAP-DEL-124,Whitefield,1,78899
2026-10-01,LAP-HP-119,Whitefield,1,70399
2026-10-01,LAP-LEN-125,Whitefield,2,79699
2026-10-01,LAP-LEN-126,Whitefield,1,104784
2026-10-01,REF-GOD-140,Whitefield,2,28594
2026-10-01,REF-LG-152,Whitefield,1,68219
2026-10-01,REF-SAM-147,Whitefield,1,45199
2026-10-01,SMA-APP-109,Whitefield,2,43399
2026-10-01,SMA-APP-199,Whitefield,1,38999
2026-10-01,SMA-APP-202,Whitefield,1,26199
2026-10-01,SMA-SAM-101,Whitefield,1,41939
2026-10-01,SMA-XIA-104,Whitefield,1,72699
2026-10-01,TEL-LG-138,Whitefield,4,86164
2026-10-01,TEL-XIA-132,Whitefield,1,96839
2026-10-01,TV-55Q7,Whitefield,1,58990
2026-10-01,WAS-WHI-154,Whitefield,1,48399
2026-10-01,WAS-WHI-161,Whitefield,1,15839
2026-10-02,ACC-ANK-239,HSR Layout,1,1079
2026-10-02,ACC-POR-235,HSR Layout,1,599
2026-10-02,AIR-BLU-173,HSR Layout,1,52629
2026-10-02,AIR-DAI-172,HSR Layout,1,58799
2026-10-02,AIR-LG-170,HSR Layout,1,32399
2026-10-02,GAM-MIC-223,HSR Layout,1,48399
2026-10-02,GAM-MIC-225,HSR Layout,1,47159
2026-10-02,GAM-NIN-226,HSR Layout,1,34099
2026-10-02,GAM-SON-219,HSR Layout,1,48829
2026-10-02,HEA-BOS-181,HSR Layout,1,8909
2026-10-02,HEA-JBL-182,HSR Layout,1,22409
2026-10-02,LAP-DEL-121,HSR Layout,1,64299
2026-10-02,LAP-HP-119,HSR Layout,2,63359
2026-10-02,REF-GOD-140,HSR Layout,1,30099
2026-10-02,REF-GOD-148,HSR Layout,1,65799
2026-10-02,REF-LG-141,HSR Layout,2,84899
2026-10-02,REF-LG-144,HSR Layout,3,32599
2026-10-02,REF-LG-151,HSR Layout,1,57499
2026-10-02,SMA-AMA-192,HSR Layout,1,40299
2026-10-02,SMA-AMA-203,HSR Layout,1,11609
2026-10-02,SMA-APP-199,HSR Layout,3,38999
2026-10-02,SMA-APP-204,HSR Layout,1,40374
2026-10-02,SMA-NOI-194,HSR Layout,1,3419
2026-10-02,SMA-NOI-195,HSR Layout,2,28799
2026-10-02,SMA-SAM-112,HSR Layout,1,55099
2026-10-02,SMA-XIA-111,HSR Layout,1,65599
2026-10-02,SW-FIT-3,HSR Layout,2,8999
2026-10-02,TEL-SON-135,HSR Layout,2,41849
2026-10-02,TEL-TCL-137,HSR Layout,1,96699
2026-10-02,TEL-XIA-132,HSR Layout,2,96839
2026-10-02,TEL-XIA-136,HSR Layout,4,49409
2026-10-02,TV-55Q7,HSR Layout,1,56040
2026-10-02,WAS-WHI-154,HSR Layout,1,48399
2026-10-02,WAS-WHI-164,HSR Layout,1,17099
2026-10-02,ACC-ANK-237,Indiranagar,1,2609
2026-10-02,ACC-MI-243,Indiranagar,1,2599
2026-10-02,ACC-POR-235,Indiranagar,1,599
2026-10-02,ACC-POR-241,Indiranagar,2,1439
2026-10-02,AIR-LG-169,Indiranagar,1,30494
2026-10-02,AIR-LG-170,Indiranagar,1,32399
2026-10-02,CAM-CAN-207,Indiranagar,2,86579
2026-10-02,CAM-NIK-216,Indiranagar,1,86199
2026-10-02,CAM-SON-205,Indiranagar,1,54719
2026-10-02,GAM-MIC-218,Indiranagar,1,50999
2026-10-02,GAM-MIC-223,Indiranagar,1,45979
2026-10-02,GAM-MIC-225,Indiranagar,1,52399
2026-10-02,GAM-MIC-230,Indiranagar,1,27269
2026-10-02,GAM-NIN-224,Indiranagar,1,31199
2026-10-02,GAM-SON-219,Indiranagar,1,48829
2026-10-02,GAM-SON-222,Indiranagar,1,54699
2026-10-02,HEA-BOA-189,Indiranagar,2,19169
2026-10-02,HEA-BOS-181,Indiranagar,1,9899
2026-10-02,HEA-JBL-180,Indiranagar,1,20099
2026-10-02,HEA-JBL-187,Indiranagar,1,22704
2026-10-02,HP-ANC-700,Indiranagar,1,19990
2026-10-02,LAP-DEL-124,Indiranagar,1,78899
2026-10-02,LAP-LEN-126,Indiranagar,1,110299
2026-10-02,REF-LG-144,Indiranagar,1,29339
2026-10-02,REF-LG-152,Indiranagar,1,68219
2026-10-02,SMA-APP-199,Indiranagar,2,38999
2026-10-02,SMA-NOI-194,Indiranagar,1,3599
2026-10-02,SMA-NOI-197,Indiranagar,1,8399
2026-10-02,SMA-ONE-103,Indiranagar,1,28499
2026-10-02,SMA-ONE-105,Indiranagar,1,47309
2026-10-02,SMA-ONE-107,Indiranagar,1,66499
2026-10-02,SMA-SAM-201,Indiranagar,1,5099
2026-10-02,SMA-VIV-102,Indiranagar,1,35399
2026-10-02,SMA-XIA-111,Indiranagar,1,62319
2026-10-02,TEL-SAM-128,Indiranagar,1,107549
2026-10-02,TEL-SON-130,Indiranagar,1,53099
2026-10-02,WAS-BOS-158,Indiranagar,2,32299
2026-10-02,WAS-IFB-159,Indiranagar,3,34699
2026-10-02,WAS-LG-160,Indiranagar,1,40199
2026-10-02,WAS-WHI-161,Indiranagar,2,15839
2026-10-02,ACC-ANK-232,Jayanagar,1,2599
2026-10-02,ACC-BEL-231,Jayanagar,1,499
2026-10-02,ACC-MI-240,Jayanagar,1,3899
2026-10-02,ACC-POR-235,Jayanagar,1,599
2026-10-02,AIR-DAI-176,Jayanagar,4,46999
2026-10-02,AIR-VOL-177,Jayanagar,1,34099
2026-10-02,CAM-NIK-212,Jayanagar,1,99499
2026-10-02,CAM-NIK-217,Jayanagar,1,59199
2026-10-02,GAM-NIN-226,Jayanagar,2,30689
2026-10-02,GAM-NIN-228,Jayanagar,2,44819
2026-10-02,GAM-NIN-229,Jayanagar,1,50199
2026-10-02,HEA-BOA-191,Jayanagar,1,23749
2026-10-02,HEA-BOS-181,Jayanagar,2,9899
2026-10-02,HEA-JBL-182,Jayanagar,1,24899
2026-10-02,LAP-DEL-123,Jayanagar,1,94904
2026-10-02,LAP-DEL-124,Jayanagar,1,78899
2026-10-02,LAP-LEN-126,Jayanagar,1,104784
2026-10-02,REF-GOD-140,Jayanagar,2,30099
2026-10-02,REF-GOD-143,Jayanagar,1,51299
2026-10-02,REF-LG-149,Jayanagar,1,26314
2026-10-02,REF-LG-152,Jayanagar,1,72009
2026-10-02,SMA-AMA-192,Jayanagar,1,40299
2026-10-02,SMA-APP-204,Jayanagar,1,38249
2026-10-02,SMA-NOI-195,Jayanagar,1,28799
2026-10-02,SMA-SAM-193,Jayanagar,1,10924
2026-10-02,SMA-XIA-111,Jayanagar,1,62319
2026-10-02,TEL-SAM-128,Jayanagar,1,119499
2026-10-02,TEL-SON-139,Jayanagar,1,73299
2026-10-02,TEL-TCL-131,Jayanagar,1,34919
2026-10-02,TEL-XIA-127,Jayanagar,1,18399
2026-10-02,TEL-XIA-136,Jayanagar,1,54899
2026-10-02,WAS-BOS-165,Jayanagar,1,42299
2026-10-02,WAS-IFB-153,Jayanagar,1,22499
2026-10-02,WAS-IFB-159,Jayanagar,1,34699
2026-10-02,WAS-LG-160,Jayanagar,1,38189
2026-10-02,WAS-WHI-161,Jayanagar,1,17599
2026-10-02,WM-FL-8KG,Jayanagar,1,36990
2026-10-02,ACC-ANK-232,Koramangala,2,2599
2026-10-02,ACC-BEL-231,Koramangala,1,474
2026-10-02,ACC-BEL-234,Koramangala,1,1349
2026-10-02,ACC-BEL-238,Koramangala,1,3039
2026-10-02,AIR-DAI-172,Koramangala,1,58799
2026-10-02,AIR-LG-170,Koramangala,2,32399
2026-10-02,AIR-LG-171,Koramangala,1,57699
2026-10-02,CAM-CAN-210,Koramangala,1,83899
2026-10-02,GAM-MIC-218,Koramangala,1,50999
2026-10-02,GAM-MIC-225,Koramangala,1,52399
2026-10-02,GAM-NIN-220,Koramangala,1,41419
2026-10-02,GAM-NIN-228,Koramangala,1,44819
2026-10-02,HEA-BOA-191,Koramangala,1,24999
2026-10-02,HEA-BOS-181,Koramangala,2,9404
2026-10-02,HEA-JBL-185,Koramangala,2,11969
2026-10-02,HP-ANC-700,Koramangala,1,19990
2026-10-02,LAP-ACE-118,Koramangala,3,49589
2026-10-02,LAP-DEL-122,Koramangala,1,84959
2026-10-02,LAP-DEL-124,Koramangala,1,78899
2026-10-02,LAP-HP-114,Koramangala,1,45899
2026-10-02,LAP-LEN-116,Koramangala,1,90399
2026-10-02,REF-GOD-143,Koramangala,3,48734
2026-10-02,REF-GOD-146,Koramangala,1,34399
2026-10-02,REF-SAM-147,Koramangala,2,45199
2026-10-02,SMA-AMA-203,Koramangala,1,12899
2026-10-02,SMA-APP-199,Koramangala,1,38999
2026-10-02,SMA-APP-204,Koramangala,1,38249
2026-10-02,SMA-NOI-194,Koramangala,2,3599
2026-10-02,SMA-ONE-103,Koramangala,1,25649
2026-10-02,SMA-SAM-193,Koramangala,6,10924
2026-10-02,SMA-XIA-104,Koramangala,1,65429
2026-10-02,TEL-LG-138,Koramangala,2,90699
2026-10-02,TEL-SON-135,Koramangala,1,46499
2026-10-02,TEL-XIA-127,Koramangala,3,18399
2026-10-02,TEL-XIA-132,Koramangala,2,107599
2026-10-02,TEL-XIA-134,Koramangala,1,119999
2026-10-02,TEL-XIA-136,Koramangala,2,54899
2026-10-02,TV-55Q7,Koramangala,2,58990
2026-10-02,WAS-BOS-165,Koramangala,1,38069
2026-10-02,WAS-IFB-153,Koramangala,1,22499
2026-10-02,WAS-IFB-157,Koramangala,1,30149
2026-10-02,WAS-IFB-159,Koramangala,1,32964
2026-10-02,WAS-WHI-164,Koramangala,1,17099
2026-10-02,WM-FL-8KG,Koramangala,1,36990
2026-10-02,ACC-ANK-239,Malleshwaram,2,1079
2026-10-02,ACC-POR-242,Malleshwaram,1,1424
2026-10-02,AIR-LG-166,Malleshwaram,1,47974
2026-10-02,AIR-LG-168,Malleshwaram,1,29699
2026-10-02,AIR-LG-170,Malleshwaram,3,32399
2026-10-02,AIR-VOL-177,Malleshwaram,1,34099
2026-10-02,CAM-CAN-206,Malleshwaram,3,67199
2026-10-02,CAM-NIK-215,Malleshwaram,1,42799
2026-10-02,CAM-NIK-217,Malleshwaram,1,59199
2026-10-02,GAM-MIC-225,Malleshwaram,1,49779
2026-10-02,GAM-MIC-227,Malleshwaram,1,42654
2026-10-02,GAM-NIN-226,Malleshwaram,1,34099
2026-10-02,GAM-NIN-229,Malleshwaram,2,50199
2026-10-02,HEA-JBL-180,Malleshwaram,1,19094
2026-10-02,HEA-JBL-184,Malleshwaram,1,22229
2026-10-02,HP-ANC-700,Malleshwaram,1,19990
2026-10-02,LAP-ACE-118,Malleshwaram,1,46979
2026-10-02,LAP-ASU-120,Malleshwaram,2,78089
2026-10-02,LAP-DEL-121,Malleshwaram,1,61084
2026-10-02,LAP-DEL-123,Malleshwaram,2,94904
2026-10-02,LAP-HP-119,Malleshwaram,1,70399
2026-10-02,REF-GOD-140,Malleshwaram,3,27089
2026-10-02,REF-GOD-143,Malleshwaram,2,51299
2026-10-02,REF-GOD-148,Malleshwaram,1,65799
2026-10-02,REF-LG-152,Malleshwaram,1,75799
2026-10-02,REF-WHI-145,Malleshwaram,2,56999
2026-10-02,SMA-APP-110,Malleshwaram,2,25399
2026-10-02,SMA-APP-202,Malleshwaram,1,26199
2026-10-02,SMA-NOI-194,Malleshwaram,1,3239
2026-10-02,SMA-NOI-197,Malleshwaram,1,8399
2026-10-02,SMA-NOI-200,Malleshwaram,1,28784
2026-10-02,SMA-ONE-103,Malleshwaram,1,28499
2026-10-02,SMA-ONE-105,Malleshwaram,1,49799
2026-10-02,SMA-ONE-106,Malleshwaram,1,75869
2026-10-02,SMA-SAM-112,Malleshwaram,1,55099
2026-10-02,SMA-SAM-196,Malleshwaram,1,18999
2026-10-02,SMA-VIV-102,Malleshwaram,1,31859
2026-10-02,SMA-XIA-111,Malleshwaram,1,59039
2026-10-02,TEL-SAM-128,Malleshwaram,1,119499
2026-10-02,TEL-SAM-133,Malleshwaram,1,44009
2026-10-02,TEL-SON-139,Malleshwaram,1,65969
2026-10-02,TEL-XIA-127,Malleshwaram,1,18399
2026-10-02,TV-55Q7,Malleshwaram,2,56040
2026-10-02,WAS-IFB-159,Malleshwaram,1,32964
2026-10-02,WAS-IFB-162,Malleshwaram,1,16699
2026-10-02,WAS-LG-160,Malleshwaram,1,40199
2026-10-02,WAS-SAM-156,Malleshwaram,2,24479
2026-10-02,ACC-ANK-237,Whitefield,3,2609
2026-10-02,ACC-BEL-238,Whitefield,1,3199
2026-10-02,ACC-MI-243,Whitefield,1,2599
2026-10-02,ACC-POR-236,Whitefield,2,499
2026-10-02,AIR-DAI-172,Whitefield,1,58799
2026-10-02,AIR-VOL-177,Whitefield,2,30689
2026-10-02,CAM-NIK-209,Whitefield,1,68599
2026-10-02,CAM-NIK-215,Whitefield,2,42799
2026-10-02,GAM-MIC-227,Whitefield,2,44899
2026-10-02,HEA-BOA-189,Whitefield,1,20234
2026-10-02,HEA-SON-188,Whitefield,1,4369
2026-10-02,LAP-DEL-121,Whitefield,2,61084
2026-10-02,LAP-DEL-123,Whitefield,2,94904
2026-10-02,LAP-LEN-116,Whitefield,1,90399
2026-10-02,LAP-LEN-126,Whitefield,2,110299
2026-10-02,REF-GOD-140,Whitefield,1,30099
2026-10-02,REF-GOD-146,Whitefield,2,34399
2026-10-02,REF-LG-144,Whitefield,1,32599
2026-10-02,REF-LG-149,Whitefield,1,27699
2026-10-02,REF-SAM-147,Whitefield,1,45199
2026-10-02,REF-WHI-145,Whitefield,1,56999
2026-10-02,SMA-APP-109,Whitefield,1,43399
2026-10-02,SMA-APP-198,Whitefield,2,23489
2026-10-02,SMA-APP-199,Whitefield,2,38999
2026-10-02,SMA-APP-204,Whitefield,1,42499
2026-10-02,SMA-NOI-195,Whitefield,1,28799
2026-10-02,SMA-ONE-105,Whitefield,1,47309
2026-10-02,SMA-SAM-101,Whitefield,1,46599
2026-10-02,SMA-XIA-104,Whitefield,1,72699
2026-10-02,TEL-LG-138,Whitefield,1,86164
2026-10-02,TEL-SAM-128,Whitefield,1,119499
2026-10-02,TEL-SON-130,Whitefield,1,58999
2026-10-02,WAS-IFB-157,Whitefield,1,31824
2026-10-03,ACC-ANK-239,HSR Layout,1,1199
2026-10-03,ACC-BEL-231,HSR Layout,1,474
2026-10-03,ACC-BEL-234,HSR Layout,1,1349
2026-10-03,ACC-MI-243,HSR Layout,1,2599
2026-10-03,ACC-POR-235,HSR Layout,1,599
2026-10-03,AIR-BLU-173,HSR Layout,2,55399
2026-10-03,AIR-DAI-172,HSR Layout,1,58799
2026-10-03,AIR-DAI-176,HSR Layout,1,42299
2026-10-03,AIR-LG-166,HSR Layout,1,45449
2026-10-03,AIR-LG-168,HSR Layout,2,32999
2026-10-03,CAM-CAN-206,HSR Layout,1,60479
2026-10-03,CAM-NIK-211,HSR Layout,1,105599
2026-10-03,CAM-SON-205,HSR Layout,2,51839
2026-10-03,CAM-SON-208,HSR Layout,2,102124
2026-10-03,GAM-MIC-218,HSR Layout,1,45899
2026-10-03,GAM-MIC-227,HSR Layout,1,42654
2026-10-03,GAM-NIN-228,HSR Layout,2,44819
2026-10-03,GAM-SON-219,HSR Layout,1,51399
2026-10-03,HEA-BOA-191,HSR Layout,1,24999
2026-10-03,HEA-BOS-186,HSR Layout,2,16099
2026-10-03,HEA-BOS-190,HSR Layout,1,28799
2026-10-03,HEA-JBL-182,HSR Layout,2,24899
2026-10-03,HEA-JBL-184,HSR Layout,1,22229
2026-10-03,HEA-JBL-187,HSR Layout,1,23899
2026-10-03,HP-ANC-700,HSR Layout,2,17991
2026-10-03,LAP-ASU-120,HSR Layout,1,78089
2026-10-03,LAP-HP-119,HSR Layout,4,70399
2026-10-03,LAP-LEN-117,HSR Layout,2,56049
2026-10-03,REF-LG-150,HSR Layout,1,44459
2026-10-03,REF-LG-151,HSR Layout,1,54624
2026-10-03,SMA-AMA-192,HSR Layout,1,40299
2026-10-03,SMA-APP-199,HSR Layout,2,38999
2026-10-03,SMA-ONE-106,HSR Layout,2,84299
2026-10-03,SMA-XIA-104,HSR Layout,2,69064
2026-10-03,SMA-XIA-111,HSR Layout,1,65599
2026-10-03,SW-FIT-3,HSR Layout,2,8099
2026-10-03,TEL-SON-135,HSR Layout,3,41849
2026-10-03,TEL-XIA-134,HSR Layout,1,119999
2026-10-03,TEL-XIA-136,HSR Layout,5,54899
2026-10-03,TV-55Q7,HSR Layout,2,53091
2026-10-03,TV-65U8,HSR Layout,1,64990
2026-10-03,WAS-BOS-165,HSR Layout,2,38069
2026-10-03,WAS-WHI-154,HSR Layout,3,48399
2026-10-03,WAS-WHI-164,HSR Layout,1,17099
2026-10-03,ACC-ANK-237,Indiranagar,1,2899
2026-10-03,ACC-ANK-239,Indiranagar,1,1199
2026-10-03,ACC-MI-243,Indiranagar,2,2469
2026-10-03,ACC-POR-236,Indiranagar,1,449
2026-10-03,AIR-BLU-173,Indiranagar,1,55399
2026-10-03,AIR-DAI-172,Indiranagar,1,55859
2026-10-03,AIR-LG-166,Indiranagar,1,50499
2026-10-03,AIR-LG-168,Indiranagar,1,32999
2026-10-03,CAM-CAN-206,Indiranagar,1,60479
2026-10-03,CAM-CAN-207,Indiranagar,1,96199
2026-10-03,CAM-NIK-209,Indiranagar,3,68599
2026-10-03,CAM-NIK-216,Indiranagar,1,81889
2026-10-03,CAM-SON-205,Indiranagar,1,57599
2026-10-03,GAM-MIC-227,Indiranagar,1,44899
2026-10-03,GAM-MIC-230,Indiranagar,1,28784
2026-10-03,GAM-NIN-220,Indiranagar,2,43599
2026-10-03,GAM-NIN-229,Indiranagar,1,50199
2026-10-03,GAM-SON-221,Indiranagar,2,39239
2026-10-03,GAM-SON-222,Indiranagar,1,51964
2026-10-03,HEA-BOA-189,Indiranagar,1,21299
2026-10-03,HEA-BOS-181,Indiranagar,3,9899
2026-10-03,HEA-BOS-190,Indiranagar,1,28799
2026-10-03,HEA-JBL-185,Indiranagar,2,12599
2026-10-03,HP-ANC-700,Indiranagar,2,18990
2026-10-03,LAP-DEL-122,Indiranagar,1,94399
2026-10-03,LAP-DEL-124,Indiranagar,1,74954
2026-10-03,LAP-HP-114,Indiranagar,2,45899
2026-10-03,LAP-I5-G12,Indiranagar,1,51291
2026-10-03,LAP-LEN-125,Indiranagar,1,79699
2026-10-03,LAP-LEN-126,Indiranagar,1,110299
2026-10-03,REF-GOD-143,Indiranagar,1,51299
2026-10-03,REF-GOD-146,Indiranagar,1,34399
2026-10-03,REF-LG-152,Indiranagar,1,68219
2026-10-03,SMA-AMA-192,Indiranagar,1,40299
2026-10-03,SMA-APP-198,Indiranagar,1,26099
2026-10-03,SMA-APP-199,Indiranagar,1,37049
2026-10-03,SMA-NOI-194,Indiranagar,3,3599
2026-10-03,SMA-NOI-200,Indiranagar,1,27269
2026-10-03,SMA-ONE-106,Indiranagar,4,84299
2026-10-03,SMA-SAM-101,Indiranagar,1,44269
2026-10-03,SMA-XIA-111,Indiranagar,1,65599
2026-10-03,TEL-SAM-128,Indiranagar,1,119499
2026-10-03,TEL-XIA-127,Indiranagar,1,17479
2026-10-03,TEL-XIA-136,Indiranagar,1,54899
2026-10-03,WAS-IFB-153,Indiranagar,2,22499
2026-10-03,ACC-BEL-238,Jayanagar,1,2879
2026-10-03,ACC-MI-240,Jayanagar,2,3704
2026-10-03,ACC-POR-236,Jayanagar,1,499
2026-10-03,ACC-POR-242,Jayanagar,2,1424
2026-10-03,AIR-BLU-173,Jayanagar,1,49859
2026-10-03,AIR-DAI-172,Jayanagar,1,55859
2026-10-03,AIR-DAI-176,Jayanagar,1,44649
2026-10-03,AIR-LG-170,Jayanagar,2,32399
2026-10-03,AIR-VOL-177,Jayanagar,2,32394
2026-10-03,CAM-NIK-216,Jayanagar,1,86199
2026-10-03,CAM-SON-205,Jayanagar,1,54719
2026-10-03,GAM-MIC-227,Jayanagar,1,44899
2026-10-03,GAM-NIN-226,Jayanagar,1,34099
2026-10-03,GAM-NIN-228,Jayanagar,1,47309
2026-10-03,GAM-SON-221,Jayanagar,3,43599
2026-10-03,GAM-SON-222,Jayanagar,3,49229
2026-10-03,HEA-BOS-181,Jayanagar,1,9899
2026-10-03,HEA-BOS-186,Jayanagar,1,16099
2026-10-03,LAP-DEL-115,Jayanagar,1,112999
2026-10-03,LAP-DEL-123,Jayanagar,1,99899
2026-10-03,LAP-LEN-126,Jayanagar,1,110299
2026-10-03,REF-DD-190,Jayanagar,1,13941
2026-10-03,REF-GOD-140,Jayanagar,1,27089
2026-10-03,REF-GOD-143,Jayanagar,1,48734
2026-10-03,REF-GOD-148,Jayanagar,1,59219
2026-10-03,REF-LG-150,Jayanagar,3,49399
2026-10-03,REF-LG-152,Jayanagar,1,68219
2026-10-03,REF-WHI-145,Jayanagar,1,54149
2026-10-03,SMA-APP-204,Jayanagar,1,40374
2026-10-03,SMA-ONE-107,Jayanagar,1,59849
2026-10-03,SMA-SAM-108,Jayanagar,2,55199
2026-10-03,SMA-SAM-113,Jayanagar,1,46079
2026-10-03,SMA-XIA-111,Jayanagar,1,65599
2026-10-03,SW-FIT-3,Jayanagar,1,8099
2026-10-03,TEL-SON-139,Jayanagar,2,65969
2026-10-03,TEL-XIA-132,Jayanagar,1,107599
2026-10-03,WAS-BOS-165,Jayanagar,1,38069
2026-10-03,WAS-IFB-153,Jayanagar,2,22499
2026-10-03,WAS-WHI-161,Jayanagar,1,16719
2026-10-03,WM-FL-8KG,Jayanagar,2,35140
2026-10-03,ACC-BEL-238,Koramangala,2,3039
2026-10-03,ACC-MI-243,Koramangala,1,2599
2026-10-03,ACC-POR-236,Koramangala,3,449
2026-10-03,ACC-POR-242,Koramangala,1,1424
2026-10-03,AIR-BLU-167,Koramangala,2,61599
2026-10-03,AIR-DAI-172,Koramangala,2,58799
2026-10-03,AIR-LG-166,Koramangala,1,50499
2026-10-03,AIR-LG-170,Koramangala,1,29159
2026-10-03,CAM-CAN-207,Koramangala,1,91389
2026-10-03,CAM-CAN-210,Koramangala,1,75509
2026-10-03,CAM-NIK-217,Koramangala,1,59199
2026-10-03,GAM-MIC-225,Koramangala,1,52399
2026-10-03,GAM-NIN-220,Koramangala,2,43599
2026-10-03,GAM-NIN-228,Koramangala,1,49799
2026-10-03,GAM-NIN-229,Koramangala,1,50199
2026-10-03,HEA-BOA-183,Koramangala,1,4899
2026-10-03,HEA-BOA-189,Koramangala,1,19169
2026-10-03,HEA-BOS-181,Koramangala,1,9899
2026-10-03,HEA-JBL-182,Koramangala,2,23654
2026-10-03,HEA-JBL-185,Koramangala,1,12599
2026-10-03,LAP-ASU-120,Koramangala,2,82199
2026-10-03,LAP-DEL-121,Koramangala,1,61084
2026-10-03,LAP-DEL-123,Koramangala,2,94904
2026-10-03,LAP-HP-114,Koramangala,1,41309
2026-10-03,REF-GOD-140,Koramangala,1,30099
2026-10-03,REF-LG-141,Koramangala,1,76409
2026-10-03,REF-WHI-145,Koramangala,1,56999
2026-10-03,SMA-APP-199,Koramangala,1,35099
2026-10-03,SMA-APP-204,Koramangala,1,38249
2026-10-03,SMA-NOI-194,Koramangala,2,3419
2026-10-03,SMA-NOI-197,Koramangala,2,8399
2026-10-03,SMA-ONE-106,Koramangala,1,84299
2026-10-03,SMA-ONE-107,Koramangala,1,66499
2026-10-03,SMA-SAM-112,Koramangala,1,55099
2026-10-03,SMA-SAM-113,Koramangala,1,51199
2026-10-03,SMA-SAM-193,Koramangala,4,11499
2026-10-03,SMA-SAM-201,Koramangala,1,5099
2026-10-03,SMA-XIA-111,Koramangala,1,59039
2026-10-03,SW-FIT-3,Koramangala,1,8999
2026-10-03,TEL-LG-138,Koramangala,1,90699
2026-10-03,TEL-SON-135,Koramangala,2,44174
2026-10-03,TEL-XIA-132,Koramangala,2,96839
2026-10-03,TEL-XIA-136,Koramangala,1,49409
2026-10-03,TV-55Q7,Koramangala,1,58990
2026-10-03,WAS-BOS-165,Koramangala,1,38069
2026-10-03,WAS-IFB-153,Koramangala,1,20249
2026-10-03,WAS-IFB-157,Koramangala,1,33499
2026-10-03,WAS-WHI-154,Koramangala,1,48399
2026-10-03,WM-FL-8KG,Koramangala,3,36990
2026-10-03,ACC-ANK-233,Malleshwaram,1,3229
2026-10-03,ACC-ANK-239,Malleshwaram,1,1199
2026-10-03,ACC-BEL-238,Malleshwaram,1,3199
2026-10-03,ACC-MI-243,Malleshwaram,1,2469
2026-10-03,AIR-BLU-173,Malleshwaram,2,55399
2026-10-03,AIR-LG-170,Malleshwaram,2,32399
2026-10-03,AIR-VOL-177,Malleshwaram,3,30689
2026-10-03,CAM-CAN-206,Malleshwaram,2,67199
2026-10-03,CAM-NIK-212,Malleshwaram,2,99499
2026-10-03,CAM-NIK-215,Malleshwaram,2,42799
2026-10-03,CAM-SON-205,Malleshwaram,1,54719
2026-10-03,GAM-MIC-223,Malleshwaram,1,48399
2026-10-03,GAM-SON-219,Malleshwaram,1,48829
2026-10-03,HEA-BOA-189,Malleshwaram,2,21299
2026-10-03,HEA-BOA-191,Malleshwaram,1,24999
2026-10-03,HEA-JBL-180,Malleshwaram,1,19094
2026-10-03,HEA-JBL-182,Malleshwaram,1,24899
2026-10-03,HEA-JBL-185,Malleshwaram,1,12599
2026-10-03,HEA-JBL-187,Malleshwaram,3,21509
2026-10-03,HP-ANC-700,Malleshwaram,2,18990
2026-10-03,LAP-ASU-120,Malleshwaram,4,82199
2026-10-03,LAP-DEL-123,Malleshwaram,2,94904
2026-10-03,LAP-HP-114,Malleshwaram,1,43604
2026-10-03,LAP-HP-119,Malleshwaram,3,70399
2026-10-03,REF-GOD-140,Malleshwaram,3,27089
2026-10-03,REF-GOD-142,Malleshwaram,1,42199
2026-10-03,REF-GOD-143,Malleshwaram,2,51299
2026-10-03,REF-GOD-148,Malleshwaram,2,59219
2026-10-03,REF-LG-151,Malleshwaram,1,57499
2026-10-03,SMA-APP-204,Malleshwaram,1,38249
2026-10-03,SMA-SAM-101,Malleshwaram,1,44269
2026-10-03,SMA-SAM-108,Malleshwaram,2,55199
2026-10-03,SMA-SAM-196,Malleshwaram,1,18999
2026-10-03,SMA-VIV-102,Malleshwaram,2,31859
2026-10-03,TEL-SON-130,Malleshwaram,1,58999
2026-10-03,TEL-SON-139,Malleshwaram,1,73299
2026-10-03,TV-55Q7,Malleshwaram,1,53091
2026-10-03,WAS-IFB-159,Malleshwaram,1,34699
2026-10-03,WAS-LG-160,Malleshwaram,1,38189
2026-10-03,WAS-SAM-156,Malleshwaram,1,27199
2026-10-03,WAS-SAM-163,Malleshwaram,3,41899
2026-10-03,WAS-WHI-161,Malleshwaram,3,17599
2026-10-03,ACC-ANK-237,Whitefield,1,2899
2026-10-03,ACC-BEL-231,Whitefield,2,499
2026-10-03,ACC-BEL-238,Whitefield,1,3199
2026-10-03,ACC-POR-235,Whitefield,1,569
2026-10-03,AIR-BLU-167,Whitefield,2,61599
2026-10-03,CAM-NIK-209,Whitefield,1,68599
2026-10-03,CAM-SON-205,Whitefield,1,51839
2026-10-03,GAM-SON-222,Whitefield,1,49229
2026-10-03,HEA-BOA-183,Whitefield,1,4899
2026-10-03,HEA-BOA-189,Whitefield,1,19169
2026-10-03,HEA-BOA-191,Whitefield,1,24999
2026-10-03,HEA-JBL-180,Whitefield,1,20099
2026-10-03,HEA-JBL-182,Whitefield,1,24899
2026-10-03,HEA-SON-188,Whitefield,2,4599
2026-10-03,LAP-ASU-120,Whitefield,1,78089
2026-10-03,LAP-DEL-121,Whitefield,1,64299
2026-10-03,LAP-DEL-124,Whitefield,1,71009
2026-10-03,REF-GOD-146,Whitefield,2,32679
2026-10-03,SMA-APP-109,Whitefield,1,41229
2026-10-03,SMA-APP-202,Whitefield,1,26199
2026-10-03,SMA-APP-204,Whitefield,1,42499
2026-10-03,SMA-NOI-195,Whitefield,1,28799
2026-10-03,SMA-SAM-112,Whitefield,1,55099
2026-10-03,SMA-SAM-113,Whitefield,2,46079
2026-10-03,SMA-XIA-104,Whitefield,1,72699
2026-10-03,TEL-LG-138,Whitefield,2,81629
2026-10-03,TEL-SON-130,Whitefield,1,58999
2026-10-03,TEL-XIA-132,Whitefield,1,96839
2026-10-03,TV-55Q7,Whitefield,1,58990
2026-10-03,WAS-IFB-159,Whitefield,1,32964
2026-10-03,WAS-SAM-156,Whitefield,1,27199
2026-10-03,WAS-SAM-163,Whitefield,1,41899
2026-10-03,WAS-WHI-154,Whitefield,2,43559
2026-10-04,ACC-ANK-233,HSR Layout,1,3399
2026-10-04,ACC-BEL-234,HSR Layout,1,1499
2026-10-04,AIR-DAI-172,HSR Layout,1,58799
2026-10-04,AIR-LG-168,HSR Layout,1,32999
2026-10-04,AIR-LG-170,HSR Layout,1,32399
2026-10-04,AIR-VOL-174,HSR Layout,1,33569
2026-10-04,CAM-CAN-214,HSR Layout,1,54434
2026-10-04,CAM-NIK-209,HSR Layout,1,65169
2026-10-04,GAM-MIC-230,HSR Layout,1,27269
2026-10-04,GAM-NIN-228,HSR Layout,2,49799
2026-10-04,HEA-BOA-191,HSR Layout,1,24999
2026-10-04,HEA-JBL-182,HSR Layout,3,23654
2026-10-04,HP-ANC-700,HSR Layout,1,18990
2026-10-04,LAP-DEL-122,HSR Layout,1,89679
2026-10-04,LAP-HP-114,HSR Layout,1,45899
2026-10-04,LAP-HP-119,HSR Layout,2,70399
2026-10-04,LAP-LEN-125,HSR Layout,1,79699
2026-10-04,REF-LG-144,HSR Layout,1,29339
2026-10-04,SMA-AMA-203,HSR Layout,1,12899
2026-10-04,SMA-APP-109,HSR Layout,2,41229
2026-10-04,SMA-APP-199,HSR Layout,1,38999
2026-10-04,SMA-APP-204,HSR Layout,1,38249
2026-10-04,SMA-NOI-194,HSR Layout,1,3419
2026-10-04,SMA-NOI-195,HSR Layout,2,25919
2026-10-04,SMA-NOI-197,HSR Layout,1,7559
2026-10-04,SMA-ONE-103,HSR Layout,1,25649
2026-10-04,SMA-ONE-106,HSR Layout,1,75869
2026-10-04,SMA-ONE-107,HSR Layout,1,59849
2026-10-04,SMA-SAM-112,HSR Layout,1,52344
2026-10-04,SMA-SAM-201,HSR Layout,1,4844
2026-10-04,TEL-SON-130,HSR Layout,1,58999
2026-10-04,TEL-SON-135,HSR Layout,1,46499
2026-10-04,TEL-SON-139,HSR Layout,1,69634
2026-10-04,TEL-TCL-131,HSR Layout,1,34919
2026-10-04,TEL-XIA-132,HSR Layout,1,107599
2026-10-04,WAS-BOS-165,HSR Layout,2,38069
2026-10-04,WAS-IFB-153,HSR Layout,1,22499
2026-10-04,WAS-LG-155,HSR Layout,1,43999
2026-10-04,WAS-WHI-154,HSR Layout,1,48399
2026-10-04,WAS-WHI-164,HSR Layout,1,17099
2026-10-04,WM-FL-8KG,HSR Layout,1,36990
2026-10-04,ACC-ANK-232,Indiranagar,1,2599
2026-10-04,ACC-ANK-233,Indiranagar,1,3399
2026-10-04,ACC-BEL-234,Indiranagar,2,1349
2026-10-04,ACC-MI-243,Indiranagar,1,2339
2026-10-04,ACC-POR-235,Indiranagar,1,569
2026-10-04,ACC-POR-242,Indiranagar,1,1424
2026-10-04,AIR-BLU-173,Indiranagar,1,55399
2026-10-04,AIR-LG-166,Indiranagar,1,45449
2026-10-04,CAM-CAN-206,Indiranagar,1,67199
2026-10-04,CAM-CAN-207,Indiranagar,4,96199
2026-10-04,CAM-CAN-213,Indiranagar,1,59599
2026-10-04,CAM-NIK-211,Indiranagar,1,95039
2026-10-04,CAM-SON-205,Indiranagar,1,57599
2026-10-04,GAM-NIN-229,Indiranagar,1,50199
2026-10-04,HEA-BOS-181,Indiranagar,2,9899
2026-10-04,HEA-BOS-186,Indiranagar,1,16099
2026-10-04,HEA-JBL-185,Indiranagar,1,12599
2026-10-04,HEA-JBL-187,Indiranagar,1,22704
2026-10-04,HEA-SON-179,Indiranagar,1,6599
2026-10-04,HP-ANC-700,Indiranagar,1,19990
2026-10-04,LAP-ACE-118,Indiranagar,1,52199
2026-10-04,LAP-DEL-122,Indiranagar,1,89679
2026-10-04,LAP-DEL-123,Indiranagar,1,99899
2026-10-04,LAP-DEL-124,Indiranagar,1,74954
2026-10-04,LAP-HP-114,Indiranagar,2,41309
2026-10-04,LAP-LEN-126,Indiranagar,1,99269
2026-10-04,REF-GOD-142,Indiranagar,1,42199
2026-10-04,REF-LG-152,Indiranagar,2,75799
2026-10-04,SMA-AMA-203,Indiranagar,1,12254
2026-10-04,SMA-APP-109,Indiranagar,1,39059
2026-10-04,SMA-NOI-200,Indiranagar,1,30299
2026-10-04,SMA-SAM-101,Indiranagar,1,41939
2026-10-04,SMA-SAM-112,Indiranagar,1,52344
2026-10-04,SMA-SAM-113,Indiranagar,1,51199
2026-10-04,SMA-XIA-111,Indiranagar,1,65599
2026-10-04,TEL-LG-138,Indiranagar,2,81629
2026-10-04,WAS-BOS-158,Indiranagar,3,33999
2026-10-04,WAS-SAM-163,Indiranagar,1,41899
2026-10-04,WAS-WHI-161,Indiranagar,2,16719
2026-10-04,ACC-ANK-232,Jayanagar,2,2599
2026-10-04,ACC-BEL-238,Jayanagar,1,3199
2026-10-04,ACC-MI-240,Jayanagar,1,3899
2026-10-04,ACC-POR-235,Jayanagar,2,599
2026-10-04,AIR-LG-169,Jayanagar,1,32099
2026-10-04,AIR-LG-170,Jayanagar,1,32399
2026-10-04,AIR-VOL-174,Jayanagar,1,37299
2026-10-04,AIR-VOL-177,Jayanagar,2,34099
2026-10-04,CAM-NIK-209,Jayanagar,1,68599
2026-10-04,CAM-NIK-212,Jayanagar,1,99499
2026-10-04,CAM-NIK-215,Jayanagar,1,42799
2026-10-04,CAM-NIK-217,Jayanagar,1,56239
2026-10-04,GAM-MIC-230,Jayanagar,1,30299
2026-10-04,GAM-NIN-228,Jayanagar,1,49799
2026-10-04,GAM-SON-222,Jayanagar,1,54699
2026-10-04,HEA-BOA-183,Jayanagar,2,4899
2026-10-04,HEA-BOA-189,Jayanagar,1,20234
2026-10-04,HEA-BOA-191,Jayanagar,2,22499
2026-10-04,HEA-BOS-186,Jayanagar,1,15294
2026-10-04,HEA-JBL-182,Jayanagar,2,24899
2026-10-04,HEA-JBL-185,Jayanagar,1,12599
2026-10-04,HEA-SON-179,Jayanagar,1,6599
2026-10-04,HP-ANC-700,Jayanagar,1,18990
2026-10-04,LAP-ACE-118,Jayanagar,1,52199
2026-10-04,LAP-DEL-124,Jayanagar,1,74954
2026-10-04,LAP-HP-119,Jayanagar,1,66879
2026-10-04,LAP-I5-G12,Jayanagar,1,51291
2026-10-04,LAP-LEN-125,Jayanagar,1,79699
2026-10-04,REF-GOD-142,Jayanagar,1,40089
2026-10-04,REF-GOD-143,Jayanagar,1,51299
2026-10-04,REF-LG-151,Jayanagar,1,57499
2026-10-04,REF-LG-152,Jayanagar,1,75799
2026-10-04,REF-WHI-145,Jayanagar,1,54149
2026-10-04,SMA-APP-204,Jayanagar,1,38249
2026-10-04,SMA-ONE-107,Jayanagar,1,66499
2026-10-04,SMA-SAM-108,Jayanagar,1,49679
2026-10-04,SMA-SAM-112,Jayanagar,2,55099
2026-10-04,SMA-SAM-113,Jayanagar,2,51199
2026-10-04,SMA-VIV-102,Jayanagar,1,35399
2026-10-04,SMA-XIA-111,Jayanagar,1,59039
2026-10-04,SW-FIT-3,Jayanagar,1,8549
2026-10-04,TEL-XIA-127,Jayanagar,1,17479
2026-10-04,TEL-XIA-132,Jayanagar,2,102219
2026-10-04,TEL-XIA-136,Jayanagar,1,54899
2026-10-04,TV-55Q7,Jayanagar,1,56040
2026-10-04,WAS-BOS-165,Jayanagar,2,40184
2026-10-04,WAS-IFB-153,Jayanagar,1,22499
2026-10-04,WAS-IFB-157,Jayanagar,1,33499
2026-10-04,WAS-IFB-162,Jayanagar,1,15864
2026-10-04,WAS-LG-160,Jayanagar,1,40199
2026-10-04,WM-FL-8KG,Jayanagar,1,36990
2026-10-04,ACC-ANK-232,Koramangala,2,2599
2026-10-04,ACC-ANK-233,Koramangala,2,3399
2026-10-04,ACC-BEL-231,Koramangala,2,474
2026-10-04,ACC-BEL-234,Koramangala,1,1499
2026-10-04,ACC-POR-241,Koramangala,1,1599
2026-10-04,AIR-BLU-167,Koramangala,2,61599
2026-10-04,AIR-LG-175,Koramangala,1,45799
2026-10-04,CAM-CAN-213,Koramangala,1,59599
2026-10-04,CAM-NIK-209,Koramangala,1,68599
2026-10-04,CAM-NIK-217,Koramangala,1,59199
2026-10-04,GAM-MIC-223,Koramangala,1,43559
2026-10-04,GAM-MIC-225,Koramangala,4,52399
2026-10-04,GAM-MIC-227,Koramangala,1,44899
2026-10-04,GAM-NIN-220,Koramangala,2,43599
2026-10-04,GAM-NIN-226,Koramangala,1,34099
2026-10-04,GAM-SON-219,Koramangala,1,46259
2026-10-04,HEA-BOA-191,Koramangala,2,22499
2026-10-04,HEA-BOS-186,Koramangala,2,16099
2026-10-04,HEA-SON-188,Koramangala,1,4599
2026-10-04,LAP-ACE-118,Koramangala,4,52199
2026-10-04,LAP-DEL-121,Koramangala,2,64299
2026-10-04,LAP-DEL-123,Koramangala,3,99899
2026-10-04,LAP-HP-114,Koramangala,1,45899
2026-10-04,REF-GOD-140,Koramangala,2,30099
2026-10-04,REF-GOD-143,Koramangala,2,51299
2026-10-04,REF-GOD-146,Koramangala,1,34399
2026-10-04,REF-GOD-148,Koramangala,1,65799
2026-10-04,REF-WHI-145,Koramangala,2,54149
2026-10-04,SMA-APP-199,Koramangala,3,37049
2026-10-04,SMA-NOI-194,Koramangala,3,3419
2026-10-04,SMA-ONE-103,Koramangala,1,28499
2026-10-04,SMA-ONE-107,Koramangala,1,59849
2026-10-04,SMA-SAM-108,Koramangala,1,55199
2026-10-04,SMA-SAM-113,Koramangala,2,51199
2026-10-04,SMA-SAM-193,Koramangala,2,10924
2026-10-04,SMA-XIA-104,Koramangala,1,72699
2026-10-04,SMA-XIA-111,Koramangala,1,59039
2026-10-04,TEL-LG-138,Koramangala,1,90699
2026-10-04,TEL-TCL-131,Koramangala,3,38799
2026-10-04,TEL-XIA-127,Koramangala,1,17479
2026-10-04,TEL-XIA-132,Koramangala,4,107599
2026-10-04,TEL-XIA-134,Koramangala,1,119999
2026-10-04,TEL-XIA-136,Koramangala,1,49409
2026-10-04,TV-55Q7,Koramangala,2,58990
2026-10-04,WAS-IFB-157,Koramangala,1,30149
2026-10-04,WAS-WHI-164,Koramangala,1,17099
2026-10-04,WM-FL-8KG,Koramangala,1,33291
2026-10-04,ACC-ANK-233,Malleshwaram,1,3399
2026-10-04,ACC-MI-243,Malleshwaram,1,2599
2026-10-04,ACC-POR-241,Malleshwaram,1,1439
2026-10-04,AIR-BLU-167,Malleshwaram,1,61599
2026-10-04,AIR-BLU-178,Malleshwaram,1,37239
2026-10-04,AIR-DAI-176,Malleshwaram,1,42299
2026-10-04,AIR-LG-166,Malleshwaram,1,50499
2026-10-04,AIR-LG-168,Malleshwaram,1,29699
2026-10-04,AIR-LG-169,Malleshwaram,1,32099
2026-10-04,AIR-LG-170,Malleshwaram,3,32399
2026-10-04,AIR-VOL-174,Malleshwaram,2,35434
2026-10-04,CAM-CAN-206,Malleshwaram,4,67199
2026-10-04,CAM-CAN-210,Malleshwaram,1,75509
2026-10-04,CAM-NIK-215,Malleshwaram,1,42799
2026-10-04,CAM-NIK-216,Malleshwaram,1,81889
2026-10-04,CAM-NIK-217,Malleshwaram,1,56239
2026-10-04,CAM-SON-208,Malleshwaram,2,96749
2026-10-04,GAM-MIC-227,Malleshwaram,1,44899
2026-10-04,GAM-SON-221,Malleshwaram,3,43599
2026-10-04,HEA-BOS-190,Malleshwaram,2,28799
2026-10-04,HEA-JBL-184,Malleshwaram,2,23399
2026-10-04,HEA-JBL-187,Malleshwaram,1,23899
2026-10-04,HP-ANC-700,Malleshwaram,2,18990
2026-10-04,LAP-ACE-118,Malleshwaram,1,52199
2026-10-04,LAP-ASU-120,Malleshwaram,4,82199
2026-10-04,LAP-DEL-122,Malleshwaram,1,89679
2026-10-04,LAP-LEN-125,Malleshwaram,2,75714
2026-10-04,REF-GOD-140,Malleshwaram,1,30099
2026-10-04,REF-GOD-146,Malleshwaram,1,34399
2026-10-04,REF-LG-144,Malleshwaram,1,32599
2026-10-04,REF-LG-151,Malleshwaram,1,57499
2026-10-04,REF-WHI-145,Malleshwaram,1,56999
2026-10-04,SMA-APP-110,Malleshwaram,1,25399
2026-10-04,SMA-APP-199,Malleshwaram,1,38999
2026-10-04,SMA-APP-202,Malleshwaram,2,26199
2026-10-04,SMA-NOI-194,Malleshwaram,1,3239
2026-10-04,SMA-ONE-103,Malleshwaram,1,28499
2026-10-04,SMA-ONE-107,Malleshwaram,1,66499
2026-10-04,SMA-SAM-201,Malleshwaram,1,4844
2026-10-04,SMA-VIV-102,Malleshwaram,1,35399
2026-10-04,TEL-SON-135,Malleshwaram,1,44174
2026-10-04,TEL-XIA-127,Malleshwaram,1,18399
2026-10-04,WAS-BOS-158,Malleshwaram,1,32299
2026-10-04,WAS-BOS-165,Malleshwaram,3,40184
2026-10-04,WAS-IFB-159,Malleshwaram,1,31229
2026-10-04,WAS-IFB-162,Malleshwaram,3,16699
2026-10-04,WAS-SAM-156,Malleshwaram,1,27199
2026-10-04,WAS-SAM-163,Malleshwaram,2,41899
2026-10-04,WAS-WHI-161,Malleshwaram,2,17599
2026-10-04,WAS-WHI-164,Malleshwaram,1,15389
2026-10-04,ACC-ANK-233,Whitefield,1,3399
2026-10-04,ACC-BEL-231,Whitefield,1,499
2026-10-04,AIR-LG-168,Whitefield,1,32999
2026-10-04,AIR-LG-169,Whitefield,1,32099
2026-10-04,AIR-VOL-174,Whitefield,1,35434
2026-10-04,AIR-VOL-177,Whitefield,2,30689
2026-10-04,CAM-CAN-214,Whitefield,1,54434
2026-10-04,CAM-NIK-215,Whitefield,1,42799
2026-10-04,GAM-SON-222,Whitefield,1,51964
2026-10-04,HEA-BOS-190,Whitefield,1,25919
2026-10-04,HEA-JBL-184,Whitefield,1,22229
2026-10-04,HEA-JBL-185,Whitefield,1,12599
2026-10-04,HEA-SON-188,Whitefield,1,4369
2026-10-04,LAP-DEL-121,Whitefield,1,64299
2026-10-04,LAP-DEL-124,Whitefield,1,78899
2026-10-04,LAP-HP-119,Whitefield,1,66879
2026-10-04,LAP-LEN-117,Whitefield,1,56049
2026-10-04,LAP-LEN-125,Whitefield,2,75714
2026-10-04,LAP-LEN-126,Whitefield,1,110299
2026-10-04,REF-GOD-140,Whitefield,1,30099
2026-10-04,REF-GOD-146,Whitefield,2,34399
2026-10-04,REF-WHI-145,Whitefield,1,56999
2026-10-04,SMA-APP-109,Whitefield,4,39059
2026-10-04,SMA-APP-110,Whitefield,3,25399
2026-10-04,SMA-APP-198,Whitefield,2,26099
2026-10-04,SMA-APP-202,Whitefield,3,26199
2026-10-04,SMA-NOI-195,Whitefield,2,28799
2026-10-04,SMA-NOI-200,Whitefield,1,30299
2026-10-04,SMA-SAM-112,Whitefield,1,55099
2026-10-04,SMA-SAM-193,Whitefield,1,11499
2026-10-04,TEL-LG-138,Whitefield,1,86164
2026-10-04,TEL-SAM-128,Whitefield,1,113524
2026-10-04,TEL-TCL-129,Whitefield,1,105299
2026-10-04,TEL-XIA-136,Whitefield,1,54899
2026-10-04,WAS-BOS-158,Whitefield,1,32299
2026-10-04,WAS-SAM-163,Whitefield,1,39804
2026-10-04,WAS-WHI-154,Whitefield,4,43559
2026-10-04,WAS-WHI-164,Whitefield,1,17099
2026-10-05,ACC-ANK-237,HSR Layout,1,2609
2026-10-05,ACC-ANK-239,HSR Layout,1,1199
2026-10-05,ACC-BEL-231,HSR Layout,1,449
2026-10-05,ACC-BEL-234,HSR Layout,1,1499
2026-10-05,ACC-MI-243,HSR Layout,1,2599
2026-10-05,ACC-POR-242,HSR Layout,1,1499
2026-10-05,AIR-BLU-173,HSR Layout,1,55399
2026-10-05,AIR-LG-166,HSR Layout,1,50499
2026-10-05,AIR-LG-170,HSR Layout,2,32399
2026-10-05,CAM-CAN-213,HSR Layout,1,59599
2026-10-05,CAM-NIK-209,HSR Layout,1,61739
2026-10-05,CAM-NIK-215,HSR Layout,1,42799
2026-10-05,GAM-MIC-225,HSR Layout,1,52399
2026-10-05,GAM-NIN-224,HSR Layout,1,31199
2026-10-05,GAM-NIN-226,HSR Layout,1,30689
2026-10-05,GAM-NIN-228,HSR Layout,4,49799
2026-10-05,GAM-SON-219,HSR Layout,1,48829
2026-10-05,HEA-BOS-190,HSR Layout,2,25919
2026-10-05,LAP-HP-119,HSR Layout,3,63359
2026-10-05,REF-LG-144,HSR Layout,2,32599
2026-10-05,REF-LG-152,HSR Layout,1,75799
2026-10-05,REF-SAM-147,HSR Layout,1,45199
2026-10-05,SMA-AMA-192,HSR Layout,1,40299
2026-10-05,SMA-APP-204,HSR Layout,2,40374
2026-10-05,SMA-NOI-195,HSR Layout,1,25919
2026-10-05,SMA-NOI-200,HSR Layout,1,30299
2026-10-05,SMA-ONE-103,HSR Layout,1,28499
2026-10-05,SMA-XIA-104,HSR Layout,1,72699
2026-10-05,SMA-XIA-111,HSR Layout,2,65599
2026-10-05,SW-FIT-3,HSR Layout,6,8999
2026-10-05,TV-55Q7,HSR Layout,3,58990
2026-10-05,WAS-LG-160,HSR Layout,1,36179
2026-10-05,WAS-WHI-154,HSR Layout,1,48399
2026-10-05,ACC-ANK-232,Indiranagar,2,2339
2026-10-05,ACC-ANK-233,Indiranagar,1,3399
2026-10-05,ACC-ANK-237,Indiranagar,3,2754
2026-10-05,ACC-ANK-239,Indiranagar,1,1199
2026-10-05,ACC-BEL-238,Indiranagar,1,2879
2026-10-05,ACC-MI-243,Indiranagar,1,2339
2026-10-05,ACC-POR-241,Indiranagar,1,1599
2026-10-05,ACC-POR-242,Indiranagar,1,1499
2026-10-05,CAM-CAN-213,Indiranagar,1,59599
2026-10-05,CAM-NIK-209,Indiranagar,1,61739
2026-10-05,GAM-MIC-225,Indiranagar,1,47159
2026-10-05,GAM-MIC-227,Indiranagar,1,42654
2026-10-05,GAM-NIN-220,Indiranagar,1,43599
2026-10-05,GAM-NIN-224,Indiranagar,1,31199
2026-10-05,GAM-SON-221,Indiranagar,1,41419
2026-10-05,GAM-SON-222,Indiranagar,1,49229
2026-10-05,HEA-BOA-189,Indiranagar,2,19169
2026-10-05,HEA-JBL-180,Indiranagar,1,20099
2026-10-05,HEA-JBL-185,Indiranagar,1,11339
2026-10-05,HEA-JBL-187,Indiranagar,1,23899
2026-10-05,HEA-SON-179,Indiranagar,1,6599
2026-10-05,HP-ANC-700,Indiranagar,4,19990
2026-10-05,LAP-DEL-122,Indiranagar,1,94399
2026-10-05,LAP-LEN-126,Indiranagar,2,99269
2026-10-05,REF-GOD-140,Indiranagar,1,30099
2026-10-05,REF-GOD-143,Indiranagar,1,46169
2026-10-05,SMA-AMA-203,Indiranagar,2,12899
2026-10-05,SMA-APP-199,Indiranagar,1,37049
2026-10-05,SMA-NOI-197,Indiranagar,1,7979
2026-10-05,SMA-ONE-103,Indiranagar,1,28499
2026-10-05,SMA-SAM-112,Indiranagar,1,49589
2026-10-05,SMA-SAM-113,Indiranagar,1,46079
2026-10-05,SMA-SAM-196,Indiranagar,1,17099
2026-10-05,SMA-SAM-201,Indiranagar,1,4589
2026-10-05,SMA-XIA-111,Indiranagar,1,59039
2026-10-05,TEL-SAM-128,Indiranagar,1,119499
2026-10-05,TEL-XIA-132,Indiranagar,3,107599
2026-10-05,TV-55Q7,Indiranagar,2,53091
2026-10-05,WAS-IFB-159,Indiranagar,1,31229
2026-10-05,WAS-WHI-161,Indiranagar,1,16719
2026-10-05,ACC-ANK-232,Jayanagar,2,2469
2026-10-05,ACC-MI-243,Jayanagar,1,2599
2026-10-05,ACC-POR-235,Jayanagar,1,599
2026-10-05,ACC-POR-241,Jayanagar,2,1599
2026-10-05,ACC-POR-242,Jayanagar,2,1499
2026-10-05,AIR-LG-170,Jayanagar,1,32399
2026-10-05,AIR-VOL-174,Jayanagar,1,33569
2026-10-05,CAM-NIK-216,Jayanagar,1,77579
2026-10-05,CAM-SON-208,Jayanagar,1,102124
2026-10-05,GAM-MIC-227,Jayanagar,1,44899
2026-10-05,GAM-NIN-229,Jayanagar,2,50199
2026-10-05,GAM-SON-219,Jayanagar,1,51399
2026-10-05,LAP-ACE-118,Jayanagar,1,52199
2026-10-05,LAP-DEL-115,Jayanagar,1,112999
2026-10-05,LAP-DEL-124,Jayanagar,1,74954
2026-10-05,LAP-HP-119,Jayanagar,1,70399
2026-10-05,LAP-I5-G12,Jayanagar,1,56990
2026-10-05,REF-GOD-143,Jayanagar,1,51299
2026-10-05,REF-LG-152,Jayanagar,2,75799
2026-10-05,REF-WHI-145,Jayanagar,1,54149
2026-10-05,SMA-APP-204,Jayanagar,1,42499
2026-10-05,SMA-NOI-195,Jayanagar,1,25919
2026-10-05,SMA-NOI-197,Jayanagar,1,8399
2026-10-05,SMA-ONE-106,Jayanagar,1,80084
2026-10-05,SMA-SAM-108,Jayanagar,1,55199
2026-10-05,SMA-SAM-193,Jayanagar,1,11499
2026-10-05,SMA-XIA-111,Jayanagar,1,65599
2026-10-05,TEL-LG-138,Jayanagar,2,90699
2026-10-05,WAS-IFB-162,Jayanagar,2,15864
2026-10-05,WAS-LG-155,Jayanagar,2,43999
2026-10-05,WAS-LG-160,Jayanagar,1,40199
2026-10-05,WAS-SAM-163,Jayanagar,1,41899
2026-10-05,WAS-WHI-161,Jayanagar,2,15839
2026-10-05,ACC-ANK-233,Koramangala,1,3399
2026-10-05,ACC-BEL-234,Koramangala,1,1499
2026-10-05,ACC-BEL-238,Koramangala,3,3199
2026-10-05,ACC-MI-240,Koramangala,1,3899
2026-10-05,ACC-POR-242,Koramangala,1,1499
2026-10-05,AIR-DAI-172,Koramangala,1,55859
2026-10-05,AIR-VOL-177,Koramangala,1,34099
2026-10-05,CAM-CAN-207,Koramangala,2,91389
2026-10-05,GAM-MIC-218,Koramangala,1,50999
2026-10-05,GAM-MIC-225,Koramangala,3,52399
2026-10-05,GAM-NIN-220,Koramangala,1,41419
2026-10-05,GAM-NIN-226,Koramangala,1,34099
2026-10-05,GAM-NIN-228,Koramangala,2,49799
2026-10-05,GAM-SON-222,Koramangala,1,54699
2026-10-05,HEA-BOA-183,Koramangala,1,4409
2026-10-05,LAP-ASU-120,Koramangala,1,82199
2026-10-05,LAP-HP-114,Koramangala,2,45899
2026-10-05,LAP-I5-G12,Koramangala,1,56990
2026-10-05,LAP-LEN-116,Koramangala,1,85879
2026-10-05,REF-GOD-143,Koramangala,2,46169
2026-10-05,REF-GOD-146,Koramangala,1,34399
2026-10-05,REF-LG-149,Koramangala,1,27699
2026-10-05,REF-LG-151,Koramangala,1,51749
2026-10-05,REF-WHI-145,Koramangala,1,56999
2026-10-05,SMA-AMA-203,Koramangala,1,12899
2026-10-05,SMA-NOI-194,Koramangala,1,3599
2026-10-05,SMA-NOI-197,Koramangala,1,8399
2026-10-05,SMA-SAM-108,Koramangala,1,55199
2026-10-05,SMA-SAM-193,Koramangala,3,11499
2026-10-05,TEL-LG-138,Koramangala,2,86164
2026-10-05,TEL-TCL-129,Koramangala,1,111149
2026-10-05,TEL-XIA-127,Koramangala,1,18399
2026-10-05,TEL-XIA-132,Koramangala,2,107599
2026-10-05,TV-55Q7,Koramangala,3,58990
2026-10-05,WAS-IFB-157,Koramangala,1,31824
2026-10-05,WAS-IFB-159,Koramangala,1,34699
2026-10-05,WAS-WHI-164,Koramangala,3,15389
2026-10-05,ACC-BEL-231,Malleshwaram,1,499
2026-10-05,AIR-BLU-178,Malleshwaram,1,35279
2026-10-05,AIR-LG-170,Malleshwaram,2,29159
2026-10-05,CAM-CAN-206,Malleshwaram,5,67199
2026-10-05,CAM-NIK-215,Malleshwaram,2,42799
2026-10-05,CAM-NIK-216,Malleshwaram,1,86199
2026-10-05,CAM-SON-208,Malleshwaram,1,107499
2026-10-05,GAM-MIC-225,Malleshwaram,1,52399
2026-10-05,GAM-MIC-227,Malleshwaram,1,44899
2026-10-05,GAM-NIN-229,Malleshwaram,2,50199
2026-10-05,GAM-SON-219,Malleshwaram,1,51399
2026-10-05,HEA-BOA-183,Malleshwaram,1,4899
2026-10-05,HEA-JBL-180,Malleshwaram,1,19094
2026-10-05,HEA-JBL-184,Malleshwaram,1,23399
2026-10-05,HEA-JBL-187,Malleshwaram,1,23899
2026-10-05,HP-ANC-700,Malleshwaram,1,17991
2026-10-05,LAP-ACE-118,Malleshwaram,2,52199
2026-10-05,LAP-DEL-123,Malleshwaram,3,94904
2026-10-05,REF-GOD-140,Malleshwaram,1,27089
2026-10-05,REF-GOD-142,Malleshwaram,1,42199
2026-10-05,REF-GOD-143,Malleshwaram,1,51299
2026-10-05,REF-GOD-148,Malleshwaram,2,59219
2026-10-05,REF-LG-151,Malleshwaram,1,57499
2026-10-05,REF-LG-152,Malleshwaram,1,75799
2026-10-05,REF-WHI-145,Malleshwaram,2,51299
2026-10-05,SMA-APP-199,Malleshwaram,1,38999
2026-10-05,SMA-APP-202,Malleshwaram,1,26199
2026-10-05,SMA-NOI-194,Malleshwaram,1,3599
2026-10-05,SMA-SAM-201,Malleshwaram,1,5099
2026-10-05,SMA-VIV-102,Malleshwaram,1,35399
2026-10-05,TEL-TCL-131,Malleshwaram,1,34919
2026-10-05,WAS-BOS-165,Malleshwaram,2,42299
2026-10-05,WAS-IFB-159,Malleshwaram,1,31229
2026-10-05,ACC-BEL-231,Whitefield,1,499
2026-10-05,ACC-POR-236,Whitefield,1,499
2026-10-05,AIR-LG-169,Whitefield,2,32099
2026-10-05,AIR-LG-171,Whitefield,1,57699
2026-10-05,CAM-CAN-214,Whitefield,1,54434
2026-10-05,CAM-NIK-215,Whitefield,1,42799
2026-10-05,GAM-MIC-223,Whitefield,1,43559
2026-10-05,GAM-MIC-227,Whitefield,1,44899
2026-10-05,GAM-SON-219,Whitefield,3,51399
2026-10-05,GAM-SON-222,Whitefield,1,54699
2026-10-05,HEA-BOS-181,Whitefield,1,9899
2026-10-05,HEA-JBL-180,Whitefield,1,18089
2026-10-05,HEA-JBL-187,Whitefield,1,22704
2026-10-05,LAP-ACE-118,Whitefield,1,52199
2026-10-05,LAP-DEL-124,Whitefield,1,71009
2026-10-05,REF-GOD-146,Whitefield,1,34399
2026-10-05,REF-LG-144,Whitefield,1,30969
2026-10-05,REF-LG-149,Whitefield,1,26314
2026-10-05,REF-SAM-147,Whitefield,1,45199
2026-10-05,SMA-APP-109,Whitefield,2,43399
2026-10-05,SMA-APP-110,Whitefield,1,25399
2026-10-05,SMA-APP-202,Whitefield,2,23579
2026-10-05,SMA-APP-204,Whitefield,3,38249
2026-10-05,SMA-NOI-195,Whitefield,2,25919
2026-10-05,SMA-SAM-101,Whitefield,1,41939
2026-10-05,SMA-XIA-104,Whitefield,2,65429
2026-10-05,TEL-LG-138,Whitefield,1,90699
2026-10-05,TEL-SON-135,Whitefield,1,46499
2026-10-05,TEL-SON-139,Whitefield,1,65969
2026-10-05,TEL-XIA-127,Whitefield,1,18399
2026-10-05,TEL-XIA-132,Whitefield,1,107599
2026-10-05,TV-55Q7,Whitefield,2,56040
2026-10-05,WAS-IFB-153,Whitefield,1,22499
2026-10-05,WAS-LG-155,Whitefield,1,39599
2026-10-05,WAS-WHI-161,Whitefield,1,17599
2026-10-05,WAS-WHI-164,Whitefield,1,17099
2026-10-05,WM-FL-8KG,Whitefield,1,33291
2026-10-06,ACC-BEL-234,HSR Layout,1,1499
2026-10-06,ACC-POR-242,HSR Layout,1,1424
2026-10-06,AIR-BLU-173,HSR Layout,1,55399
2026-10-06,CAM-CAN-206,HSR Layout,1,67199
2026-10-06,CAM-NIK-216,HSR Layout,1,81889
2026-10-06,CAM-SON-205,HSR Layout,1,57599
2026-10-06,GAM-NIN-228,HSR Layout,3,44819
2026-10-06,HEA-JBL-182,HSR Layout,1,24899
2026-10-06,LAP-DEL-124,HSR Layout,1,78899
2026-10-06,LAP-LEN-125,HSR Layout,1,79699
2026-10-06,REF-GOD-146,HSR Layout,1,34399
2026-10-06,REF-GOD-148,HSR Layout,1,65799
2026-10-06,SMA-APP-109,HSR Layout,1,39059
2026-10-06,SMA-NOI-194,HSR Layout,3,3599
2026-10-06,SMA-ONE-107,HSR Layout,1,66499
2026-10-06,SMA-SAM-101,HSR Layout,1,46599
2026-10-06,SMA-XIA-104,HSR Layout,1,72699
2026-10-06,SMA-XIA-111,HSR Layout,1,62319
2026-10-06,SW-FIT-3,HSR Layout,1,8549
2026-10-06,TEL-SON-130,HSR Layout,1,53099
2026-10-06,TEL-TCL-131,HSR Layout,1,38799
2026-10-06,TEL-TCL-137,HSR Layout,1,87029
2026-10-06,TEL-XIA-132,HSR Layout,1,107599
2026-10-06,TEL-XIA-136,HSR Layout,4,49409
2026-10-06,WAS-BOS-158,HSR Layout,1,33999
2026-10-06,WAS-WHI-154,HSR Layout,2,48399
2026-10-06,WAS-WHI-161,HSR Layout,1,17599
2026-10-06,WAS-WHI-164,HSR Layout,2,17099
2026-10-06,ACC-ANK-232,Indiranagar,1,2469
2026-10-06,ACC-ANK-237,Indiranagar,1,2899
2026-10-06,ACC-BEL-231,Indiranagar,1,499
2026-10-06,ACC-POR-235,Indiranagar,1,539
2026-10-06,ACC-POR-241,Indiranagar,1,1519
2026-10-06,AIR-DAI-172,Indiranagar,2,55859
2026-10-06,AIR-LG-166,Indiranagar,1,47974
2026-10-06,AIR-LG-170,Indiranagar,2,32399
2026-10-06,CAM-CAN-207,Indiranagar,1,96199
2026-10-06,CAM-CAN-213,Indiranagar,1,59599
2026-10-06,CAM-NIK-209,Indiranagar,1,61739
2026-10-06,CAM-SON-205,Indiranagar,2,57599
2026-10-06,GAM-MIC-230,Indiranagar,1,27269
2026-10-06,GAM-NIN-220,Indiranagar,2,43599
2026-10-06,GAM-NIN-226,Indiranagar,1,30689
2026-10-06,GAM-NIN-229,Indiranagar,1,50199
2026-10-06,HEA-BOA-189,Indiranagar,1,21299
2026-10-06,HEA-BOS-181,Indiranagar,3,9404
2026-10-06,HP-ANC-700,Indiranagar,3,17991
2026-10-06,LAP-HP-114,Indiranagar,1,45899
2026-10-06,REF-LG-152,Indiranagar,2,68219
2026-10-06,SMA-AMA-192,Indiranagar,2,40299
2026-10-06,SMA-APP-199,Indiranagar,2,35099
2026-10-06,SMA-NOI-194,Indiranagar,3,3239
2026-10-06,SMA-SAM-101,Indiranagar,1,46599
2026-10-06,SMA-SAM-196,Indiranagar,2,18999
2026-10-06,SMA-XIA-111,Indiranagar,1,65599
2026-10-06,TEL-XIA-136,Indiranagar,2,52154
2026-10-06,WAS-BOS-165,Indiranagar,1,40184
2026-10-06,WAS-LG-160,Indiranagar,2,36179
2026-10-06,WAS-WHI-164,Indiranagar,1,17099
2026-10-06,ACC-MI-240,Jayanagar,2,3899
2026-10-06,ACC-POR-235,Jayanagar,1,539
2026-10-06,ACC-POR-236,Jayanagar,1,499
2026-10-06,ACC-POR-242,Jayanagar,1,1349
2026-10-06,AIR-DAI-176,Jayanagar,1,46999
2026-10-06,AIR-LG-166,Jayanagar,1,50499
2026-10-06,CAM-CAN-206,Jayanagar,1,67199
2026-10-06,HEA-BOA-189,Jayanagar,1,19169
2026-10-06,HEA-BOA-191,Jayanagar,1,24999
2026-10-06,HEA-BOS-181,Jayanagar,2,9899
2026-10-06,HEA-BOS-186,Jayanagar,1,15294
2026-10-06,HEA-JBL-182,Jayanagar,1,24899
2026-10-06,LAP-DEL-122,Jayanagar,1,84959
2026-10-06,LAP-DEL-124,Jayanagar,2,74954
2026-10-06,LAP-LEN-116,Jayanagar,1,85879
2026-10-06,LAP-LEN-125,Jayanagar,1,75714
2026-10-06,LAP-LEN-126,Jayanagar,1,110299
2026-10-06,REF-GOD-140,Jayanagar,2,28594
2026-10-06,REF-GOD-142,Jayanagar,1,42199
2026-10-06,REF-LG-141,Jayanagar,2,84899
2026-10-06,REF-LG-149,Jayanagar,1,24929
2026-10-06,REF-LG-150,Jayanagar,1,49399
2026-10-06,REF-LG-152,Jayanagar,1,75799
2026-10-06,REF-WHI-145,Jayanagar,1,56999
2026-10-06,SMA-APP-199,Jayanagar,1,38999
2026-10-06,SMA-SAM-108,Jayanagar,1,52439
2026-10-06,SMA-SAM-113,Jayanagar,2,51199
2026-10-06,SMA-SAM-193,Jayanagar,1,11499
2026-10-06,SMA-XIA-111,Jayanagar,1,65599
2026-10-06,TEL-LG-138,Jayanagar,1,90699
2026-10-06,TEL-SAM-133,Jayanagar,1,46454
2026-10-06,TV-65U8,Jayanagar,1,58491
2026-10-06,WAS-IFB-153,Jayanagar,1,22499
2026-10-06,WAS-IFB-162,Jayanagar,1,15029
2026-10-06,WAS-LG-160,Jayanagar,1,40199
2026-10-06,WAS-SAM-156,Jayanagar,1,24479
2026-10-06,WAS-SAM-163,Jayanagar,1,37709
2026-10-06,WM-FL-8KG,Jayanagar,2,36990
2026-10-06,ACC-BEL-234,Koramangala,1,1349
2026-10-06,ACC-POR-236,Koramangala,2,499
2026-10-06,AIR-BLU-167,Koramangala,6,55439
2026-10-06,AIR-LG-166,Koramangala,2,47974
2026-10-06,AIR-LG-171,Koramangala,1,57699
2026-10-06,AIR-VOL-177,Koramangala,1,34099
2026-10-06,CAM-CAN-207,Koramangala,1,86579
2026-10-06,CAM-CAN-210,Koramangala,1,83899
2026-10-06,CAM-CAN-213,Koramangala,1,59599
2026-10-06,CAM-NIK-211,Koramangala,1,105599
2026-10-06,CAM-NIK-215,Koramangala,1,42799
2026-10-06,CAM-SON-208,Koramangala,1,107499
2026-10-06,GAM-MIC-218,Koramangala,1,48449
2026-10-06,GAM-MIC-225,Koramangala,1,47159
2026-10-06,GAM-NIN-220,Koramangala,1,39239
2026-10-06,GAM-NIN-228,Koramangala,1,49799
2026-10-06,GAM-SON-219,Koramangala,2,46259
2026-10-06,GAM-SON-221,Koramangala,1,43599
2026-10-06,GAM-SON-222,Koramangala,1,49229
2026-10-06,HEA-BOA-189,Koramangala,1,21299
2026-10-06,HEA-BOA-191,Koramangala,1,24999
2026-10-06,HEA-BOS-181,Koramangala,1,9899
2026-10-06,HEA-JBL-184,Koramangala,1,21059
2026-10-06,HEA-SON-188,Koramangala,1,4599
2026-10-06,LAP-ACE-118,Koramangala,4,46979
2026-10-06,LAP-DEL-124,Koramangala,1,78899
2026-10-06,LAP-HP-114,Koramangala,1,45899
2026-10-06,LAP-HP-119,Koramangala,1,63359
2026-10-06,REF-DD-190,Koramangala,1,14715
2026-10-06,REF-GOD-140,Koramangala,1,27089
2026-10-06,REF-GOD-143,Koramangala,2,48734
2026-10-06,REF-GOD-148,Koramangala,1,65799
2026-10-06,REF-LG-141,Koramangala,1,84899
2026-10-06,REF-LG-144,Koramangala,1,32599
2026-10-06,REF-LG-149,Koramangala,1,27699
2026-10-06,REF-SAM-147,Koramangala,1,40679
2026-10-06,SMA-AMA-192,Koramangala,1,36269
2026-10-06,SMA-AMA-203,Koramangala,1,12899
2026-10-06,SMA-APP-199,Koramangala,1,37049
2026-10-06,SMA-NOI-194,Koramangala,3,3599
2026-10-06,SMA-NOI-195,Koramangala,1,28799
2026-10-06,SMA-NOI-197,Koramangala,1,8399
2026-10-06,SMA-ONE-103,Koramangala,1,28499
2026-10-06,SMA-ONE-106,Koramangala,1,75869
2026-10-06,SMA-ONE-107,Koramangala,1,66499
2026-10-06,SMA-SAM-108,Koramangala,1,49679
2026-10-06,SMA-SAM-113,Koramangala,1,51199
2026-10-06,SMA-SAM-193,Koramangala,5,10349
2026-10-06,SW-FIT-3,Koramangala,1,8099
2026-10-06,TEL-SAM-133,Koramangala,1,48899
2026-10-06,TEL-SON-135,Koramangala,1,41849
2026-10-06,TEL-TCL-131,Koramangala,2,34919
2026-10-06,TEL-XIA-136,Koramangala,1,49409
2026-10-06,TV-55Q7,Koramangala,1,53091
2026-10-06,WAS-BOS-165,Koramangala,1,42299
2026-10-06,WM-FL-8KG,Koramangala,1,35140
2026-10-06,ACC-MI-240,Malleshwaram,1,3899
2026-10-06,ACC-MI-243,Malleshwaram,3,2339
2026-10-06,ACC-POR-235,Malleshwaram,1,599
2026-10-06,AIR-DAI-172,Malleshwaram,1,58799
2026-10-06,AIR-DAI-176,Malleshwaram,5,46999
2026-10-06,AIR-LG-168,Malleshwaram,2,31349
2026-10-06,AIR-LG-169,Malleshwaram,1,32099
2026-10-06,AIR-LG-170,Malleshwaram,1,30779
2026-10-06,AIR-LG-171,Malleshwaram,1,57699
2026-10-06,AIR-VOL-174,Malleshwaram,3,33569
2026-10-06,CAM-CAN-206,Malleshwaram,1,60479
2026-10-06,CAM-NIK-217,Malleshwaram,1,59199
2026-10-06,GAM-NIN-224,Malleshwaram,1,31199
2026-10-06,GAM-NIN-229,Malleshwaram,1,50199
2026-10-06,GAM-SON-221,Malleshwaram,2,39239
2026-10-06,HEA-BOA-191,Malleshwaram,1,24999
2026-10-06,HEA-JBL-180,Malleshwaram,2,18089
2026-10-06,HEA-JBL-185,Malleshwaram,1,11969
2026-10-06,HEA-SON-179,Malleshwaram,1,6599
2026-10-06,HP-ANC-700,Malleshwaram,1,19990
2026-10-06,LAP-ACE-118,Malleshwaram,2,52199
2026-10-06,LAP-ASU-120,Malleshwaram,3,82199
2026-10-06,LAP-DEL-121,Malleshwaram,1,64299
2026-10-06,LAP-DEL-122,Malleshwaram,1,94399
2026-10-06,LAP-DEL-123,Malleshwaram,1,99899
2026-10-06,LAP-HP-114,Malleshwaram,1,45899
2026-10-06,LAP-HP-119,Malleshwaram,2,66879
2026-10-06,LAP-LEN-116,Malleshwaram,1,90399
2026-10-06,LAP-LEN-126,Malleshwaram,1,110299
2026-10-06,REF-LG-144,Malleshwaram,1,32599
2026-10-06,REF-LG-149,Malleshwaram,1,26314
2026-10-06,REF-LG-152,Malleshwaram,1,68219
2026-10-06,SMA-APP-198,Malleshwaram,1,24794
2026-10-06,SMA-APP-204,Malleshwaram,1,42499
2026-10-06,SMA-NOI-194,Malleshwaram,1,3599
2026-10-06,SMA-NOI-197,Malleshwaram,1,8399
2026-10-06,SMA-ONE-106,Malleshwaram,1,84299
2026-10-06,SMA-VIV-102,Malleshwaram,1,31859
2026-10-06,TEL-SAM-133,Malleshwaram,1,48899
2026-10-06,TEL-SON-135,Malleshwaram,1,46499
2026-10-06,TEL-SON-139,Malleshwaram,2,69634
2026-10-06,TEL-XIA-134,Malleshwaram,1,113999
2026-10-06,WAS-BOS-165,Malleshwaram,1,42299
2026-10-06,WAS-IFB-159,Malleshwaram,1,34699
2026-10-06,WAS-IFB-162,Malleshwaram,1,16699
2026-10-06,WAS-LG-160,Malleshwaram,1,36179
2026-10-06,WAS-SAM-156,Malleshwaram,3,24479
2026-10-06,WAS-SAM-163,Malleshwaram,1,41899
2026-10-06,ACC-ANK-237,Whitefield,2,2899
2026-10-06,ACC-BEL-231,Whitefield,1,499
2026-10-06,ACC-POR-241,Whitefield,1,1599
2026-10-06,AIR-LG-171,Whitefield,2,51929
2026-10-06,CAM-CAN-206,Whitefield,1,63839
2026-10-06,CAM-CAN-207,Whitefield,1,96199
2026-10-06,CAM-NIK-211,Whitefield,1,105599
2026-10-06,CAM-SON-208,Whitefield,1,107499
2026-10-06,GAM-MIC-227,Whitefield,1,42654
2026-10-06,GAM-NIN-224,Whitefield,1,28079
2026-10-06,GAM-NIN-228,Whitefield,2,49799
2026-10-06,GAM-SON-219,Whitefield,1,46259
2026-10-06,HEA-BOA-189,Whitefield,1,20234
2026-10-06,HEA-BOS-181,Whitefield,2,9899
2026-10-06,HEA-JBL-182,Whitefield,1,24899
2026-10-06,HEA-JBL-185,Whitefield,1,12599
2026-10-06,HEA-JBL-187,Whitefield,1,22704
2026-10-06,HEA-SON-188,Whitefield,2,4139
2026-10-06,LAP-ASU-120,Whitefield,2,82199
2026-10-06,LAP-DEL-121,Whitefield,1,57869
2026-10-06,LAP-DEL-124,Whitefield,2,78899
2026-10-06,LAP-I5-G12,Whitefield,1,56990
2026-10-06,LAP-LEN-125,Whitefield,3,79699
2026-10-06,LAP-LEN-126,Whitefield,2,110299
2026-10-06,REF-SAM-147,Whitefield,2,45199
2026-10-06,SMA-APP-109,Whitefield,1,43399
2026-10-06,SMA-APP-198,Whitefield,1,26099
2026-10-06,SMA-APP-199,Whitefield,1,35099
2026-10-06,SMA-APP-202,Whitefield,1,26199
2026-10-06,SMA-NOI-195,Whitefield,2,28799
2026-10-06,SMA-SAM-108,Whitefield,1,49679
2026-10-06,SMA-XIA-104,Whitefield,3,72699
2026-10-06,TEL-LG-138,Whitefield,3,90699
2026-10-06,TV-65U8,Whitefield,1,64990
2026-10-06,WAS-BOS-158,Whitefield,1,33999
2026-10-06,WAS-WHI-154,Whitefield,1,48399
2026-10-07,ACC-POR-236,HSR Layout,1,449
2026-10-07,ACC-POR-241,HSR Layout,1,1599
2026-10-07,ACC-POR-242,HSR Layout,3,1499
2026-10-07,AIR-BLU-167,HSR Layout,1,55439
2026-10-07,AIR-LG-168,HSR Layout,1,29699
2026-10-07,AIR-LG-170,HSR Layout,1,32399
2026-10-07,AIR-VOL-177,HSR Layout,1,34099
2026-10-07,CAM-CAN-213,HSR Layout,1,59599
2026-10-07,CAM-NIK-216,HSR Layout,1,81889
2026-10-07,CAM-SON-205,HSR Layout,2,51839
2026-10-07,GAM-MIC-227,HSR Layout,1,42654
2026-10-07,GAM-NIN-220,HSR Layout,1,43599
2026-10-07,GAM-NIN-228,HSR Layout,2,44819
2026-10-07,HEA-BOA-183,HSR Layout,2,4899
2026-10-07,HEA-BOA-191,HSR Layout,1,24999
2026-10-07,HEA-BOS-181,HSR Layout,1,9899
2026-10-07,HEA-BOS-186,HSR Layout,2,16099
2026-10-07,HEA-BOS-190,HSR Layout,1,28799
2026-10-07,HEA-JBL-182,HSR Layout,2,24899
2026-10-07,HEA-JBL-184,HSR Layout,1,21059
2026-10-07,HEA-SON-179,HSR Layout,1,6269
2026-10-07,HP-ANC-700,HSR Layout,1,17991
2026-10-07,LAP-HP-119,HSR Layout,3,70399
2026-10-07,REF-GOD-142,HSR Layout,1,40089
2026-10-07,REF-LG-141,HSR Layout,1,76409
2026-10-07,REF-LG-144,HSR Layout,3,32599
2026-10-07,REF-LG-151,HSR Layout,1,57499
2026-10-07,SMA-AMA-192,HSR Layout,1,38284
2026-10-07,SMA-APP-109,HSR Layout,1,39059
2026-10-07,SMA-APP-199,HSR Layout,1,35099
2026-10-07,SMA-APP-202,HSR Layout,1,23579
2026-10-07,SMA-NOI-194,HSR Layout,1,3599
2026-10-07,SMA-NOI-195,HSR Layout,2,28799
2026-10-07,SMA-SAM-101,HSR Layout,1,41939
2026-10-07,SMA-SAM-112,HSR Layout,1,52344
2026-10-07,SMA-SAM-193,HSR Layout,1,10349
2026-10-07,SMA-XIA-111,HSR Layout,1,65599
2026-10-07,TEL-SON-135,HSR Layout,1,46499
2026-10-07,TEL-TCL-137,HSR Layout,2,87029
2026-10-07,TEL-XIA-132,HSR Layout,2,107599
2026-10-07,TEL-XIA-136,HSR Layout,1,49409
2026-10-07,TV-55Q7,HSR Layout,1,53091
2026-10-07,WAS-IFB-157,HSR Layout,1,31824
2026-10-07,WAS-IFB-159,HSR Layout,1,34699
2026-10-07,WAS-LG-155,HSR Layout,1,43999
2026-10-07,WAS-WHI-164,HSR Layout,1,15389
2026-10-07,WM-FL-8KG,HSR Layout,1,36990
2026-10-07,ACC-ANK-232,Indiranagar,1,2599
2026-10-07,ACC-ANK-233,Indiranagar,1,3399
2026-10-07,ACC-ANK-237,Indiranagar,3,2754
2026-10-07,ACC-MI-243,Indiranagar,1,2599
2026-10-07,ACC-POR-236,Indiranagar,1,474
2026-10-07,ACC-POR-242,Indiranagar,1,1424
2026-10-07,AIR-BLU-173,Indiranagar,1,55399
2026-10-07,AIR-DAI-172,Indiranagar,1,58799
2026-10-07,AIR-LG-166,Indiranagar,1,50499
2026-10-07,AIR-VOL-177,Indiranagar,1,32394
2026-10-07,CAM-CAN-213,Indiranagar,1,59599
2026-10-07,CAM-NIK-211,Indiranagar,1,95039
2026-10-07,CAM-NIK-217,Indiranagar,1,56239
2026-10-07,CAM-SON-208,Indiranagar,1,107499
2026-10-07,GAM-MIC-225,Indiranagar,1,49779
2026-10-07,GAM-MIC-227,Indiranagar,1,42654
2026-10-07,GAM-NIN-226,Indiranagar,1,30689
2026-10-07,GAM-SON-219,Indiranagar,2,51399
2026-10-07,HEA-BOA-189,Indiranagar,1,21299
2026-10-07,HEA-BOS-181,Indiranagar,2,9899
2026-10-07,HEA-JBL-187,Indiranagar,1,22704
2026-10-07,LAP-ACE-118,Indiranagar,3,52199
2026-10-07,LAP-HP-114,Indiranagar,1,45899
2026-10-07,LAP-I5-G12,Indiranagar,1,56990
2026-10-07,REF-LG-151,Indiranagar,1,51749
2026-10-07,SMA-AMA-192,Indiranagar,1,38284
2026-10-07,SMA-APP-199,Indiranagar,1,35099
2026-10-07,SMA-SAM-201,Indiranagar,1,5099
2026-10-07,SMA-XIA-104,Indiranagar,1,72699
2026-10-07,TEL-SON-130,Indiranagar,1,58999
2026-10-07,WAS-IFB-159,Indiranagar,1,32964
2026-10-07,WAS-IFB-162,Indiranagar,1,15029
2026-10-07,WAS-LG-160,Indiranagar,1,40199
2026-10-07,WAS-SAM-163,Indiranagar,1,41899
2026-10-07,AIR-LG-166,Jayanagar,1,47974
2026-10-07,AIR-VOL-174,Jayanagar,1,37299
2026-10-07,AIR-VOL-177,Jayanagar,1,34099
2026-10-07,GAM-MIC-230,Jayanagar,1,30299
2026-10-07,GAM-NIN-220,Jayanagar,2,43599
2026-10-07,GAM-NIN-226,Jayanagar,1,34099
2026-10-07,GAM-NIN-228,Jayanagar,1,49799
2026-10-07,GAM-SON-222,Jayanagar,1,54699
2026-10-07,HEA-BOA-191,Jayanagar,1,23749
2026-10-07,HEA-BOS-181,Jayanagar,1,9899
2026-10-07,HEA-JBL-182,Jayanagar,1,24899
2026-10-07,HEA-SON-179,Jayanagar,1,6599
2026-10-07,LAP-ACE-118,Jayanagar,1,49589
2026-10-07,LAP-ASU-120,Jayanagar,1,73979
2026-10-07,LAP-DEL-115,Jayanagar,1,107349
2026-10-07,LAP-DEL-123,Jayanagar,1,89909
2026-10-07,LAP-DEL-124,Jayanagar,1,74954
2026-10-07,REF-GOD-140,Jayanagar,2,30099
2026-10-07,REF-GOD-142,Jayanagar,1,42199
2026-10-07,REF-GOD-143,Jayanagar,1,51299
2026-10-07,REF-LG-150,Jayanagar,3,49399
2026-10-07,SMA-APP-204,Jayanagar,1,40374
2026-10-07,SMA-ONE-103,Jayanagar,1,25649
2026-10-07,SMA-SAM-112,Jayanagar,1,55099
2026-10-07,TEL-LG-138,Jayanagar,3,90699
2026-10-07,TEL-SAM-128,Jayanagar,1,119499
2026-10-07,TEL-SAM-133,Jayanagar,2,48899
2026-10-07,TEL-TCL-129,Jayanagar,2,116999
2026-10-07,TEL-XIA-132,Jayanagar,1,107599
2026-10-07,TEL-XIA-136,Jayanagar,1,54899
2026-10-07,WAS-IFB-153,Jayanagar,2,22499
2026-10-07,WAS-WHI-161,Jayanagar,1,15839
2026-10-07,ACC-ANK-239,Koramangala,1,1199
2026-10-07,ACC-BEL-234,Koramangala,1,1424
2026-10-07,ACC-BEL-238,Koramangala,2,3039
2026-10-07,ACC-MI-243,Koramangala,1,2599
2026-10-07,ACC-POR-236,Koramangala,2,499
2026-10-07,AIR-BLU-167,Koramangala,1,55439
2026-10-07,AIR-DAI-172,Koramangala,2,55859
2026-10-07,CAM-CAN-213,Koramangala,2,59599
2026-10-07,CAM-NIK-217,Koramangala,2,59199
2026-10-07,GAM-MIC-223,Koramangala,1,48399
2026-10-07,GAM-MIC-225,Koramangala,2,47159
2026-10-07,GAM-NIN-220,Koramangala,1,43599
2026-10-07,GAM-NIN-229,Koramangala,1,50199
2026-10-07,HEA-BOS-181,Koramangala,1,9899
2026-10-07,HEA-JBL-182,Koramangala,1,24899
2026-10-07,HEA-SON-179,Koramangala,1,5939
2026-10-07,LAP-ACE-118,Koramangala,1,52199
2026-10-07,LAP-DEL-121,Koramangala,1,64299
2026-10-07,LAP-DEL-122,Koramangala,1,94399
2026-10-07,LAP-DEL-123,Koramangala,2,89909
2026-10-07,REF-GOD-140,Koramangala,1,30099
2026-10-07,REF-LG-149,Koramangala,3,27699
2026-10-07,REF-LG-150,Koramangala,1,49399
2026-10-07,SMA-AMA-203,Koramangala,1,12254
2026-10-07,SMA-APP-199,Koramangala,1,38999
2026-10-07,SMA-NOI-195,Koramangala,1,28799
2026-10-07,SMA-NOI-197,Koramangala,1,8399
2026-10-07,SMA-ONE-103,Koramangala,1,25649
2026-10-07,SMA-ONE-106,Koramangala,2,75869
2026-10-07,SMA-ONE-107,Koramangala,1,66499
2026-10-07,SMA-SAM-113,Koramangala,1,46079
2026-10-07,SMA-SAM-193,Koramangala,3,11499
2026-10-07,SMA-XIA-111,Koramangala,1,65599
2026-10-07,TEL-LG-138,Koramangala,1,86164
2026-10-07,TEL-XIA-136,Koramangala,1,52154
2026-10-07,TV-55Q7,Koramangala,2,58990
2026-10-07,WAS-BOS-165,Koramangala,2,38069
2026-10-07,WAS-IFB-159,Koramangala,1,34699
2026-10-07,WAS-IFB-162,Koramangala,1,16699
2026-10-07,WM-FL-8KG,Koramangala,2,36990
2026-10-07,ACC-ANK-233,Malleshwaram,1,3229
2026-10-07,ACC-MI-243,Malleshwaram,1,2469
2026-10-07,ACC-POR-241,Malleshwaram,1,1519
2026-10-07,AIR-DAI-172,Malleshwaram,1,52919
2026-10-07,AIR-DAI-176,Malleshwaram,1,46999
2026-10-07,AIR-LG-170,Malleshwaram,3,32399
2026-10-07,AIR-VOL-177,Malleshwaram,1,30689
2026-10-07,CAM-CAN-206,Malleshwaram,4,60479
2026-10-07,CAM-NIK-215,Malleshwaram,1,42799
2026-10-07,HEA-BOA-191,Malleshwaram,1,24999
2026-10-07,HEA-BOS-181,Malleshwaram,1,9404
2026-10-07,HEA-JBL-180,Malleshwaram,2,19094
2026-10-07,HP-ANC-700,Malleshwaram,1,19990
2026-10-07,LAP-ACE-118,Malleshwaram,1,52199
2026-10-07,LAP-ASU-120,Malleshwaram,1,82199
2026-10-07,LAP-DEL-123,Malleshwaram,1,99899
2026-10-07,LAP-HP-114,Malleshwaram,1,45899
2026-10-07,LAP-I5-G12,Malleshwaram,1,56990
2026-10-07,LAP-LEN-116,Malleshwaram,1,90399
2026-10-07,REF-LG-144,Malleshwaram,1,30969
2026-10-07,REF-LG-149,Malleshwaram,1,27699
2026-10-07,REF-LG-151,Malleshwaram,2,51749
2026-10-07,REF-LG-152,Malleshwaram,1,68219
2026-10-07,SMA-NOI-194,Malleshwaram,1,3599
2026-10-07,SMA-ONE-103,Malleshwaram,1,25649
2026-10-07,SMA-ONE-105,Malleshwaram,1,47309
2026-10-07,SMA-ONE-106,Malleshwaram,1,75869
2026-10-07,SMA-SAM-113,Malleshwaram,1,51199
2026-10-07,SMA-VIV-102,Malleshwaram,1,35399
2026-10-07,SMA-XIA-111,Malleshwaram,1,59039
2026-10-07,TEL-SON-130,Malleshwaram,1,56049
2026-10-07,TEL-SON-139,Malleshwaram,1,65969
2026-10-07,TEL-XIA-132,Malleshwaram,1,102219
2026-10-07,TEL-XIA-134,Malleshwaram,1,119999
2026-10-07,TV-55Q7,Malleshwaram,2,58990
2026-10-07,WAS-BOS-165,Malleshwaram,1,38069
2026-10-07,WAS-SAM-156,Malleshwaram,3,25839
2026-10-07,WAS-SAM-163,Malleshwaram,2,37709
2026-10-07,WAS-WHI-161,Malleshwaram,1,17599
2026-10-07,ACC-ANK-237,Whitefield,2,2899
2026-10-07,ACC-MI-243,Whitefield,1,2599
2026-10-07,ACC-POR-241,Whitefield,3,1599
2026-10-07,AIR-BLU-178,Whitefield,1,39199
2026-10-07,AIR-DAI-172,Whitefield,1,58799
2026-10-07,AIR-VOL-177,Whitefield,2,32394
2026-10-07,CAM-NIK-209,Whitefield,1,68599
2026-10-07,CAM-NIK-215,Whitefield,2,40659
2026-10-07,GAM-MIC-227,Whitefield,3,40409
2026-10-07,GAM-NIN-224,Whitefield,1,31199
2026-10-07,GAM-SON-219,Whitefield,3,48829
2026-10-07,GAM-SON-222,Whitefield,1,54699
2026-10-07,HEA-BOA-191,Whitefield,1,24999
2026-10-07,HEA-JBL-180,Whitefield,2,20099
2026-10-07,HEA-JBL-182,Whitefield,1,24899
2026-10-07,HEA-JBL-187,Whitefield,1,21509
2026-10-07,HEA-SON-188,Whitefield,2,4369
2026-10-07,LAP-DEL-123,Whitefield,1,99899
2026-10-07,LAP-DEL-124,Whitefield,1,78899
2026-10-07,REF-GOD-146,Whitefield,5,30959
2026-10-07,REF-LG-149,Whitefield,2,24929
2026-10-07,REF-SAM-147,Whitefield,1,45199
2026-10-07,SMA-AMA-192,Whitefield,1,38284
2026-10-07,SMA-APP-199,Whitefield,1,35099
2026-10-07,SMA-APP-202,Whitefield,2,26199
2026-10-07,SMA-NOI-195,Whitefield,1,28799
2026-10-07,SMA-SAM-101,Whitefield,1,46599
2026-10-07,SMA-VIV-102,Whitefield,1,35399
2026-10-07,TEL-LG-138,Whitefield,1,90699
2026-10-07,TEL-SAM-128,Whitefield,1,113524
2026-10-07,TEL-SON-130,Whitefield,1,58999
2026-10-07,TEL-SON-139,Whitefield,1,73299
2026-10-07,TEL-XIA-127,Whitefield,1,16559
2026-10-07,WAS-LG-160,Whitefield,1,40199
2026-10-07,WAS-SAM-163,Whitefield,1,41899
2026-10-08,ACC-ANK-239,HSR Layout,1,1199
2026-10-08,ACC-BEL-231,HSR Layout,2,474
2026-10-08,ACC-MI-240,HSR Layout,1,3509
2026-10-08,AIR-BLU-173,HSR Layout,1,55399
2026-10-08,AIR-LG-168,HSR Layout,1,31349
2026-10-08,CAM-NIK-215,HSR Layout,1,42799
2026-10-08,GAM-MIC-227,HSR Layout,1,44899
2026-10-08,GAM-NIN-228,HSR Layout,2,49799
2026-10-08,HEA-BOS-190,HSR Layout,1,28799
2026-10-08,HEA-SON-179,HSR Layout,2,6269
2026-10-08,HP-ANC-700,HSR Layout,1,19990
2026-10-08,LAP-DEL-123,HSR Layout,1,99899
2026-10-08,LAP-HP-119,HSR Layout,1,70399
2026-10-08,LAP-I5-G12,HSR Layout,1,56990
2026-10-08,LAP-LEN-116,HSR Layout,1,90399
2026-10-08,LAP-LEN-125,HSR Layout,2,79699
2026-10-08,REF-LG-141,HSR Layout,1,76409
2026-10-08,REF-LG-151,HSR Layout,1,54624
2026-10-08,REF-SAM-147,HSR Layout,1,45199
2026-10-08,SMA-APP-109,HSR Layout,1,39059
2026-10-08,SMA-APP-199,HSR Layout,2,38999
2026-10-08,SMA-NOI-194,HSR Layout,2,3599
2026-10-08,SMA-NOI-195,HSR Layout,1,28799
2026-10-08,SMA-SAM-101,HSR Layout,1,44269
2026-10-08,SMA-SAM-113,HSR Layout,1,48639
2026-10-08,SW-FIT-3,HSR Layout,3,8999
2026-10-08,TEL-SON-130,HSR Layout,1,56049
2026-10-08,TEL-SON-135,HSR Layout,1,46499
2026-10-08,TEL-TCL-129,HSR Layout,1,116999
2026-10-08,TEL-XIA-132,HSR Layout,1,102219
2026-10-08,TEL-XIA-136,HSR Layout,1,52154
2026-10-08,TV-55Q7,HSR Layout,2,56040
2026-10-08,WAS-WHI-154,HSR Layout,1,48399
2026-10-08,WAS-WHI-164,HSR Layout,1,15389
2026-10-08,ACC-ANK-237,Indiranagar,2,2899
2026-10-08,ACC-MI-243,Indiranagar,3,2599
2026-10-08,ACC-POR-241,Indiranagar,1,1599
2026-10-08,GAM-MIC-227,Indiranagar,1,42654
2026-10-08,GAM-NIN-220,Indiranagar,1,39239
2026-10-08,GAM-SON-222,Indiranagar,1,54699
2026-10-08,HEA-BOA-183,Indiranagar,1,4899
2026-10-08,HEA-BOA-189,Indiranagar,2,21299
2026-10-08,HEA-BOS-181,Indiranagar,2,9404
2026-10-08,HEA-JBL-180,Indiranagar,3,20099
2026-10-08,HEA-JBL-185,Indiranagar,1,12599
2026-10-08,HEA-JBL-187,Indiranagar,1,23899
2026-10-08,HEA-SON-179,Indiranagar,1,6599
2026-10-08,HP-ANC-700,Indiranagar,2,19990
2026-10-08,LAP-DEL-122,Indiranagar,1,84959
2026-10-08,LAP-DEL-124,Indiranagar,1,71009
2026-10-08,LAP-LEN-116,Indiranagar,1,81359
2026-10-08,REF-LG-149,Indiranagar,1,27699
2026-10-08,SMA-AMA-203,Indiranagar,1,11609
2026-10-08,SMA-APP-109,Indiranagar,1,39059
2026-10-08,SMA-APP-199,Indiranagar,2,38999
2026-10-08,SMA-APP-204,Indiranagar,1,42499
2026-10-08,SMA-SAM-101,Indiranagar,1,44269
2026-10-08,SMA-SAM-201,Indiranagar,1,5099
2026-10-08,TEL-SAM-128,Indiranagar,1,119499
2026-10-08,TEL-TCL-131,Indiranagar,1,38799
2026-10-08,WAS-IFB-157,Indiranagar,1,33499
2026-10-08,WAS-LG-160,Indiranagar,1,38189
2026-10-08,WAS-WHI-161,Indiranagar,1,17599
2026-10-08,ACC-ANK-232,Jayanagar,2,2599
2026-10-08,ACC-BEL-238,Jayanagar,1,2879
2026-10-08,ACC-POR-235,Jayanagar,1,599
2026-10-08,ACC-POR-242,Jayanagar,1,1424
2026-10-08,AIR-BLU-167,Jayanagar,1,61599
2026-10-08,AIR-BLU-173,Jayanagar,1,49859
2026-10-08,AIR-DAI-176,Jayanagar,1,46999
2026-10-08,AIR-LG-169,Jayanagar,1,28889
2026-10-08,AIR-LG-170,Jayanagar,1,29159
2026-10-08,AIR-VOL-177,Jayanagar,2,30689
2026-10-08,CAM-NIK-216,Jayanagar,2,81889
2026-10-08,CAM-SON-208,Jayanagar,1,107499
2026-10-08,HEA-BOS-181,Jayanagar,1,9899
2026-10-08,HEA-BOS-190,Jayanagar,1,27359
2026-10-08,HEA-JBL-182,Jayanagar,3,24899
2026-10-08,HEA-SON-179,Jayanagar,1,6599
2026-10-08,REF-GOD-143,Jayanagar,1,46169
2026-10-08,REF-GOD-148,Jayanagar,1,62509
2026-10-08,REF-LG-150,Jayanagar,2,49399
2026-10-08,SMA-NOI-195,Jayanagar,1,28799
2026-10-08,SMA-SAM-112,Jayanagar,2,49589
2026-10-08,SMA-SAM-193,Jayanagar,1,11499
2026-10-08,SMA-VIV-102,Jayanagar,1,33629
2026-10-08,TV-55Q7,Jayanagar,1,58990
2026-10-08,WAS-IFB-153,Jayanagar,1,21374
2026-10-08,WAS-IFB-157,Jayanagar,3,33499
2026-10-08,WAS-IFB-162,Jayanagar,1,15029
2026-10-08,WAS-SAM-156,Jayanagar,1,25839
2026-10-08,WAS-SAM-163,Jayanagar,1,37709
2026-10-08,WM-FL-8KG,Jayanagar,1,36990
2026-10-08,ACC-ANK-233,Koramangala,2,3059
2026-10-08,ACC-BEL-238,Koramangala,1,3199
2026-10-08,ACC-POR-236,Koramangala,1,499
2026-10-08,AIR-BLU-167,Koramangala,1,55439
2026-10-08,CAM-CAN-207,Koramangala,1,91389
2026-10-08,CAM-CAN-213,Koramangala,1,59599
2026-10-08,CAM-NIK-209,Koramangala,1,65169
2026-10-08,CAM-NIK-215,Koramangala,1,38519
2026-10-08,GAM-MIC-225,Koramangala,2,52399
2026-10-08,GAM-MIC-230,Koramangala,1,30299
2026-10-08,GAM-NIN-220,Koramangala,1,43599
2026-10-08,GAM-NIN-228,Koramangala,1,44819
2026-10-08,HEA-BOA-189,Koramangala,1,21299
2026-10-08,HEA-BOA-191,Koramangala,1,23749
2026-10-08,HEA-JBL-182,Koramangala,1,24899
2026-10-08,HEA-JBL-187,Koramangala,1,23899
2026-10-08,HEA-SON-188,Koramangala,2,4599
2026-10-08,LAP-ACE-118,Koramangala,1,46979
2026-10-08,LAP-DEL-122,Koramangala,1,94399
2026-10-08,LAP-LEN-116,Koramangala,1,90399
2026-10-08,REF-GOD-142,Koramangala,1,42199
2026-10-08,REF-LG-141,Koramangala,1,80654
2026-10-08,REF-LG-149,Koramangala,1,27699
2026-10-08,REF-SAM-147,Koramangala,1,40679
2026-10-08,REF-WHI-145,Koramangala,1,54149
2026-10-08,SMA-NOI-194,Koramangala,3,3599
2026-10-08,SMA-NOI-200,Koramangala,1,30299
2026-10-08,SMA-ONE-105,Koramangala,1,49799
2026-10-08,SMA-ONE-106,Koramangala,3,84299
2026-10-08,SMA-ONE-107,Koramangala,1,66499
2026-10-08,SMA-SAM-101,Koramangala,1,44269
2026-10-08,SMA-SAM-108,Koramangala,1,55199
2026-10-08,SMA-SAM-193,Koramangala,4,10924
2026-10-08,SW-FIT-3,Koramangala,1,8549
2026-10-08,TEL-LG-138,Koramangala,1,86164
2026-10-08,TEL-XIA-136,Koramangala,1,54899
2026-10-08,TV-55Q7,Koramangala,3,58990
2026-10-08,WAS-IFB-153,Koramangala,2,22499
2026-10-08,WAS-WHI-154,Koramangala,1,43559
2026-10-08,WM-FL-8KG,Koramangala,1,36990
2026-10-08,ACC-ANK-239,Malleshwaram,1,1199
2026-10-08,ACC-POR-241,Malleshwaram,1,1519
2026-10-08,AIR-LG-166,Malleshwaram,1,45449
2026-10-08,AIR-LG-168,Malleshwaram,2,29699
2026-10-08,AIR-LG-170,Malleshwaram,3,29159
2026-10-08,AIR-LG-171,Malleshwaram,1,54814
2026-10-08,AIR-VOL-177,Malleshwaram,1,32394
2026-10-08,CAM-CAN-206,Malleshwaram,2,67199
2026-10-08,CAM-NIK-215,Malleshwaram,2,38519
2026-10-08,GAM-NIN-224,Malleshwaram,2,31199
2026-10-08,GAM-NIN-226,Malleshwaram,1,30689
2026-10-08,GAM-NIN-229,Malleshwaram,3,50199
2026-10-08,GAM-SON-221,Malleshwaram,1,41419
2026-10-08,HEA-BOS-190,Malleshwaram,4,28799
2026-10-08,HEA-JBL-180,Malleshwaram,1,19094
2026-10-08,HEA-JBL-187,Malleshwaram,1,22704
2026-10-08,LAP-ACE-118,Malleshwaram,1,52199
2026-10-08,LAP-DEL-123,Malleshwaram,1,99899
2026-10-08,REF-DD-190,Malleshwaram,1,13941
2026-10-08,REF-GOD-140,Malleshwaram,2,27089
2026-10-08,REF-GOD-142,Malleshwaram,1,42199
2026-10-08,REF-GOD-143,Malleshwaram,2,46169
2026-10-08,REF-LG-149,Malleshwaram,1,24929
2026-10-08,REF-WHI-145,Malleshwaram,1,56999
2026-10-08,SMA-APP-202,Malleshwaram,1,26199
2026-10-08,SMA-NOI-197,Malleshwaram,1,8399
2026-10-08,SMA-ONE-106,Malleshwaram,1,84299
2026-10-08,SMA-SAM-108,Malleshwaram,1,55199
2026-10-08,TEL-SAM-128,Malleshwaram,1,113524
2026-10-08,TEL-SAM-133,Malleshwaram,1,48899
2026-10-08,TEL-SON-135,Malleshwaram,1,41849
2026-10-08,WAS-LG-160,Malleshwaram,1,38189
2026-10-08,WAS-SAM-163,Malleshwaram,2,37709
2026-10-08,WAS-WHI-161,Malleshwaram,2,17599
2026-10-08,ACC-BEL-238,Whitefield,1,2879
2026-10-08,ACC-POR-236,Whitefield,1,449
2026-10-08,ACC-POR-241,Whitefield,1,1599
2026-10-08,AIR-LG-168,Whitefield,1,32999
2026-10-08,AIR-LG-171,Whitefield,1,54814
2026-10-08,AIR-VOL-177,Whitefield,1,34099
2026-10-08,CAM-NIK-209,Whitefield,1,68599
2026-10-08,CAM-SON-208,Whitefield,1,107499
2026-10-08,GAM-MIC-227,Whitefield,3,44899
2026-10-08,GAM-SON-221,Whitefield,1,43599
2026-10-08,HEA-BOA-189,Whitefield,1,21299
2026-10-08,HEA-JBL-187,Whitefield,1,23899
2026-10-08,LAP-ACE-118,Whitefield,1,52199
2026-10-08,LAP-DEL-115,Whitefield,1,107349
2026-10-08,LAP-DEL-121,Whitefield,1,64299
2026-10-08,LAP-DEL-123,Whitefield,1,99899
2026-10-08,LAP-I5-G12,Whitefield,1,54140
2026-10-08,LAP-LEN-116,Whitefield,1,90399
2026-10-08,LAP-LEN-117,Whitefield,1,58999
2026-10-08,LAP-LEN-126,Whitefield,1,110299
2026-10-08,REF-GOD-146,Whitefield,1,34399
2026-10-08,REF-LG-149,Whitefield,2,27699
2026-10-08,SMA-APP-198,Whitefield,1,23489
2026-10-08,SMA-APP-199,Whitefield,1,38999
2026-10-08,SMA-APP-202,Whitefield,1,26199
2026-10-08,SMA-NOI-200,Whitefield,2,27269
2026-10-08,SMA-SAM-101,Whitefield,1,46599
2026-10-08,SMA-SAM-113,Whitefield,2,51199
2026-10-08,SMA-XIA-104,Whitefield,3,69064
2026-10-08,TEL-LG-138,Whitefield,2,90699
2026-10-08,TEL-SAM-128,Whitefield,2,119499
2026-10-08,TEL-SON-135,Whitefield,3,44174
2026-10-08,TEL-SON-139,Whitefield,1,73299
2026-10-08,TEL-TCL-129,Whitefield,1,105299
2026-10-08,TEL-XIA-136,Whitefield,1,52154
2026-10-08,WAS-BOS-158,Whitefield,1,33999
2026-10-08,WAS-IFB-153,Whitefield,2,22499
2026-10-08,WAS-IFB-162,Whitefield,1,16699
2026-10-08,WAS-SAM-156,Whitefield,1,27199
2026-10-08,WAS-WHI-164,Whitefield,1,16244
2026-10-08,WM-FL-8KG,Whitefield,1,36990
2026-10-09,ACC-ANK-239,HSR Layout,3,1199
2026-10-09,ACC-POR-235,HSR Layout,1,599
2026-10-09,ACC-POR-241,HSR Layout,2,1439
2026-10-09,AIR-BLU-167,HSR Layout,2,61599
2026-10-09,AIR-BLU-173,HSR Layout,1,55399
2026-10-09,AIR-DAI-172,HSR Layout,1,52919
2026-10-09,CAM-CAN-213,HSR Layout,2,59599
2026-10-09,CAM-NIK-211,HSR Layout,1,105599
2026-10-09,CAM-NIK-215,HSR Layout,1,42799
2026-10-09,GAM-NIN-228,HSR Layout,1,49799
2026-10-09,GAM-SON-219,HSR Layout,1,46259
2026-10-09,HEA-BOA-183,HSR Layout,1,4899
2026-10-09,HEA-BOA-189,HSR Layout,1,21299
2026-10-09,HEA-BOA-191,HSR Layout,1,22499
2026-10-09,HEA-JBL-182,HSR Layout,3,24899
2026-10-09,HP-ANC-700,HSR Layout,1,19990
2026-10-09,LAP-DEL-115,HSR Layout,1,112999
2026-10-09,LAP-HP-119,HSR Layout,2,66879
2026-10-09,LAP-LEN-116,HSR Layout,1,90399
2026-10-09,REF-GOD-140,HSR Layout,1,30099
2026-10-09,SMA-AMA-203,HSR Layout,1,12899
2026-10-09,SMA-APP-204,HSR Layout,1,40374
2026-10-09,SMA-NOI-197,HSR Layout,1,8399
2026-10-09,SMA-NOI-200,HSR Layout,2,30299
2026-10-09,SMA-SAM-101,HSR Layout,1,46599
2026-10-09,SMA-SAM-112,HSR Layout,1,55099
2026-10-09,TEL-SON-130,HSR Layout,2,56049
2026-10-09,TEL-SON-135,HSR Layout,1,46499
2026-10-09,TEL-TCL-137,HSR Layout,1,96699
2026-10-09,TEL-XIA-127,HSR Layout,1,18399
2026-10-09,TEL-XIA-134,HSR Layout,1,113999
2026-10-09,TEL-XIA-136,HSR Layout,4,52154
2026-10-09,TV-55Q7,HSR Layout,3,58990
2026-10-09,WAS-BOS-165,HSR Layout,1,42299
2026-10-09,WAS-LG-155,HSR Layout,1,43999
2026-10-09,WAS-WHI-154,HSR Layout,1,48399
2026-10-09,ACC-ANK-237,Indiranagar,1,2899
2026-10-09,ACC-POR-242,Indiranagar,1,1499
2026-10-09,AIR-BLU-167,Indiranagar,1,55439
2026-10-09,AIR-BLU-173,Indiranagar,1,55399
2026-10-09,AIR-BLU-178,Indiranagar,1,37239
2026-10-09,AIR-DAI-172,Indiranagar,1,58799
2026-10-09,CAM-CAN-206,Indiranagar,1,67199
2026-10-09,CAM-CAN-213,Indiranagar,1,59599
2026-10-09,CAM-NIK-211,Indiranagar,1,100319
2026-10-09,GAM-MIC-230,Indiranagar,1,27269
2026-10-09,GAM-SON-219,Indiranagar,1,46259
2026-10-09,HEA-BOS-181,Indiranagar,1,9899
2026-10-09,HEA-BOS-190,Indiranagar,1,28799
2026-10-09,HEA-JBL-185,Indiranagar,1,11339
2026-10-09,HEA-JBL-187,Indiranagar,2,22704
2026-10-09,HP-ANC-700,Indiranagar,4,18990
2026-10-09,LAP-ACE-118,Indiranagar,2,52199
2026-10-09,LAP-DEL-115,Indiranagar,1,107349
2026-10-09,LAP-DEL-122,Indiranagar,1,94399
2026-10-09,LAP-LEN-126,Indiranagar,1,104784
2026-10-09,REF-GOD-142,Indiranagar,1,40089
2026-10-09,REF-LG-151,Indiranagar,1,57499
2026-10-09,REF-LG-152,Indiranagar,1,75799
2026-10-09,SMA-AMA-192,Indiranagar,1,38284
2026-10-09,SMA-APP-199,Indiranagar,1,38999
2026-10-09,SMA-NOI-194,Indiranagar,2,3419
2026-10-09,SMA-ONE-103,Indiranagar,1,27074
2026-10-09,SMA-SAM-112,Indiranagar,1,55099
2026-10-09,SMA-SAM-113,Indiranagar,1,51199
2026-10-09,SMA-SAM-201,Indiranagar,1,4589
2026-10-09,SMA-XIA-111,Indiranagar,2,65599
2026-10-09,TEL-SON-139,Indiranagar,1,65969
2026-10-09,TEL-XIA-132,Indiranagar,1,107599
2026-10-09,WAS-BOS-158,Indiranagar,1,33999
2026-10-09,WAS-BOS-165,Indiranagar,1,42299
2026-10-09,WAS-IFB-159,Indiranagar,1,34699
2026-10-09,WAS-LG-160,Indiranagar,1,40199
2026-10-09,WAS-SAM-156,Indiranagar,1,27199
2026-10-09,WAS-SAM-163,Indiranagar,1,41899
2026-10-09,WAS-WHI-161,Indiranagar,2,17599
2026-10-09,ACC-ANK-232,Jayanagar,2,2599
2026-10-09,ACC-MI-240,Jayanagar,1,3704
2026-10-09,ACC-POR-235,Jayanagar,1,599
2026-10-09,ACC-POR-242,Jayanagar,1,1499
2026-10-09,AIR-LG-170,Jayanagar,1,32399
2026-10-09,AIR-VOL-177,Jayanagar,1,30689
2026-10-09,CAM-CAN-206,Jayanagar,1,67199
2026-10-09,CAM-NIK-212,Jayanagar,1,94524
2026-10-09,CAM-NIK-217,Jayanagar,1,59199
2026-10-09,GAM-NIN-220,Jayanagar,2,43599
2026-10-09,HEA-BOA-189,Jayanagar,1,21299
2026-10-09,HEA-BOS-181,Jayanagar,2,9899
2026-10-09,HEA-BOS-190,Jayanagar,1,25919
2026-10-09,HEA-JBL-182,Jayanagar,1,24899
2026-10-09,LAP-ASU-120,Jayanagar,2,73979
2026-10-09,LAP-DEL-115,Jayanagar,1,112999
2026-10-09,LAP-DEL-123,Jayanagar,1,89909
2026-10-09,REF-GOD-140,Jayanagar,1,27089
2026-10-09,REF-GOD-143,Jayanagar,2,51299
2026-10-09,REF-LG-149,Jayanagar,1,27699
2026-10-09,REF-LG-150,Jayanagar,4,49399
2026-10-09,REF-LG-151,Jayanagar,1,57499
2026-10-09,REF-LG-152,Jayanagar,1,75799
2026-10-09,SMA-APP-204,Jayanagar,1,42499
2026-10-09,SMA-NOI-194,Jayanagar,1,3239
2026-10-09,SMA-NOI-195,Jayanagar,1,27359
2026-10-09,SMA-ONE-103,Jayanagar,1,27074
2026-10-09,SMA-ONE-107,Jayanagar,1,66499
2026-10-09,SMA-SAM-108,Jayanagar,3,55199
2026-10-09,SMA-XIA-104,Jayanagar,1,72699
2026-10-09,TEL-SAM-128,Jayanagar,1,107549
2026-10-09,TEL-SAM-133,Jayanagar,1,48899
2026-10-09,WAS-BOS-158,Jayanagar,1,30599
2026-10-09,WAS-BOS-165,Jayanagar,2,42299
2026-10-09,WAS-IFB-157,Jayanagar,1,33499
2026-10-09,WAS-LG-160,Jayanagar,1,40199
2026-10-09,WAS-SAM-156,Jayanagar,1,27199
2026-10-09,WM-FL-8KG,Jayanagar,1,36990
2026-10-09,ACC-BEL-238,Koramangala,1,3199
2026-10-09,ACC-MI-243,Koramangala,1,2599
2026-10-09,ACC-POR-236,Koramangala,1,499
2026-10-09,AIR-BLU-167,Koramangala,1,61599
2026-10-09,AIR-DAI-172,Koramangala,1,58799
2026-10-09,AIR-VOL-177,Koramangala,1,30689
2026-10-09,CAM-CAN-207,Koramangala,1,96199
2026-10-09,GAM-MIC-218,Koramangala,2,45899
2026-10-09,GAM-MIC-225,Koramangala,3,49779
2026-10-09,GAM-NIN-220,Koramangala,3,43599
2026-10-09,GAM-NIN-229,Koramangala,1,47689
2026-10-09,GAM-SON-219,Koramangala,1,51399
2026-10-09,HEA-BOS-181,Koramangala,1,9404
2026-10-09,HEA-BOS-190,Koramangala,1,28799
2026-10-09,HEA-JBL-185,Koramangala,1,12599
2026-10-09,HEA-SON-188,Koramangala,1,4599
2026-10-09,LAP-ACE-118,Koramangala,1,52199
2026-10-09,LAP-DEL-115,Koramangala,1,112999
2026-10-09,LAP-DEL-121,Koramangala,1,61084
2026-10-09,LAP-DEL-123,Koramangala,1,94904
2026-10-09,LAP-LEN-125,Koramangala,1,79699
2026-10-09,LAP-LEN-126,Koramangala,1,110299
2026-10-09,REF-GOD-143,Koramangala,1,51299
2026-10-09,REF-GOD-146,Koramangala,1,32679
2026-10-09,REF-LG-144,Koramangala,1,29339
2026-10-09,REF-LG-152,Koramangala,1,75799
2026-10-09,REF-WHI-145,Koramangala,1,56999
2026-10-09,SMA-ONE-106,Koramangala,1,75869
2026-10-09,SMA-ONE-107,Koramangala,1,59849
2026-10-09,SMA-SAM-113,Koramangala,1,51199
2026-10-09,SMA-SAM-193,Koramangala,1,11499
2026-10-09,TEL-SON-130,Koramangala,1,58999
2026-10-09,TEL-SON-135,Koramangala,1,44174
2026-10-09,TEL-TCL-129,Koramangala,1,116999
2026-10-09,TEL-XIA-127,Koramangala,1,18399
2026-10-09,TEL-XIA-132,Koramangala,1,107599
2026-10-09,TV-55Q7,Koramangala,2,58990
2026-10-09,WAS-BOS-158,Koramangala,1,33999
2026-10-09,WAS-BOS-165,Koramangala,1,42299
2026-10-09,WAS-WHI-164,Koramangala,1,17099
2026-10-09,AIR-BLU-178,Malleshwaram,1,39199
2026-10-09,AIR-DAI-172,Malleshwaram,1,55859
2026-10-09,AIR-LG-166,Malleshwaram,1,45449
2026-10-09,AIR-LG-170,Malleshwaram,2,29159
2026-10-09,AIR-VOL-174,Malleshwaram,1,35434
2026-10-09,CAM-CAN-206,Malleshwaram,2,63839
2026-10-09,CAM-NIK-215,Malleshwaram,1,40659
2026-10-09,GAM-MIC-223,Malleshwaram,1,48399
2026-10-09,GAM-MIC-225,Malleshwaram,1,49779
2026-10-09,GAM-MIC-227,Malleshwaram,1,44899
2026-10-09,GAM-NIN-228,Malleshwaram,1,47309
2026-10-09,GAM-SON-219,Malleshwaram,2,51399
2026-10-09,GAM-SON-222,Malleshwaram,1,51964
2026-10-09,HEA-BOA-189,Malleshwaram,1,21299
2026-10-09,HEA-BOS-181,Malleshwaram,1,9899
2026-10-09,HEA-JBL-180,Malleshwaram,2,18089
2026-10-09,HEA-JBL-185,Malleshwaram,1,12599
2026-10-09,LAP-ASU-120,Malleshwaram,3,82199
2026-10-09,LAP-DEL-123,Malleshwaram,1,89909
2026-10-09,LAP-HP-114,Malleshwaram,2,45899
2026-10-09,LAP-HP-119,Malleshwaram,1,70399
2026-10-09,LAP-I5-G12,Malleshwaram,1,54140
2026-10-09,LAP-LEN-125,Malleshwaram,1,79699
2026-10-09,LAP-LEN-126,Malleshwaram,1,99269
2026-10-09,REF-GOD-140,Malleshwaram,1,30099
2026-10-09,REF-LG-151,Malleshwaram,2,54624
2026-10-09,REF-LG-152,Malleshwaram,1,68219
2026-10-09,REF-WHI-145,Malleshwaram,2,56999
2026-10-09,SMA-AMA-192,Malleshwaram,1,40299
2026-10-09,SMA-APP-199,Malleshwaram,1,38999
2026-10-09,SMA-APP-202,Malleshwaram,3,26199
2026-10-09,SMA-APP-204,Malleshwaram,1,42499
2026-10-09,SMA-NOI-197,Malleshwaram,1,8399
2026-10-09,SMA-ONE-107,Malleshwaram,3,66499
2026-10-09,SMA-SAM-196,Malleshwaram,1,18999
2026-10-09,SMA-VIV-102,Malleshwaram,1,31859
2026-10-09,TEL-SAM-133,Malleshwaram,1,46454
2026-10-09,TEL-SON-135,Malleshwaram,1,46499
2026-10-09,TEL-SON-139,Malleshwaram,2,73299
2026-10-09,TEL-XIA-127,Malleshwaram,1,16559
2026-10-09,TEL-XIA-136,Malleshwaram,1,52154
2026-10-09,WAS-BOS-165,Malleshwaram,2,42299
2026-10-09,WAS-IFB-159,Malleshwaram,1,32964
2026-10-09,ACC-ANK-233,Whitefield,1,3229
2026-10-09,ACC-ANK-237,Whitefield,1,2899
2026-10-09,ACC-ANK-239,Whitefield,1,1079
2026-10-09,ACC-BEL-231,Whitefield,1,499
2026-10-09,AIR-LG-171,Whitefield,1,54814
2026-10-09,AIR-VOL-177,Whitefield,1,34099
2026-10-09,CAM-NIK-209,Whitefield,1,68599
2026-10-09,CAM-NIK-216,Whitefield,1,81889
2026-10-09,GAM-MIC-227,Whitefield,2,44899
2026-10-09,GAM-NIN-229,Whitefield,1,50199
2026-10-09,HEA-BOA-189,Whitefield,1,20234
2026-10-09,HEA-JBL-180,Whitefield,1,18089
2026-10-09,HEA-SON-188,Whitefield,1,4139
2026-10-09,HP-ANC-700,Whitefield,1,19990
2026-10-09,LAP-DEL-123,Whitefield,1,99899
2026-10-09,LAP-LEN-126,Whitefield,2,110299
2026-10-09,REF-GOD-146,Whitefield,3,34399
2026-10-09,REF-LG-144,Whitefield,1,32599
2026-10-09,REF-SAM-147,Whitefield,2,45199
2026-10-09,SMA-APP-109,Whitefield,1,43399
2026-10-09,SMA-NOI-195,Whitefield,1,28799
2026-10-09,SMA-NOI-200,Whitefield,1,30299
2026-10-09,SMA-XIA-104,Whitefield,2,65429
2026-10-09,TEL-SAM-128,Whitefield,2,113524
2026-10-09,TEL-SON-130,Whitefield,1,58999
2026-10-09,TEL-XIA-136,Whitefield,1,49409
2026-10-09,TV-65U8,Whitefield,1,61740
2026-10-09,WAS-SAM-163,Whitefield,1,39804
2026-10-09,WAS-WHI-154,Whitefield,1,48399
2026-10-09,WAS-WHI-164,Whitefield,2,17099
2026-10-10,ACC-ANK-233,HSR Layout,1,3399
2026-10-10,ACC-ANK-237,HSR Layout,1,2609
2026-10-10,ACC-ANK-239,HSR Layout,1,1139
2026-10-10,ACC-BEL-238,HSR Layout,2,3199
2026-10-10,ACC-MI-243,HSR Layout,2,2599
2026-10-10,ACC-POR-241,HSR Layout,1,1599
2026-10-10,AIR-BLU-173,HSR Layout,1,55399
2026-10-10,AIR-DAI-172,HSR Layout,2,58799
2026-10-10,AIR-DAI-176,HSR Layout,1,46999
2026-10-10,AIR-LG-169,HSR Layout,2,30494
2026-10-10,AIR-LG-170,HSR Layout,1,32399
2026-10-10,AIR-VOL-174,HSR Layout,1,37299
2026-10-10,CAM-NIK-215,HSR Layout,2,42799
2026-10-10,GAM-MIC-218,HSR Layout,1,50999
2026-10-10,GAM-NIN-228,HSR Layout,5,44819
2026-10-10,HEA-BOA-189,HSR Layout,2,19169
2026-10-10,HEA-BOA-191,HSR Layout,3,24999
2026-10-10,HEA-BOS-186,HSR Layout,2,14489
2026-10-10,HEA-BOS-190,HSR Layout,2,28799
2026-10-10,HEA-JBL-182,HSR Layout,2,24899
2026-10-10,HEA-SON-179,HSR Layout,2,6269
2026-10-10,HEA-SON-188,HSR Layout,1,4599
2026-10-10,HP-ANC-700,HSR Layout,1,18990
2026-10-10,LAP-DEL-123,HSR Layout,1,89909
2026-10-10,LAP-HP-119,HSR Layout,3,70399
2026-10-10,LAP-I5-G12,HSR Layout,1,56990
2026-10-10,REF-GOD-140,HSR Layout,1,28594
2026-10-10,REF-LG-144,HSR Layout,3,30969
2026-10-10,REF-LG-150,HSR Layout,1,49399
2026-10-10,SMA-APP-109,HSR Layout,1,39059
2026-10-10,SMA-APP-199,HSR Layout,1,38999
2026-10-10,SMA-NOI-194,HSR Layout,2,3599
2026-10-10,SMA-NOI-195,HSR Layout,1,27359
2026-10-10,SMA-SAM-101,HSR Layout,3,41939
2026-10-10,SMA-XIA-104,HSR Layout,1,72699
2026-10-10,SMA-XIA-111,HSR Layout,4,59039
2026-10-10,SW-FIT-3,HSR Layout,1,8999
2026-10-10,TEL-SON-135,HSR Layout,1,41849
2026-10-10,TEL-TCL-137,HSR Layout,1,87029
2026-10-10,TEL-XIA-132,HSR Layout,1,96839
2026-10-10,TEL-XIA-136,HSR Layout,2,54899
2026-10-10,TV-55Q7,HSR Layout,1,58990
2026-10-10,WAS-BOS-158,HSR Layout,1,33999
2026-10-10,WAS-BOS-165,HSR Layout,2,40184
2026-10-10,WAS-IFB-153,HSR Layout,1,20249
2026-10-10,WAS-LG-155,HSR Layout,1,43999
2026-10-10,WAS-WHI-154,HSR Layout,2,48399
2026-10-10,WAS-WHI-164,HSR Layout,1,17099
2026-10-10,ACC-ANK-233,Indiranagar,1,3399
2026-10-10,ACC-ANK-237,Indiranagar,1,2899
2026-10-10,ACC-BEL-231,Indiranagar,2,499
2026-10-10,AIR-BLU-178,Indiranagar,1,37239
2026-10-10,AIR-DAI-172,Indiranagar,1,58799
2026-10-10,AIR-LG-169,Indiranagar,1,32099
2026-10-10,AIR-LG-170,Indiranagar,1,32399
2026-10-10,CAM-CAN-213,Indiranagar,1,59599
2026-10-10,CAM-SON-205,Indiranagar,1,57599
2026-10-10,GAM-NIN-229,Indiranagar,3,45179
2026-10-10,GAM-SON-222,Indiranagar,2,54699
2026-10-10,HEA-BOA-189,Indiranagar,2,20234
2026-10-10,HEA-BOS-181,Indiranagar,2,9899
2026-10-10,HEA-JBL-180,Indiranagar,1,20099
2026-10-10,HEA-JBL-185,Indiranagar,1,11339
2026-10-10,HEA-SON-179,Indiranagar,1,6599
2026-10-10,HP-ANC-700,Indiranagar,4,19990
2026-10-10,LAP-HP-114,Indiranagar,1,41309
2026-10-10,LAP-I5-G12,Indiranagar,2,51291
2026-10-10,REF-GOD-142,Indiranagar,1,37979
2026-10-10,REF-LG-151,Indiranagar,2,57499
2026-10-10,REF-LG-152,Indiranagar,2,68219
2026-10-10,SMA-APP-199,Indiranagar,2,38999
2026-10-10,SMA-NOI-194,Indiranagar,1,3599
2026-10-10,SMA-NOI-197,Indiranagar,1,8399
2026-10-10,SMA-SAM-101,Indiranagar,1,46599
2026-10-10,SMA-XIA-111,Indiranagar,1,59039
2026-10-10,TEL-LG-138,Indiranagar,1,81629
2026-10-10,TEL-XIA-127,Indiranagar,2,18399
2026-10-10,TEL-XIA-132,Indiranagar,3,107599
2026-10-10,TEL-XIA-134,Indiranagar,1,119999
2026-10-10,TEL-XIA-136,Indiranagar,2,54899
2026-10-10,WAS-WHI-161,Indiranagar,1,15839
2026-10-10,ACC-ANK-239,Jayanagar,1,1199
2026-10-10,ACC-BEL-238,Jayanagar,1,3199
2026-10-10,ACC-POR-235,Jayanagar,1,599
2026-10-10,ACC-POR-242,Jayanagar,1,1499
2026-10-10,AIR-DAI-176,Jayanagar,1,42299
2026-10-10,AIR-LG-169,Jayanagar,1,28889
2026-10-10,AIR-LG-170,Jayanagar,1,29159
2026-10-10,CAM-CAN-206,Jayanagar,2,67199
2026-10-10,CAM-NIK-217,Jayanagar,1,59199
2026-10-10,GAM-MIC-230,Jayanagar,2,27269
2026-10-10,GAM-NIN-220,Jayanagar,2,43599
2026-10-10,GAM-NIN-228,Jayanagar,1,47309
2026-10-10,GAM-SON-219,Jayanagar,1,48829
2026-10-10,GAM-SON-222,Jayanagar,2,54699
2026-10-10,HEA-BOA-191,Jayanagar,1,24999
2026-10-10,HEA-BOS-190,Jayanagar,2,28799
2026-10-10,HEA-JBL-182,Jayanagar,1,24899
2026-10-10,LAP-ACE-118,Jayanagar,1,46979
2026-10-10,LAP-DEL-122,Jayanagar,2,89679
2026-10-10,LAP-LEN-125,Jayanagar,1,75714
2026-10-10,LAP-LEN-126,Jayanagar,1,104784
2026-10-10,REF-GOD-140,Jayanagar,2,27089
2026-10-10,REF-GOD-148,Jayanagar,1,62509
2026-10-10,REF-LG-144,Jayanagar,1,32599
2026-10-10,REF-LG-149,Jayanagar,1,27699
2026-10-10,SMA-AMA-192,Jayanagar,2,36269
2026-10-10,SMA-APP-204,Jayanagar,1,42499
2026-10-10,SMA-NOI-195,Jayanagar,1,28799
2026-10-10,SMA-NOI-197,Jayanagar,1,8399
2026-10-10,SMA-SAM-108,Jayanagar,2,52439
2026-10-10,SMA-SAM-113,Jayanagar,2,51199
2026-10-10,SMA-SAM-193,Jayanagar,3,11499
2026-10-10,SMA-XIA-111,Jayanagar,1,65599
2026-10-10,TEL-SAM-133,Jayanagar,1,46454
2026-10-10,TEL-SON-135,Jayanagar,1,46499
2026-10-10,TEL-TCL-131,Jayanagar,1,38799
2026-10-10,TEL-TCL-137,Jayanagar,1,96699
2026-10-10,TEL-XIA-132,Jayanagar,1,96839
2026-10-10,TEL-XIA-136,Jayanagar,1,49409
2026-10-10,TV-65U8,Jayanagar,1,58491
2026-10-10,WAS-IFB-159,Jayanagar,1,34699
2026-10-10,WAS-IFB-162,Jayanagar,2,16699
2026-10-10,WAS-SAM-156,Jayanagar,1,27199
2026-10-10,ACC-BEL-234,Koramangala,1,1349
2026-10-10,ACC-MI-240,Koramangala,1,3899
2026-10-10,ACC-POR-235,Koramangala,1,599
2026-10-10,ACC-POR-236,Koramangala,1,499
2026-10-10,AIR-BLU-167,Koramangala,1,61599
2026-10-10,AIR-LG-168,Koramangala,1,32999
2026-10-10,AIR-LG-170,Koramangala,1,30779
2026-10-10,CAM-CAN-207,Koramangala,1,86579
2026-10-10,CAM-CAN-210,Koramangala,1,79704
2026-10-10,CAM-CAN-213,Koramangala,1,59599
2026-10-10,CAM-CAN-214,Koramangala,1,57299
2026-10-10,CAM-NIK-215,Koramangala,1,42799
2026-10-10,GAM-MIC-223,Koramangala,1,48399
2026-10-10,GAM-MIC-225,Koramangala,1,52399
2026-10-10,GAM-NIN-220,Koramangala,4,43599
2026-10-10,GAM-NIN-228,Koramangala,1,47309
2026-10-10,HEA-BOA-191,Koramangala,1,24999
2026-10-10,HEA-SON-188,Koramangala,1,4599
2026-10-10,LAP-ACE-118,Koramangala,2,52199
2026-10-10,LAP-DEL-122,Koramangala,1,94399
2026-10-10,LAP-DEL-123,Koramangala,1,94904
2026-10-10,LAP-DEL-124,Koramangala,1,74954
2026-10-10,LAP-HP-114,Koramangala,1,43604
2026-10-10,LAP-LEN-116,Koramangala,3,81359
2026-10-10,REF-GOD-140,Koramangala,1,30099
2026-10-10,REF-GOD-142,Koramangala,1,42199
2026-10-10,REF-GOD-143,Koramangala,1,48734
2026-10-10,REF-GOD-148,Koramangala,1,62509
2026-10-10,REF-LG-141,Koramangala,2,84899
2026-10-10,REF-LG-144,Koramangala,1,30969
2026-10-10,REF-LG-149,Koramangala,1,26314
2026-10-10,REF-LG-152,Koramangala,1,75799
2026-10-10,REF-SAM-147,Koramangala,1,45199
2026-10-10,SMA-NOI-197,Koramangala,1,7979
2026-10-10,SMA-SAM-193,Koramangala,3,11499
2026-10-10,SW-FIT-3,Koramangala,3,8999
2026-10-10,TEL-LG-138,Koramangala,2,90699
2026-10-10,TEL-SON-135,Koramangala,1,41849
2026-10-10,TEL-XIA-127,Koramangala,1,16559
2026-10-10,TEL-XIA-132,Koramangala,3,96839
2026-10-10,TEL-XIA-136,Koramangala,1,54899
2026-10-10,TV-55Q7,Koramangala,1,58990
2026-10-10,WAS-BOS-165,Koramangala,2,42299
2026-10-10,WAS-IFB-153,Koramangala,1,22499
2026-10-10,WAS-WHI-154,Koramangala,1,45979
2026-10-10,WAS-WHI-161,Koramangala,1,16719
2026-10-10,ACC-MI-243,Malleshwaram,1,2469
2026-10-10,ACC-POR-241,Malleshwaram,1,1519
2026-10-10,AIR-DAI-176,Malleshwaram,1,46999
2026-10-10,AIR-LG-168,Malleshwaram,1,32999
2026-10-10,AIR-LG-169,Malleshwaram,1,32099
2026-10-10,AIR-LG-170,Malleshwaram,4,32399
2026-10-10,AIR-VOL-177,Malleshwaram,3,32394
2026-10-10,CAM-CAN-206,Malleshwaram,7,67199
2026-10-10,CAM-SON-205,Malleshwaram,1,51839
2026-10-10,GAM-MIC-223,Malleshwaram,1,45979
2026-10-10,GAM-MIC-225,Malleshwaram,1,52399
2026-10-10,GAM-NIN-224,Malleshwaram,1,29639
2026-10-10,GAM-NIN-226,Malleshwaram,3,34099
2026-10-10,GAM-SON-221,Malleshwaram,1,43599
2026-10-10,GAM-SON-222,Malleshwaram,2,54699
2026-10-10,HEA-BOA-183,Malleshwaram,2,4654
2026-10-10,HEA-BOS-181,Malleshwaram,1,9899
2026-10-10,HEA-BOS-190,Malleshwaram,1,25919
2026-10-10,HEA-JBL-184,Malleshwaram,1,23399
2026-10-10,HEA-JBL-185,Malleshwaram,1,12599
2026-10-10,HEA-JBL-187,Malleshwaram,1,21509
2026-10-10,HP-ANC-700,Malleshwaram,1,17991
2026-10-10,LAP-ACE-118,Malleshwaram,2,52199
2026-10-10,LAP-ASU-120,Malleshwaram,4,82199
2026-10-10,LAP-DEL-121,Malleshwaram,1,61084
2026-10-10,LAP-DEL-123,Malleshwaram,2,99899
2026-10-10,LAP-DEL-124,Malleshwaram,1,78899
2026-10-10,LAP-HP-114,Malleshwaram,1,45899
2026-10-10,LAP-I5-G12,Malleshwaram,2,51291
2026-10-10,LAP-LEN-126,Malleshwaram,1,99269
2026-10-10,REF-GOD-140,Malleshwaram,2,30099
2026-10-10,REF-GOD-143,Malleshwaram,2,51299
2026-10-10,REF-LG-149,Malleshwaram,1,27699
2026-10-10,REF-LG-151,Malleshwaram,2,57499
2026-10-10,REF-WHI-145,Malleshwaram,1,56999
2026-10-10,SMA-NOI-197,Malleshwaram,1,8399
2026-10-10,SMA-ONE-106,Malleshwaram,1,84299
2026-10-10,TEL-TCL-129,Malleshwaram,1,116999
2026-10-10,TEL-TCL-131,Malleshwaram,2,38799
2026-10-10,TV-55Q7,Malleshwaram,1,56040
2026-10-10,WAS-BOS-165,Malleshwaram,1,42299
2026-10-10,WAS-IFB-159,Malleshwaram,1,34699
2026-10-10,WAS-LG-155,Malleshwaram,1,43999
2026-10-10,WAS-LG-160,Malleshwaram,1,40199
2026-10-10,WAS-SAM-156,Malleshwaram,2,25839
2026-10-10,WAS-WHI-154,Malleshwaram,2,48399
2026-10-10,ACC-ANK-237,Whitefield,2,2899
2026-10-10,ACC-BEL-238,Whitefield,1,3199
2026-10-10,ACC-POR-235,Whitefield,1,599
2026-10-10,AIR-LG-169,Whitefield,1,32099
2026-10-10,AIR-LG-171,Whitefield,1,57699
2026-10-10,AIR-VOL-174,Whitefield,1,33569
2026-10-10,CAM-CAN-206,Whitefield,1,67199
2026-10-10,CAM-CAN-210,Whitefield,1,83899
2026-10-10,CAM-CAN-213,Whitefield,1,59599
2026-10-10,CAM-NIK-212,Whitefield,1,99499
2026-10-10,CAM-NIK-216,Whitefield,1,77579
2026-10-10,CAM-NIK-217,Whitefield,1,59199
2026-10-10,CAM-SON-208,Whitefield,1,107499
2026-10-10,GAM-MIC-223,Whitefield,2,48399
2026-10-10,GAM-MIC-227,Whitefield,2,44899
2026-10-10,GAM-NIN-220,Whitefield,1,41419
2026-10-10,GAM-SON-222,Whitefield,1,49229
2026-10-10,HEA-BOA-189,Whitefield,2,21299
2026-10-10,HEA-BOS-181,Whitefield,1,9899
2026-10-10,HEA-BOS-190,Whitefield,1,28799
2026-10-10,HEA-JBL-180,Whitefield,1,20099
2026-10-10,HEA-JBL-184,Whitefield,1,23399
2026-10-10,HEA-JBL-185,Whitefield,1,12599
2026-10-10,HEA-SON-179,Whitefield,1,6599
2026-10-10,HEA-SON-188,Whitefield,5,4369
2026-10-10,HP-ANC-700,Whitefield,1,18990
2026-10-10,LAP-ACE-118,Whitefield,1,52199
2026-10-10,LAP-ASU-120,Whitefield,1,73979
2026-10-10,LAP-DEL-123,Whitefield,1,99899
2026-10-10,LAP-DEL-124,Whitefield,1,74954
2026-10-10,LAP-HP-114,Whitefield,1,45899
2026-10-10,LAP-LEN-116,Whitefield,1,85879
2026-10-10,LAP-LEN-125,Whitefield,1,71729
2026-10-10,LAP-LEN-126,Whitefield,1,104784
2026-10-10,REF-GOD-140,Whitefield,1,30099
2026-10-10,REF-GOD-146,Whitefield,1,34399
2026-10-10,REF-LG-149,Whitefield,1,27699
2026-10-10,REF-LG-150,Whitefield,1,44459
2026-10-10,REF-SAM-147,Whitefield,1,42939
2026-10-10,SMA-AMA-192,Whitefield,1,36269
2026-10-10,SMA-APP-109,Whitefield,4,39059
2026-10-10,SMA-APP-204,Whitefield,1,42499
2026-10-10,SMA-NOI-195,Whitefield,1,27359
2026-10-10,SMA-SAM-101,Whitefield,1,44269
2026-10-10,TEL-LG-138,Whitefield,1,90699
2026-10-10,TEL-SAM-128,Whitefield,2,107549
2026-10-10,TEL-SON-135,Whitefield,2,46499
2026-10-10,TEL-XIA-136,Whitefield,2,54899
2026-10-10,WAS-BOS-158,Whitefield,1,33999
2026-10-10,WAS-IFB-153,Whitefield,1,20249
2026-10-10,WAS-LG-155,Whitefield,1,43999
2026-10-10,WAS-WHI-164,Whitefield,1,17099
2026-10-11,ACC-ANK-237,HSR Layout,1,2609
2026-10-11,ACC-ANK-239,HSR Layout,2,1199
2026-10-11,ACC-BEL-234,HSR Layout,1,1499
2026-10-11,ACC-POR-241,HSR Layout,1,1599
2026-10-11,AIR-DAI-172,HSR Layout,2,58799
2026-10-11,AIR-VOL-177,HSR Layout,1,34099
2026-10-11,CAM-CAN-207,HSR Layout,1,96199
2026-10-11,CAM-CAN-213,HSR Layout,1,59599
2026-10-11,CAM-NIK-212,HSR Layout,1,99499
2026-10-11,CAM-SON-205,HSR Layout,2,57599
2026-10-11,GAM-MIC-230,HSR Layout,1,30299
2026-10-11,HEA-BOS-186,HSR Layout,3,16099
2026-10-11,HEA-JBL-182,HSR Layout,5,24899
2026-10-11,HP-ANC-700,HSR Layout,2,17991
2026-10-11,LAP-DEL-122,HSR Layout,1,89679
2026-10-11,LAP-DEL-123,HSR Layout,1,94904
2026-10-11,LAP-HP-119,HSR Layout,1,70399
2026-10-11,LAP-LEN-116,HSR Layout,1,81359
2026-10-11,LAP-LEN-125,HSR Layout,2,79699
2026-10-11,REF-GOD-142,HSR Layout,1,42199
2026-10-11,REF-LG-144,HSR Layout,2,32599
2026-10-11,REF-LG-150,HSR Layout,2,49399
2026-10-11,SMA-APP-109,HSR Layout,1,43399
2026-10-11,SMA-APP-202,HSR Layout,2,23579
2026-10-11,SMA-NOI-194,HSR Layout,3,3599
2026-10-11,SMA-NOI-195,HSR Layout,1,25919
2026-10-11,SMA-ONE-106,HSR Layout,1,80084
2026-10-11,SMA-SAM-101,HSR Layout,1,41939
2026-10-11,SMA-XIA-104,HSR Layout,1,69064
2026-10-11,SW-FIT-3,HSR Layout,1,8999
2026-10-11,TEL-SON-135,HSR Layout,2,41849
2026-10-11,TEL-TCL-129,HSR Layout,1,105299
2026-10-11,TEL-XIA-132,HSR Layout,1,107599
2026-10-11,TEL-XIA-134,HSR Layout,1,113999
2026-10-11,TEL-XIA-136,HSR Layout,2,54899
2026-10-11,TV-55Q7,HSR Layout,3,58990
2026-10-11,WAS-BOS-165,HSR Layout,1,42299
2026-10-11,WAS-LG-160,HSR Layout,1,36179
2026-10-11,WAS-WHI-164,HSR Layout,2,16244
2026-10-11,ACC-ANK-237,Indiranagar,3,2899
2026-10-11,ACC-BEL-231,Indiranagar,1,499
2026-10-11,ACC-MI-243,Indiranagar,3,2339
2026-10-11,ACC-POR-236,Indiranagar,1,474
2026-10-11,ACC-POR-241,Indiranagar,2,1599
2026-10-11,AIR-BLU-167,Indiranagar,1,61599
2026-10-11,AIR-DAI-172,Indiranagar,1,58799
2026-10-11,AIR-LG-166,Indiranagar,2,50499
2026-10-11,AIR-LG-168,Indiranagar,1,29699
2026-10-11,AIR-LG-169,Indiranagar,3,28889
2026-10-11,AIR-LG-175,Indiranagar,1,43509
2026-10-11,CAM-CAN-207,Indiranagar,1,96199
2026-10-11,CAM-NIK-209,Indiranagar,2,61739
2026-10-11,CAM-NIK-217,Indiranagar,1,56239
2026-10-11,CAM-SON-205,Indiranagar,1,57599
2026-10-11,GAM-MIC-227,Indiranagar,1,44899
2026-10-11,GAM-NIN-220,Indiranagar,1,43599
2026-10-11,GAM-NIN-226,Indiranagar,1,34099
2026-10-11,GAM-NIN-229,Indiranagar,1,47689
2026-10-11,GAM-SON-219,Indiranagar,1,51399
2026-10-11,HEA-BOA-189,Indiranagar,3,19169
2026-10-11,HEA-BOS-181,Indiranagar,3,9899
2026-10-11,HEA-BOS-190,Indiranagar,1,28799
2026-10-11,HEA-JBL-180,Indiranagar,2,20099
2026-10-11,HEA-JBL-184,Indiranagar,1,21059
2026-10-11,HEA-SON-179,Indiranagar,1,6599
2026-10-11,HEA-SON-188,Indiranagar,1,4599
2026-10-11,HP-ANC-700,Indiranagar,2,17991
2026-10-11,LAP-DEL-122,Indiranagar,3,94399
2026-10-11,LAP-DEL-124,Indiranagar,3,78899
2026-10-11,LAP-I5-G12,Indiranagar,1,51291
2026-10-11,REF-GOD-143,Indiranagar,1,51299
2026-10-11,REF-GOD-146,Indiranagar,1,34399
2026-10-11,REF-LG-149,Indiranagar,1,26314
2026-10-11,SMA-AMA-203,Indiranagar,1,12254
2026-10-11,SMA-APP-199,Indiranagar,1,38999
2026-10-11,SMA-APP-204,Indiranagar,1,38249
2026-10-11,SMA-NOI-195,Indiranagar,1,28799
2026-10-11,SMA-NOI-197,Indiranagar,1,7559
2026-10-11,SMA-ONE-103,Indiranagar,2,27074
2026-10-11,SMA-SAM-112,Indiranagar,1,55099
2026-10-11,SMA-SAM-201,Indiranagar,1,5099
2026-10-11,TEL-TCL-131,Indiranagar,1,38799
2026-10-11,TEL-XIA-136,Indiranagar,1,54899
2026-10-11,TV-55Q7,Indiranagar,1,58990
2026-10-11,TV-65U8,Indiranagar,1,64990
2026-10-11,WAS-BOS-158,Indiranagar,1,32299
2026-10-11,WAS-IFB-162,Indiranagar,1,16699
2026-10-11,WAS-LG-155,Indiranagar,1,41799
2026-10-11,WAS-WHI-161,Indiranagar,1,17599
2026-10-11,ACC-ANK-232,Jayanagar,1,2469
2026-10-11,ACC-MI-240,Jayanagar,1,3899
2026-10-11,ACC-POR-235,Jayanagar,1,599
2026-10-11,ACC-POR-242,Jayanagar,2,1349
2026-10-11,AIR-DAI-176,Jayanagar,2,46999
2026-10-11,AIR-LG-169,Jayanagar,1,32099
2026-10-11,CAM-NIK-215,Jayanagar,1,42799
2026-10-11,CAM-SON-205,Jayanagar,1,51839
2026-10-11,GAM-NIN-220,Jayanagar,2,43599
2026-10-11,GAM-NIN-228,Jayanagar,1,49799
2026-10-11,GAM-SON-219,Jayanagar,1,51399
2026-10-11,GAM-SON-222,Jayanagar,2,54699
2026-10-11,HEA-BOA-183,Jayanagar,1,4899
2026-10-11,HEA-BOS-181,Jayanagar,1,9899
2026-10-11,HEA-JBL-182,Jayanagar,2,24899
2026-10-11,HEA-SON-188,Jayanagar,1,4599
2026-10-11,LAP-ACE-118,Jayanagar,2,52199
2026-10-11,LAP-DEL-121,Jayanagar,1,61084
2026-10-11,LAP-DEL-124,Jayanagar,1,74954
2026-10-11,LAP-LEN-126,Jayanagar,1,110299
2026-10-11,REF-GOD-146,Jayanagar,1,34399
2026-10-11,REF-LG-149,Jayanagar,2,27699
2026-10-11,REF-LG-150,Jayanagar,2,49399
2026-10-11,REF-LG-151,Jayanagar,1,57499
2026-10-11,REF-LG-152,Jayanagar,1,75799
2026-10-11,SMA-APP-198,Jayanagar,1,26099
2026-10-11,SMA-APP-204,Jayanagar,3,40374
2026-10-11,SMA-NOI-197,Jayanagar,2,8399
2026-10-11,SMA-ONE-106,Jayanagar,1,84299
2026-10-11,SMA-SAM-108,Jayanagar,1,55199
2026-10-11,SMA-SAM-113,Jayanagar,1,51199
2026-10-11,SMA-SAM-193,Jayanagar,1,11499
2026-10-11,TEL-LG-138,Jayanagar,1,90699
2026-10-11,TEL-XIA-132,Jayanagar,1,107599
2026-10-11,TEL-XIA-136,Jayanagar,2,54899
2026-10-11,WAS-IFB-153,Jayanagar,2,22499
2026-10-11,WAS-WHI-161,Jayanagar,1,17599
2026-10-11,WM-FL-8KG,Jayanagar,1,36990
2026-10-11,ACC-ANK-233,Koramangala,1,3399
2026-10-11,ACC-BEL-234,Koramangala,2,1424
2026-10-11,ACC-BEL-238,Koramangala,2,3199
2026-10-11,ACC-MI-243,Koramangala,2,2469
2026-10-11,ACC-POR-236,Koramangala,2,474
2026-10-11,ACC-POR-241,Koramangala,1,1439
2026-10-11,AIR-BLU-167,Koramangala,1,61599
2026-10-11,AIR-DAI-172,Koramangala,1,52919
2026-10-11,AIR-LG-175,Koramangala,1,45799
2026-10-11,AIR-VOL-177,Koramangala,1,32394
2026-10-11,CAM-CAN-206,Koramangala,1,67199
2026-10-11,CAM-CAN-213,Koramangala,2,56619
2026-10-11,CAM-NIK-209,Koramangala,2,68599
2026-10-11,CAM-NIK-211,Koramangala,1,105599
2026-10-11,GAM-MIC-218,Koramangala,2,50999
2026-10-11,GAM-MIC-223,Koramangala,1,43559
2026-10-11,GAM-NIN-220,Koramangala,3,43599
2026-10-11,GAM-NIN-228,Koramangala,1,44819
2026-10-11,GAM-SON-221,Koramangala,1,43599
2026-10-11,HEA-BOA-191,Koramangala,1,22499
2026-10-11,HEA-BOS-181,Koramangala,1,9899
2026-10-11,HEA-BOS-186,Koramangala,1,16099
2026-10-11,HEA-SON-188,Koramangala,1,4599
2026-10-11,LAP-LEN-116,Koramangala,1,85879
2026-10-11,REF-GOD-140,Koramangala,1,30099
2026-10-11,REF-LG-141,Koramangala,1,80654
2026-10-11,REF-LG-144,Koramangala,1,32599
2026-10-11,SMA-NOI-194,Koramangala,4,3419
2026-10-11,SMA-NOI-197,Koramangala,1,7559
2026-10-11,SMA-ONE-106,Koramangala,4,75869
2026-10-11,SMA-SAM-113,Koramangala,2,51199
2026-10-11,SMA-SAM-193,Koramangala,1,10924
2026-10-11,SMA-XIA-111,Koramangala,1,65599
2026-10-11,TEL-LG-138,Koramangala,1,90699
2026-10-11,TEL-TCL-129,Koramangala,1,111149
2026-10-11,TEL-TCL-131,Koramangala,2,38799
2026-10-11,TEL-TCL-137,Koramangala,2,91864
2026-10-11,TEL-XIA-127,Koramangala,5,18399
2026-10-11,TEL-XIA-132,Koramangala,3,107599
2026-10-11,WAS-BOS-165,Koramangala,2,42299
2026-10-11,WAS-IFB-159,Koramangala,1,34699
2026-10-11,WAS-WHI-154,Koramangala,2,48399
2026-10-11,ACC-ANK-233,Malleshwaram,1,3399
2026-10-11,ACC-MI-243,Malleshwaram,2,2599
2026-10-11,AIR-DAI-172,Malleshwaram,2,58799
2026-10-11,AIR-DAI-176,Malleshwaram,2,46999
2026-10-11,AIR-LG-168,Malleshwaram,1,32999
2026-10-11,AIR-LG-170,Malleshwaram,3,32399
2026-10-11,AIR-VOL-177,Malleshwaram,1,34099
2026-10-11,CAM-CAN-206,Malleshwaram,2,67199
2026-10-11,CAM-NIK-209,Malleshwaram,1,61739
2026-10-11,CAM-NIK-212,Malleshwaram,2,99499
2026-10-11,CAM-NIK-216,Malleshwaram,1,86199
2026-10-11,CAM-NIK-217,Malleshwaram,1,59199
2026-10-11,GAM-MIC-223,Malleshwaram,2,48399
2026-10-11,GAM-SON-221,Malleshwaram,1,39239
2026-10-11,HEA-BOS-181,Malleshwaram,1,9404
2026-10-11,HEA-BOS-190,Malleshwaram,2,28799
2026-10-11,HEA-JBL-180,Malleshwaram,2,18089
2026-10-11,HEA-JBL-185,Malleshwaram,2,12599
2026-10-11,HEA-JBL-187,Malleshwaram,1,23899
2026-10-11,LAP-ASU-120,Malleshwaram,1,73979
2026-10-11,LAP-DEL-123,Malleshwaram,1,99899
2026-10-11,LAP-HP-114,Malleshwaram,2,43604
2026-10-11,LAP-HP-119,Malleshwaram,1,70399
2026-10-11,LAP-I5-G12,Malleshwaram,1,54140
2026-10-11,LAP-LEN-125,Malleshwaram,1,79699
2026-10-11,REF-GOD-142,Malleshwaram,1,42199
2026-10-11,REF-GOD-143,Malleshwaram,1,48734
2026-10-11,REF-LG-151,Malleshwaram,3,51749
2026-10-11,REF-WHI-145,Malleshwaram,1,56999
2026-10-11,SMA-AMA-192,Malleshwaram,1,40299
2026-10-11,SMA-APP-199,Malleshwaram,2,35099
2026-10-11,SMA-NOI-197,Malleshwaram,1,8399
2026-10-11,SMA-ONE-106,Malleshwaram,3,84299
2026-10-11,SMA-ONE-107,Malleshwaram,2,63174
2026-10-11,SMA-SAM-108,Malleshwaram,1,55199
2026-10-11,SMA-SAM-112,Malleshwaram,1,49589
2026-10-11,SMA-SAM-113,Malleshwaram,1,48639
2026-10-11,SMA-SAM-196,Malleshwaram,1,18999
2026-10-11,SMA-XIA-111,Malleshwaram,1,62319
2026-10-11,TEL-SAM-133,Malleshwaram,2,44009
2026-10-11,TEL-TCL-131,Malleshwaram,1,34919
2026-10-11,TEL-XIA-127,Malleshwaram,1,18399
2026-10-11,TV-55Q7,Malleshwaram,1,56040
2026-10-11,WAS-BOS-165,Malleshwaram,1,42299
2026-10-11,WAS-IFB-153,Malleshwaram,1,22499
2026-10-11,WAS-IFB-162,Malleshwaram,1,16699
2026-10-11,WAS-LG-155,Malleshwaram,1,43999
2026-10-11,WAS-LG-160,Malleshwaram,2,40199
2026-10-11,WAS-SAM-163,Malleshwaram,1,41899
2026-10-11,ACC-ANK-237,Whitefield,2,2899
2026-10-11,ACC-BEL-231,Whitefield,1,499
2026-10-11,ACC-BEL-234,Whitefield,1,1499
2026-10-11,ACC-BEL-238,Whitefield,1,3199
2026-10-11,ACC-MI-243,Whitefield,1,2599
2026-10-11,ACC-POR-235,Whitefield,1,539
2026-10-11,AIR-BLU-173,Whitefield,1,55399
2026-10-11,AIR-LG-170,Whitefield,2,29159
2026-10-11,AIR-VOL-177,Whitefield,3,34099
2026-10-11,CAM-CAN-214,Whitefield,1,57299
2026-10-11,CAM-NIK-211,Whitefield,1,105599
2026-10-11,GAM-MIC-227,Whitefield,1,44899
2026-10-11,GAM-NIN-228,Whitefield,1,44819
2026-10-11,GAM-SON-219,Whitefield,1,51399
2026-10-11,HEA-BOA-183,Whitefield,3,4899
2026-10-11,HEA-BOA-189,Whitefield,1,21299
2026-10-11,HEA-BOS-181,Whitefield,1,9404
2026-10-11,HEA-JBL-180,Whitefield,1,20099
2026-10-11,HEA-JBL-185,Whitefield,1,12599
2026-10-11,HEA-JBL-187,Whitefield,1,22704
2026-10-11,LAP-DEL-123,Whitefield,2,89909
2026-10-11,LAP-DEL-124,Whitefield,1,78899
2026-10-11,LAP-I5-G12,Whitefield,1,56990
2026-10-11,LAP-LEN-117,Whitefield,1,58999
2026-10-11,REF-GOD-140,Whitefield,1,30099
2026-10-11,REF-GOD-146,Whitefield,3,30959
2026-10-11,REF-LG-152,Whitefield,1,72009
2026-10-11,REF-SAM-147,Whitefield,1,42939
2026-10-11,SMA-APP-109,Whitefield,2,41229
2026-10-11,SMA-APP-198,Whitefield,1,26099
2026-10-11,SMA-APP-199,Whitefield,1,35099
2026-10-11,SMA-APP-204,Whitefield,6,40374
2026-10-11,SMA-NOI-195,Whitefield,2,28799
2026-10-11,SMA-NOI-197,Whitefield,1,8399
2026-10-11,SMA-ONE-103,Whitefield,1,25649
2026-10-11,SMA-SAM-101,Whitefield,2,46599
2026-10-11,SMA-XIA-104,Whitefield,3,72699
2026-10-11,SMA-XIA-111,Whitefield,2,59039
2026-10-11,TEL-LG-138,Whitefield,6,81629
2026-10-11,TEL-SAM-128,Whitefield,2,119499
2026-10-11,TEL-SON-135,Whitefield,1,46499
2026-10-11,TEL-XIA-127,Whitefield,1,18399
2026-10-11,TEL-XIA-136,Whitefield,2,52154
2026-10-11,WAS-SAM-156,Whitefield,1,27199
2026-10-12,ACC-ANK-233,HSR Layout,1,3399
2026-10-12,ACC-ANK-239,HSR Layout,1,1199
2026-10-12,ACC-MI-243,HSR Layout,1,2599
2026-10-12,AIR-DAI-172,HSR Layout,1,58799
2026-10-12,AIR-LG-170,HSR Layout,2,32399
2026-10-12,AIR-VOL-177,HSR Layout,2,34099
2026-10-12,CAM-CAN-213,HSR Layout,1,59599
2026-10-12,GAM-MIC-227,HSR Layout,1,44899
2026-10-12,GAM-MIC-230,HSR Layout,1,27269
2026-10-12,GAM-NIN-226,HSR Layout,1,32394
2026-10-12,GAM-NIN-228,HSR Layout,2,44819
2026-10-12,HEA-BOS-186,HSR Layout,1,14489
2026-10-12,HEA-BOS-190,HSR Layout,1,28799
2026-10-12,HEA-JBL-182,HSR Layout,1,23654
2026-10-12,LAP-HP-119,HSR Layout,2,70399
2026-10-12,LAP-LEN-116,HSR Layout,2,90399
2026-10-12,LAP-LEN-117,HSR Layout,1,58999
2026-10-12,REF-GOD-143,HSR Layout,1,48734
2026-10-12,REF-LG-141,HSR Layout,2,80654
2026-10-12,SMA-APP-199,HSR Layout,1,38999
2026-10-12,SMA-ONE-107,HSR Layout,1,66499
2026-10-12,SMA-SAM-101,HSR Layout,1,41939
2026-10-12,SMA-SAM-201,HSR Layout,1,4589
2026-10-12,SW-FIT-3,HSR Layout,3,8549
2026-10-12,TEL-TCL-137,HSR Layout,1,96699
2026-10-12,TEL-XIA-136,HSR Layout,5,52154
2026-10-12,TV-55Q7,HSR Layout,1,53091
2026-10-12,TV-65U8,HSR Layout,1,64990
2026-10-12,WAS-BOS-165,HSR Layout,1,40184
2026-10-12,WAS-LG-155,HSR Layout,1,43999
2026-10-12,WAS-WHI-154,HSR Layout,4,48399
2026-10-12,ACC-MI-243,Indiranagar,2,2469
2026-10-12,ACC-POR-241,Indiranagar,3,1599
2026-10-12,ACC-POR-242,Indiranagar,1,1349
2026-10-12,AIR-BLU-178,Indiranagar,1,37239
2026-10-12,AIR-LG-175,Indiranagar,1,45799
2026-10-12,CAM-NIK-209,Indiranagar,1,68599
2026-10-12,GAM-MIC-218,Indiranagar,1,50999
2026-10-12,GAM-NIN-226,Indiranagar,1,32394
2026-10-12,HEA-BOA-183,Indiranagar,1,4899
2026-10-12,HEA-BOS-190,Indiranagar,1,27359
2026-10-12,HEA-JBL-185,Indiranagar,1,12599
2026-10-12,HEA-JBL-187,Indiranagar,1,22704
2026-10-12,HP-ANC-700,Indiranagar,2,19990
2026-10-12,LAP-ACE-118,Indiranagar,2,52199
2026-10-12,LAP-DEL-123,Indiranagar,1,99899
2026-10-12,LAP-LEN-126,Indiranagar,2,104784
2026-10-12,REF-GOD-140,Indiranagar,1,30099
2026-10-12,REF-LG-149,Indiranagar,1,24929
2026-10-12,SMA-AMA-203,Indiranagar,1,12899
2026-10-12,SMA-APP-199,Indiranagar,2,35099
2026-10-12,SMA-APP-204,Indiranagar,1,42499
2026-10-12,SMA-ONE-103,Indiranagar,1,28499
2026-10-12,SMA-SAM-101,Indiranagar,1,41939
2026-10-12,SMA-SAM-196,Indiranagar,1,18999
2026-10-12,SMA-SAM-201,Indiranagar,1,5099
2026-10-12,TEL-XIA-127,Indiranagar,1,17479
2026-10-12,TEL-XIA-132,Indiranagar,1,107599
2026-10-12,TV-55Q7,Indiranagar,1,58990
2026-10-12,WAS-BOS-165,Indiranagar,1,42299
2026-10-12,ACC-POR-235,Jayanagar,1,599
2026-10-12,AIR-BLU-167,Jayanagar,1,61599
2026-10-12,AIR-LG-175,Jayanagar,1,45799
2026-10-12,AIR-VOL-177,Jayanagar,1,32394
2026-10-12,CAM-SON-208,Jayanagar,2,102124
2026-10-12,GAM-NIN-220,Jayanagar,2,43599
2026-10-12,GAM-SON-221,Jayanagar,1,39239
2026-10-12,HEA-BOA-183,Jayanagar,1,4899
2026-10-12,HEA-BOA-189,Jayanagar,1,21299
2026-10-12,HEA-JBL-182,Jayanagar,1,24899
2026-10-12,HEA-JBL-184,Jayanagar,1,23399
2026-10-12,HEA-JBL-187,Jayanagar,1,23899
2026-10-12,HEA-SON-188,Jayanagar,1,4599
2026-10-12,LAP-ACE-118,Jayanagar,1,52199
2026-10-12,LAP-HP-114,Jayanagar,1,43604
2026-10-12,LAP-LEN-125,Jayanagar,2,79699
2026-10-12,REF-GOD-140,Jayanagar,1,27089
2026-10-12,REF-GOD-148,Jayanagar,1,59219
2026-10-12,REF-LG-149,Jayanagar,1,27699
2026-10-12,REF-LG-152,Jayanagar,1,72009
2026-10-12,REF-WHI-145,Jayanagar,1,56999
2026-10-12,SMA-ONE-107,Jayanagar,1,59849
2026-10-12,SMA-SAM-112,Jayanagar,1,55099
2026-10-12,SMA-SAM-193,Jayanagar,1,11499
2026-10-12,TEL-SAM-128,Jayanagar,3,119499
2026-10-12,TEL-SAM-133,Jayanagar,1,48899
2026-10-12,TEL-SON-139,Jayanagar,1,73299
2026-10-12,TEL-XIA-136,Jayanagar,1,49409
2026-10-12,WAS-BOS-165,Jayanagar,2,42299
2026-10-12,WAS-IFB-157,Jayanagar,2,30149
2026-10-12,WAS-SAM-163,Jayanagar,1,41899
2026-10-12,WAS-WHI-161,Jayanagar,1,16719
2026-10-12,WM-FL-8KG,Jayanagar,2,35140
2026-10-12,ACC-BEL-238,Koramangala,1,3199
2026-10-12,AIR-BLU-167,Koramangala,2,61599
2026-10-12,AIR-DAI-172,Koramangala,1,52919
2026-10-12,CAM-CAN-206,Koramangala,1,67199
2026-10-12,CAM-CAN-213,Koramangala,3,59599
2026-10-12,CAM-NIK-211,Koramangala,1,105599
2026-10-12,CAM-NIK-215,Koramangala,1,42799
2026-10-12,CAM-SON-205,Koramangala,1,54719
2026-10-12,GAM-MIC-225,Koramangala,1,52399
2026-10-12,GAM-MIC-230,Koramangala,1,30299
2026-10-12,GAM-NIN-220,Koramangala,1,43599
2026-10-12,HEA-BOA-191,Koramangala,1,24999
2026-10-12,HEA-JBL-184,Koramangala,1,23399
2026-10-12,LAP-LEN-116,Koramangala,1,90399
2026-10-12,REF-GOD-143,Koramangala,2,48734
2026-10-12,REF-GOD-146,Koramangala,1,30959
2026-10-12,REF-LG-141,Koramangala,1,76409
2026-10-12,REF-LG-144,Koramangala,1,32599
2026-10-12,SMA-AMA-203,Koramangala,1,12254
2026-10-12,SMA-APP-199,Koramangala,1,38999
2026-10-12,SMA-NOI-200,Koramangala,1,27269
2026-10-12,SMA-ONE-106,Koramangala,2,84299
2026-10-12,SMA-ONE-107,Koramangala,1,59849
2026-10-12,SMA-SAM-101,Koramangala,1,41939
2026-10-12,SMA-SAM-193,Koramangala,3,11499
2026-10-12,SMA-VIV-102,Koramangala,1,35399
2026-10-12,SMA-XIA-111,Koramangala,1,59039
2026-10-12,TEL-LG-138,Koramangala,1,81629
2026-10-12,TEL-SON-135,Koramangala,1,44174
2026-10-12,TEL-XIA-132,Koramangala,2,96839
2026-10-12,WAS-IFB-153,Koramangala,1,21374
2026-10-12,WAS-WHI-161,Koramangala,1,17599
2026-10-12,WAS-WHI-164,Koramangala,1,16244
2026-10-12,WM-FL-8KG,Koramangala,1,36990
2026-10-12,ACC-MI-243,Malleshwaram,1,2339
2026-10-12,ACC-POR-236,Malleshwaram,1,499
2026-10-12,AIR-BLU-173,Malleshwaram,1,55399
2026-10-12,AIR-LG-168,Malleshwaram,2,32999
2026-10-12,AIR-LG-170,Malleshwaram,2,32399
2026-10-12,AIR-LG-175,Malleshwaram,1,41219
2026-10-12,CAM-NIK-215,Malleshwaram,1,42799
2026-10-12,CAM-SON-208,Malleshwaram,1,107499
2026-10-12,GAM-MIC-223,Malleshwaram,1,48399
2026-10-12,GAM-MIC-225,Malleshwaram,1,52399
2026-10-12,GAM-MIC-227,Malleshwaram,1,44899
2026-10-12,GAM-NIN-224,Malleshwaram,1,28079
2026-10-12,GAM-NIN-226,Malleshwaram,1,34099
2026-10-12,GAM-NIN-229,Malleshwaram,1,50199
2026-10-12,HEA-BOA-183,Malleshwaram,3,4409
2026-10-12,HEA-BOS-190,Malleshwaram,1,28799
2026-10-12,HEA-JBL-180,Malleshwaram,1,20099
2026-10-12,HEA-JBL-187,Malleshwaram,1,23899
2026-10-12,HEA-SON-179,Malleshwaram,1,5939
2026-10-12,LAP-DEL-123,Malleshwaram,2,94904
2026-10-12,LAP-LEN-125,Malleshwaram,2,79699
2026-10-12,REF-LG-149,Malleshwaram,1,26314
2026-10-12,REF-LG-151,Malleshwaram,1,54624
2026-10-12,REF-LG-152,Malleshwaram,1,75799
2026-10-12,REF-SAM-147,Malleshwaram,1,40679
2026-10-12,REF-WHI-145,Malleshwaram,1,51299
2026-10-12,SMA-APP-198,Malleshwaram,2,23489
2026-10-12,SMA-ONE-107,Malleshwaram,1,66499
2026-10-12,SMA-SAM-108,Malleshwaram,1,55199
2026-10-12,SMA-SAM-196,Malleshwaram,1,18999
2026-10-12,TEL-SON-135,Malleshwaram,2,44174
2026-10-12,TEL-TCL-129,Malleshwaram,1,116999
2026-10-12,TEL-XIA-127,Malleshwaram,1,18399
2026-10-12,TV-55Q7,Malleshwaram,3,58990
2026-10-12,WAS-BOS-165,Malleshwaram,2,42299
2026-10-12,WAS-IFB-159,Malleshwaram,1,34699
2026-10-12,WAS-LG-155,Malleshwaram,1,43999
2026-10-12,WAS-SAM-156,Malleshwaram,4,27199
2026-10-12,WAS-SAM-163,Malleshwaram,1,41899
2026-10-12,WAS-WHI-161,Malleshwaram,1,15839
2026-10-12,WM-FL-8KG,Malleshwaram,1,36990
2026-10-12,ACC-ANK-233,Whitefield,1,3399
2026-10-12,ACC-BEL-231,Whitefield,1,449
2026-10-12,ACC-BEL-238,Whitefield,1,3199
2026-10-12,ACC-MI-243,Whitefield,1,2599
2026-10-12,ACC-POR-241,Whitefield,1,1599
2026-10-12,AIR-LG-168,Whitefield,1,29699
2026-10-12,AIR-LG-175,Whitefield,1,45799
2026-10-12,AIR-VOL-177,Whitefield,2,34099
2026-10-12,CAM-NIK-211,Whitefield,2,105599
2026-10-12,CAM-NIK-215,Whitefield,1,42799
2026-10-12,CAM-NIK-216,Whitefield,1,81889
2026-10-12,GAM-MIC-223,Whitefield,1,48399
2026-10-12,GAM-MIC-227,Whitefield,4,44899
2026-10-12,GAM-NIN-224,Whitefield,1,31199
2026-10-12,GAM-SON-219,Whitefield,1,51399
2026-10-12,GAM-SON-222,Whitefield,1,49229
2026-10-12,HEA-JBL-187,Whitefield,1,22704
2026-10-12,HEA-SON-188,Whitefield,1,4139
2026-10-12,LAP-ASU-120,Whitefield,1,73979
2026-10-12,LAP-DEL-121,Whitefield,1,64299
2026-10-12,LAP-I5-G12,Whitefield,2,56990
2026-10-12,LAP-LEN-116,Whitefield,1,90399
2026-10-12,LAP-LEN-125,Whitefield,2,75714
2026-10-12,REF-GOD-146,Whitefield,5,34399
2026-10-12,REF-LG-149,Whitefield,1,27699
2026-10-12,SMA-APP-109,Whitefield,2,43399
2026-10-12,SMA-APP-110,Whitefield,2,25399
2026-10-12,SMA-APP-198,Whitefield,2,23489
2026-10-12,SMA-APP-202,Whitefield,1,23579
2026-10-12,SMA-NOI-195,Whitefield,1,27359
2026-10-12,SMA-ONE-107,Whitefield,1,63174
2026-10-12,SMA-SAM-113,Whitefield,1,46079
2026-10-12,SMA-SAM-193,Whitefield,1,11499
2026-10-12,TEL-LG-138,Whitefield,1,81629
2026-10-12,TEL-SON-135,Whitefield,1,46499
2026-10-12,TEL-XIA-132,Whitefield,1,96839
2026-10-12,TEL-XIA-134,Whitefield,1,119999
2026-10-12,WAS-IFB-153,Whitefield,1,22499
2026-10-12,WAS-SAM-156,Whitefield,1,25839
2026-10-13,ACC-MI-243,HSR Layout,1,2339
2026-10-13,ACC-POR-235,HSR Layout,1,569
2026-10-13,ACC-POR-241,HSR Layout,2,1599
2026-10-13,ACC-POR-242,HSR Layout,2,1499
2026-10-13,AIR-LG-168,HSR Layout,1,32999
2026-10-13,AIR-LG-169,HSR Layout,1,30494
2026-10-13,AIR-VOL-177,HSR Layout,1,34099
2026-10-13,CAM-CAN-206,HSR Layout,1,67199
2026-10-13,CAM-NIK-212,HSR Layout,1,94524
2026-10-13,GAM-MIC-218,HSR Layout,1,50999
2026-10-13,GAM-MIC-227,HSR Layout,1,44899
2026-10-13,GAM-NIN-228,HSR Layout,4,44819
2026-10-13,GAM-SON-219,HSR Layout,1,51399
2026-10-13,GAM-SON-222,HSR Layout,1,49229
2026-10-13,HEA-BOS-186,HSR Layout,1,16099
2026-10-13,HEA-BOS-190,HSR Layout,1,28799
2026-10-13,HEA-JBL-187,HSR Layout,1,23899
2026-10-13,HEA-SON-188,HSR Layout,1,4599
2026-10-13,LAP-LEN-125,HSR Layout,3,79699
2026-10-13,REF-GOD-140,HSR Layout,1,27089
2026-10-13,REF-LG-141,HSR Layout,1,76409
2026-10-13,REF-LG-151,HSR Layout,1,57499
2026-10-13,REF-WHI-145,HSR Layout,1,51299
2026-10-13,SMA-APP-109,HSR Layout,1,43399
2026-10-13,SMA-VIV-102,HSR Layout,1,33629
2026-10-13,SMA-XIA-104,HSR Layout,1,69064
2026-10-13,SMA-XIA-111,HSR Layout,2,65599
2026-10-13,SW-FIT-3,HSR Layout,1,8549
2026-10-13,TEL-SON-130,HSR Layout,2,58999
2026-10-13,TEL-SON-135,HSR Layout,2,46499
2026-10-13,TEL-TCL-129,HSR Layout,1,116999
2026-10-13,TEL-TCL-131,HSR Layout,1,38799
2026-10-13,TEL-XIA-136,HSR Layout,2,54899
2026-10-13,WAS-IFB-153,HSR Layout,1,22499
2026-10-13,WAS-LG-155,HSR Layout,2,39599
2026-10-13,WAS-WHI-154,HSR Layout,1,48399
2026-10-13,WM-FL-8KG,HSR Layout,1,36990
2026-10-13,ACC-ANK-232,Indiranagar,1,2599
2026-10-13,ACC-BEL-234,Indiranagar,1,1499
2026-10-13,AIR-BLU-173,Indiranagar,1,49859
2026-10-13,AIR-LG-166,Indiranagar,1,50499
2026-10-13,AIR-LG-175,Indiranagar,2,43509
2026-10-13,AIR-VOL-177,Indiranagar,1,30689
2026-10-13,CAM-CAN-207,Indiranagar,2,91389
2026-10-13,CAM-NIK-211,Indiranagar,1,100319
2026-10-13,CAM-NIK-212,Indiranagar,1,89549
2026-10-13,CAM-NIK-215,Indiranagar,1,40659
2026-10-13,CAM-SON-205,Indiranagar,1,57599
2026-10-13,GAM-MIC-218,Indiranagar,1,50999
2026-10-13,GAM-MIC-227,Indiranagar,2,42654
2026-10-13,GAM-NIN-229,Indiranagar,1,50199
2026-10-13,HEA-BOA-189,Indiranagar,1,21299
2026-10-13,HEA-BOS-181,Indiranagar,2,9899
2026-10-13,HEA-BOS-190,Indiranagar,2,25919
2026-10-13,HEA-JBL-180,Indiranagar,1,19094
2026-10-13,HEA-JBL-185,Indiranagar,3,11339
2026-10-13,HP-ANC-700,Indiranagar,2,18990
2026-10-13,LAP-DEL-122,Indiranagar,1,84959
2026-10-13,LAP-I5-G12,Indiranagar,1,56990
2026-10-13,LAP-LEN-116,Indiranagar,2,81359
2026-10-13,LAP-LEN-125,Indiranagar,1,75714
2026-10-13,REF-GOD-142,Indiranagar,1,40089
2026-10-13,SMA-AMA-192,Indiranagar,1,40299
2026-10-13,SMA-AMA-203,Indiranagar,1,12899
2026-10-13,SMA-NOI-194,Indiranagar,2,3599
2026-10-13,SMA-NOI-200,Indiranagar,1,30299
2026-10-13,SMA-SAM-196,Indiranagar,1,18999
2026-10-13,SMA-XIA-111,Indiranagar,1,59039
2026-10-13,TEL-TCL-137,Indiranagar,1,96699
2026-10-13,TEL-XIA-127,Indiranagar,2,18399
2026-10-13,TEL-XIA-132,Indiranagar,1,102219
2026-10-13,TEL-XIA-134,Indiranagar,1,107999
2026-10-13,WAS-BOS-158,Indiranagar,1,33999
2026-10-13,WAS-IFB-162,Indiranagar,1,16699
2026-10-13,WAS-SAM-156,Indiranagar,1,27199
2026-10-13,WAS-WHI-164,Indiranagar,1,17099
2026-10-13,ACC-POR-235,Jayanagar,3,599
2026-10-13,ACC-POR-242,Jayanagar,2,1424
2026-10-13,AIR-DAI-176,Jayanagar,2,46999
2026-10-13,AIR-LG-169,Jayanagar,2,32099
2026-10-13,AIR-VOL-177,Jayanagar,3,34099
2026-10-13,CAM-CAN-213,Jayanagar,2,53639
2026-10-13,CAM-NIK-215,Jayanagar,2,38519
2026-10-13,CAM-NIK-217,Jayanagar,1,59199
2026-10-13,GAM-MIC-230,Jayanagar,2,27269
2026-10-13,HEA-BOA-191,Jayanagar,2,24999
2026-10-13,HEA-BOS-181,Jayanagar,1,9899
2026-10-13,HEA-JBL-182,Jayanagar,2,23654
2026-10-13,LAP-ACE-118,Jayanagar,1,52199
2026-10-13,LAP-ASU-120,Jayanagar,1,82199
2026-10-13,LAP-DEL-124,Jayanagar,2,78899
2026-10-13,LAP-HP-119,Jayanagar,1,70399
2026-10-13,LAP-LEN-116,Jayanagar,3,81359
2026-10-13,REF-LG-141,Jayanagar,2,84899
2026-10-13,REF-LG-151,Jayanagar,1,51749
2026-10-13,REF-LG-152,Jayanagar,1,72009
2026-10-13,SMA-AMA-192,Jayanagar,2,40299
2026-10-13,SMA-APP-204,Jayanagar,2,40374
2026-10-13,SMA-NOI-197,Jayanagar,2,8399
2026-10-13,SMA-ONE-107,Jayanagar,1,66499
2026-10-13,SMA-SAM-112,Jayanagar,2,49589
2026-10-13,SMA-SAM-193,Jayanagar,1,10924
2026-10-13,TEL-SAM-133,Jayanagar,2,48899
2026-10-13,TEL-SON-139,Jayanagar,1,73299
2026-10-13,TEL-TCL-131,Jayanagar,1,34919
2026-10-13,WAS-BOS-165,Jayanagar,1,40184
2026-10-13,WAS-IFB-153,Jayanagar,1,21374
2026-10-13,WAS-IFB-157,Jayanagar,1,33499
2026-10-13,WAS-LG-155,Jayanagar,1,41799
2026-10-13,WM-FL-8KG,Jayanagar,1,35140
2026-10-13,ACC-BEL-234,Koramangala,1,1424
2026-10-13,ACC-BEL-238,Koramangala,1,3039
2026-10-13,ACC-MI-240,Koramangala,1,3704
2026-10-13,ACC-POR-236,Koramangala,2,499
2026-10-13,ACC-POR-242,Koramangala,1,1424
2026-10-13,AIR-LG-170,Koramangala,1,30779
2026-10-13,CAM-CAN-206,Koramangala,2,60479
2026-10-13,CAM-CAN-213,Koramangala,1,59599
2026-10-13,CAM-NIK-211,Koramangala,1,105599
2026-10-13,CAM-NIK-215,Koramangala,1,42799
2026-10-13,GAM-NIN-220,Koramangala,2,39239
2026-10-13,GAM-NIN-228,Koramangala,1,49799
2026-10-13,HEA-BOA-189,Koramangala,2,21299
2026-10-13,HEA-BOS-190,Koramangala,1,28799
2026-10-13,HEA-JBL-184,Koramangala,2,23399
2026-10-13,LAP-ACE-118,Koramangala,1,46979
2026-10-13,LAP-DEL-123,Koramangala,1,99899
2026-10-13,LAP-HP-114,Koramangala,1,45899
2026-10-13,LAP-LEN-116,Koramangala,1,90399
2026-10-13,LAP-LEN-125,Koramangala,1,79699
2026-10-13,LAP-LEN-126,Koramangala,2,99269
2026-10-13,REF-GOD-142,Koramangala,1,42199
2026-10-13,REF-GOD-146,Koramangala,2,32679
2026-10-13,REF-LG-149,Koramangala,3,27699
2026-10-13,REF-WHI-145,Koramangala,1,56999
2026-10-13,SMA-AMA-192,Koramangala,1,40299
2026-10-13,SMA-APP-204,Koramangala,1,42499
2026-10-13,SMA-NOI-194,Koramangala,2,3599
2026-10-13,SMA-NOI-197,Koramangala,1,8399
2026-10-13,SMA-ONE-107,Koramangala,2,66499
2026-10-13,SMA-SAM-108,Koramangala,1,49679
2026-10-13,SMA-SAM-113,Koramangala,1,51199
2026-10-13,SMA-SAM-193,Koramangala,8,11499
2026-10-13,SMA-VIV-102,Koramangala,1,31859
2026-10-13,TEL-LG-138,Koramangala,1,90699
2026-10-13,TEL-SON-135,Koramangala,1,46499
2026-10-13,TEL-TCL-131,Koramangala,1,34919
2026-10-13,TEL-XIA-127,Koramangala,2,17479
2026-10-13,TEL-XIA-132,Koramangala,1,96839
2026-10-13,TV-55Q7,Koramangala,2,53091
2026-10-13,WAS-WHI-154,Koramangala,1,48399
2026-10-13,WM-FL-8KG,Koramangala,1,33291
2026-10-13,ACC-ANK-233,Malleshwaram,2,3229
2026-10-13,ACC-BEL-238,Malleshwaram,1,3039
2026-10-13,ACC-POR-241,Malleshwaram,1,1599
2026-10-13,AIR-BLU-167,Malleshwaram,1,61599
2026-10-13,AIR-DAI-172,Malleshwaram,1,58799
2026-10-13,AIR-DAI-176,Malleshwaram,1,46999
2026-10-13,AIR-LG-170,Malleshwaram,2,29159
2026-10-13,AIR-VOL-174,Malleshwaram,1,37299
2026-10-13,CAM-CAN-206,Malleshwaram,3,67199
2026-10-13,CAM-NIK-215,Malleshwaram,1,38519
2026-10-13,CAM-NIK-217,Malleshwaram,1,53279
2026-10-13,GAM-MIC-227,Malleshwaram,1,44899
2026-10-13,GAM-NIN-220,Malleshwaram,1,43599
2026-10-13,GAM-NIN-229,Malleshwaram,2,45179
2026-10-13,GAM-SON-219,Malleshwaram,1,51399
2026-10-13,HEA-BOS-190,Malleshwaram,1,28799
2026-10-13,HEA-JBL-180,Malleshwaram,2,20099
2026-10-13,HEA-JBL-185,Malleshwaram,1,11339
2026-10-13,HEA-JBL-187,Malleshwaram,3,23899
2026-10-13,LAP-ASU-120,Malleshwaram,1,82199
2026-10-13,LAP-I5-G12,Malleshwaram,1,56990
2026-10-13,REF-GOD-140,Malleshwaram,2,30099
2026-10-13,REF-LG-151,Malleshwaram,1,54624
2026-10-13,SMA-APP-199,Malleshwaram,1,35099
2026-10-13,SMA-APP-204,Malleshwaram,1,38249
2026-10-13,SMA-NOI-194,Malleshwaram,1,3419
2026-10-13,SMA-ONE-106,Malleshwaram,2,84299
2026-10-13,SMA-ONE-107,Malleshwaram,1,59849
2026-10-13,SMA-SAM-201,Malleshwaram,1,4844
2026-10-13,TEL-SON-135,Malleshwaram,1,46499
2026-10-13,TV-55Q7,Malleshwaram,1,56040
2026-10-13,WAS-BOS-165,Malleshwaram,1,42299
2026-10-13,WAS-IFB-159,Malleshwaram,2,34699
2026-10-13,WAS-LG-160,Malleshwaram,1,36179
2026-10-13,WAS-SAM-156,Malleshwaram,2,27199
2026-10-13,WAS-SAM-163,Malleshwaram,1,41899
2026-10-13,WAS-WHI-161,Malleshwaram,3,15839
2026-10-13,ACC-ANK-233,Whitefield,1,3399
2026-10-13,ACC-ANK-237,Whitefield,1,2899
2026-10-13,ACC-BEL-231,Whitefield,1,499
2026-10-13,ACC-MI-243,Whitefield,1,2599
2026-10-13,ACC-POR-236,Whitefield,1,499
2026-10-13,AIR-LG-171,Whitefield,1,57699
2026-10-13,AIR-LG-175,Whitefield,1,45799
2026-10-13,AIR-VOL-177,Whitefield,2,34099
2026-10-13,GAM-MIC-227,Whitefield,2,42654
2026-10-13,GAM-NIN-220,Whitefield,1,43599
2026-10-13,GAM-SON-219,Whitefield,1,48829
2026-10-13,GAM-SON-221,Whitefield,1,39239
2026-10-13,HEA-BOA-183,Whitefield,1,4409
2026-10-13,HEA-BOS-181,Whitefield,1,8909
2026-10-13,HEA-JBL-182,Whitefield,1,24899
2026-10-13,HEA-JBL-185,Whitefield,1,11969
2026-10-13,HEA-JBL-187,Whitefield,2,23899
2026-10-13,HEA-SON-188,Whitefield,1,4369
2026-10-13,LAP-DEL-121,Whitefield,2,64299
2026-10-13,LAP-HP-119,Whitefield,1,63359
2026-10-13,LAP-LEN-117,Whitefield,1,56049
2026-10-13,REF-DD-190,Whitefield,1,14715
2026-10-13,REF-GOD-140,Whitefield,1,27089
2026-10-13,REF-GOD-146,Whitefield,3,32679
2026-10-13,REF-LG-149,Whitefield,1,24929
2026-10-13,REF-SAM-147,Whitefield,2,42939
2026-10-13,SMA-APP-110,Whitefield,2,25399
2026-10-13,SMA-APP-198,Whitefield,2,24794
2026-10-13,SMA-APP-202,Whitefield,1,24889
2026-10-13,SMA-APP-204,Whitefield,1,42499
2026-10-13,SMA-ONE-103,Whitefield,2,28499
2026-10-13,SMA-SAM-101,Whitefield,1,46599
2026-10-13,SMA-SAM-112,Whitefield,1,55099
2026-10-13,SMA-SAM-201,Whitefield,1,4844
2026-10-13,SMA-XIA-104,Whitefield,2,72699
2026-10-13,SMA-XIA-111,Whitefield,1,65599
2026-10-13,TEL-LG-138,Whitefield,1,90699
2026-10-13,TEL-SON-130,Whitefield,1,58999
2026-10-13,TEL-XIA-132,Whitefield,2,107599
2026-10-13,TEL-XIA-136,Whitefield,1,54899
2026-10-13,TV-55Q7,Whitefield,1,58990
2026-10-13,WAS-SAM-156,Whitefield,1,25839
2026-10-13,WAS-WHI-154,Whitefield,1,48399
2026-10-13,WM-FL-8KG,Whitefield,1,36990
2026-10-14,ACC-ANK-233,HSR Layout,1,3229
2026-10-14,AIR-BLU-167,HSR Layout,1,61599
2026-10-14,AIR-LG-166,HSR Layout,1,50499
2026-10-14,AIR-LG-168,HSR Layout,1,31349
2026-10-14,AIR-LG-169,HSR Layout,2,32099
2026-10-14,AIR-LG-170,HSR Layout,1,30779
2026-10-14,CAM-NIK-211,HSR Layout,1,105599
2026-10-14,CAM-SON-205,HSR Layout,2,57599
2026-10-14,GAM-MIC-227,HSR Layout,1,44899
2026-10-14,GAM-NIN-226,HSR Layout,1,34099
2026-10-14,GAM-NIN-228,HSR Layout,2,49799
2026-10-14,GAM-SON-219,HSR Layout,1,51399
2026-10-14,HEA-BOA-191,HSR Layout,1,22499
2026-10-14,HEA-BOS-186,HSR Layout,1,14489
2026-10-14,HEA-JBL-182,HSR Layout,2,22409
2026-10-14,HEA-JBL-187,HSR Layout,1,23899
2026-10-14,HEA-SON-179,HSR Layout,1,6599
2026-10-14,HP-ANC-700,HSR Layout,1,19990
2026-10-14,LAP-HP-114,HSR Layout,1,45899
2026-10-14,LAP-LEN-116,HSR Layout,1,90399
2026-10-14,LAP-LEN-125,HSR Layout,1,79699
2026-10-14,REF-GOD-140,HSR Layout,1,30099
2026-10-14,REF-GOD-142,HSR Layout,2,42199
2026-10-14,REF-LG-141,HSR Layout,1,84899
2026-10-14,REF-LG-150,HSR Layout,1,49399
2026-10-14,REF-LG-151,HSR Layout,3,57499
2026-10-14,SMA-APP-202,HSR Layout,1,26199
2026-10-14,SMA-NOI-195,HSR Layout,2,28799
2026-10-14,SMA-NOI-197,HSR Layout,1,8399
2026-10-14,SMA-ONE-106,HSR Layout,1,75869
2026-10-14,SMA-SAM-101,HSR Layout,1,46599
2026-10-14,SMA-VIV-102,HSR Layout,1,35399
2026-10-14,SMA-XIA-111,HSR Layout,2,65599
2026-10-14,SW-FIT-3,HSR Layout,1,8549
2026-10-14,TEL-TCL-137,HSR Layout,1,96699
2026-10-14,TEL-XIA-132,HSR Layout,1,107599
2026-10-14,TEL-XIA-136,HSR Layout,1,49409
2026-10-14,TV-55Q7,HSR Layout,1,58990
2026-10-14,WAS-IFB-153,HSR Layout,1,20249
2026-10-14,WAS-LG-155,HSR Layout,1,39599
2026-10-14,WAS-WHI-154,HSR Layout,1,45979
2026-10-14,ACC-ANK-232,Indiranagar,1,2599
2026-10-14,ACC-ANK-237,Indiranagar,1,2899
2026-10-14,ACC-BEL-234,Indiranagar,2,1499
2026-10-14,ACC-MI-243,Indiranagar,2,2339
2026-10-14,ACC-POR-242,Indiranagar,1,1349
2026-10-14,AIR-DAI-172,Indiranagar,1,58799
2026-10-14,AIR-LG-169,Indiranagar,3,32099
2026-10-14,CAM-CAN-207,Indiranagar,2,86579
2026-10-14,CAM-CAN-213,Indiranagar,2,56619
2026-10-14,CAM-NIK-209,Indiranagar,1,61739
2026-10-14,CAM-NIK-211,Indiranagar,1,105599
2026-10-14,CAM-SON-205,Indiranagar,1,51839
2026-10-14,CAM-SON-208,Indiranagar,1,102124
2026-10-14,GAM-NIN-220,Indiranagar,1,43599
2026-10-14,GAM-NIN-226,Indiranagar,2,32394
2026-10-14,GAM-NIN-229,Indiranagar,1,50199
2026-10-14,HEA-BOA-189,Indiranagar,3,21299
2026-10-14,HEA-BOS-190,Indiranagar,1,25919
2026-10-14,HEA-JBL-185,Indiranagar,1,11339
2026-10-14,HEA-JBL-187,Indiranagar,3,21509
2026-10-14,HEA-SON-179,Indiranagar,1,5939
2026-10-14,HP-ANC-700,Indiranagar,3,19990
2026-10-14,LAP-ACE-118,Indiranagar,4,52199
2026-10-14,LAP-DEL-115,Indiranagar,1,101699
2026-10-14,LAP-DEL-122,Indiranagar,1,89679
2026-10-14,REF-LG-152,Indiranagar,1,75799
2026-10-14,SMA-APP-198,Indiranagar,1,26099
2026-10-14,SMA-APP-199,Indiranagar,1,38999
2026-10-14,SMA-NOI-194,Indiranagar,1,3599
2026-10-14,SMA-SAM-112,Indiranagar,1,55099
2026-10-14,SMA-SAM-113,Indiranagar,1,46079
2026-10-14,SMA-SAM-201,Indiranagar,1,5099
2026-10-14,TEL-LG-138,Indiranagar,1,81629
2026-10-14,TEL-SAM-128,Indiranagar,1,107549
2026-10-14,TEL-TCL-131,Indiranagar,1,36859
2026-10-14,TEL-XIA-127,Indiranagar,1,18399
2026-10-14,TV-55Q7,Indiranagar,1,58990
2026-10-14,WAS-BOS-158,Indiranagar,2,32299
2026-10-14,WAS-IFB-159,Indiranagar,1,34699
2026-10-14,WAS-LG-160,Indiranagar,1,40199
2026-10-14,WAS-WHI-161,Indiranagar,1,17599
2026-10-14,WAS-WHI-164,Indiranagar,1,17099
2026-10-14,ACC-POR-241,Jayanagar,1,1599
2026-10-14,ACC-POR-242,Jayanagar,1,1499
2026-10-14,AIR-DAI-176,Jayanagar,1,46999
2026-10-14,AIR-LG-170,Jayanagar,2,32399
2026-10-14,CAM-SON-208,Jayanagar,1,107499
2026-10-14,GAM-MIC-227,Jayanagar,1,42654
2026-10-14,GAM-MIC-230,Jayanagar,1,27269
2026-10-14,GAM-NIN-224,Jayanagar,1,28079
2026-10-14,GAM-NIN-226,Jayanagar,1,34099
2026-10-14,GAM-NIN-228,Jayanagar,1,49799
2026-10-14,HEA-BOA-191,Jayanagar,2,22499
2026-10-14,HEA-JBL-182,Jayanagar,2,24899
2026-10-14,HEA-SON-188,Jayanagar,1,4369
2026-10-14,HP-ANC-700,Jayanagar,1,19990
2026-10-14,LAP-DEL-123,Jayanagar,1,99899
2026-10-14,LAP-LEN-117,Jayanagar,1,58999
2026-10-14,LAP-LEN-125,Jayanagar,1,71729
2026-10-14,LAP-LEN-126,Jayanagar,1,104784
2026-10-14,REF-GOD-140,Jayanagar,2,27089
2026-10-14,REF-GOD-146,Jayanagar,1,32679
2026-10-14,REF-LG-141,Jayanagar,1,84899
2026-10-14,REF-LG-149,Jayanagar,1,27699
2026-10-14,REF-LG-150,Jayanagar,1,49399
2026-10-14,REF-LG-151,Jayanagar,1,57499
2026-10-14,REF-WHI-145,Jayanagar,1,56999
2026-10-14,SMA-AMA-192,Jayanagar,1,36269
2026-10-14,SMA-APP-204,Jayanagar,1,42499
2026-10-14,SMA-SAM-108,Jayanagar,1,52439
2026-10-14,SMA-SAM-112,Jayanagar,2,55099
2026-10-14,SMA-SAM-113,Jayanagar,1,51199
2026-10-14,SMA-SAM-193,Jayanagar,1,11499
2026-10-14,SMA-VIV-102,Jayanagar,1,31859
2026-10-14,TEL-TCL-131,Jayanagar,2,38799
2026-10-14,WAS-IFB-153,Jayanagar,1,22499
2026-10-14,ACC-ANK-239,Koramangala,3,1079
2026-10-14,ACC-MI-240,Koramangala,1,3899
2026-10-14,AIR-BLU-167,Koramangala,1,61599
2026-10-14,AIR-LG-171,Koramangala,1,54814
2026-10-14,CAM-CAN-210,Koramangala,1,83899
2026-10-14,CAM-NIK-209,Koramangala,2,68599
2026-10-14,CAM-NIK-215,Koramangala,1,42799
2026-10-14,GAM-NIN-220,Koramangala,1,43599
2026-10-14,GAM-NIN-226,Koramangala,1,34099
2026-10-14,GAM-SON-219,Koramangala,2,46259
2026-10-14,HEA-JBL-187,Koramangala,1,23899
2026-10-14,LAP-ACE-118,Koramangala,1,52199
2026-10-14,LAP-DEL-123,Koramangala,1,99899
2026-10-14,LAP-HP-114,Koramangala,1,45899
2026-10-14,LAP-LEN-116,Koramangala,1,85879
2026-10-14,REF-GOD-140,Koramangala,1,28594
2026-10-14,REF-GOD-143,Koramangala,1,51299
2026-10-14,REF-GOD-146,Koramangala,1,30959
2026-10-14,REF-LG-149,Koramangala,2,27699
2026-10-14,REF-SAM-147,Koramangala,2,45199
2026-10-14,REF-WHI-145,Koramangala,1,56999
2026-10-14,SMA-AMA-192,Koramangala,1,36269
2026-10-14,SMA-AMA-203,Koramangala,1,12254
2026-10-14,SMA-APP-199,Koramangala,1,37049
2026-10-14,SMA-APP-202,Koramangala,1,26199
2026-10-14,SMA-NOI-194,Koramangala,1,3599
2026-10-14,SMA-NOI-197,Koramangala,2,8399
2026-10-14,SMA-ONE-103,Koramangala,1,28499
2026-10-14,SMA-ONE-106,Koramangala,1,75869
2026-10-14,SMA-ONE-107,Koramangala,1,63174
2026-10-14,SMA-SAM-101,Koramangala,1,46599
2026-10-14,SMA-SAM-193,Koramangala,4,10349
2026-10-14,SMA-SAM-201,Koramangala,1,4589
2026-10-14,SW-FIT-3,Koramangala,2,8099
2026-10-14,TEL-LG-138,Koramangala,1,90699
2026-10-14,TEL-XIA-132,Koramangala,1,107599
2026-10-14,WAS-BOS-165,Koramangala,1,42299
2026-10-14,WAS-WHI-154,Koramangala,1,45979
2026-10-14,WM-FL-8KG,Koramangala,1,36990
2026-10-14,ACC-POR-241,Malleshwaram,2,1599
2026-10-14,AIR-BLU-173,Malleshwaram,1,49859
2026-10-14,AIR-LG-166,Malleshwaram,1,45449
2026-10-14,AIR-LG-168,Malleshwaram,1,29699
2026-10-14,AIR-LG-170,Malleshwaram,1,32399
2026-10-14,CAM-CAN-206,Malleshwaram,4,60479
2026-10-14,CAM-CAN-207,Malleshwaram,1,96199
2026-10-14,CAM-NIK-216,Malleshwaram,1,77579
2026-10-14,GAM-NIN-229,Malleshwaram,1,50199
2026-10-14,GAM-SON-219,Malleshwaram,1,51399
2026-10-14,GAM-SON-221,Malleshwaram,1,43599
2026-10-14,HEA-BOA-189,Malleshwaram,1,21299
2026-10-14,HEA-BOS-186,Malleshwaram,1,15294
2026-10-14,HEA-BOS-190,Malleshwaram,1,27359
2026-10-14,HEA-JBL-187,Malleshwaram,1,23899
2026-10-14,LAP-ACE-118,Malleshwaram,3,52199
2026-10-14,LAP-ASU-120,Malleshwaram,1,78089
2026-10-14,LAP-DEL-123,Malleshwaram,2,89909
2026-10-14,LAP-HP-119,Malleshwaram,2,70399
2026-10-14,REF-GOD-140,Malleshwaram,1,30099
2026-10-14,REF-GOD-148,Malleshwaram,1,65799
2026-10-14,REF-LG-151,Malleshwaram,1,57499
2026-10-14,REF-WHI-145,Malleshwaram,1,54149
2026-10-14,SMA-AMA-203,Malleshwaram,1,12899
2026-10-14,SMA-APP-109,Malleshwaram,1,43399
2026-10-14,SMA-APP-110,Malleshwaram,1,25399
2026-10-14,SMA-ONE-106,Malleshwaram,1,84299
2026-10-14,SMA-SAM-113,Malleshwaram,1,51199
2026-10-14,SMA-SAM-201,Malleshwaram,1,4844
2026-10-14,SMA-XIA-111,Malleshwaram,1,65599
2026-10-14,SW-FIT-3,Malleshwaram,1,8099
2026-10-14,TEL-SON-135,Malleshwaram,1,44174
2026-10-14,TEL-TCL-131,Malleshwaram,2,36859
2026-10-14,TEL-XIA-127,Malleshwaram,3,17479
2026-10-14,WAS-IFB-159,Malleshwaram,1,34699
2026-10-14,WAS-LG-160,Malleshwaram,2,40199
2026-10-14,WAS-SAM-156,Malleshwaram,2,27199
2026-10-14,WAS-WHI-154,Malleshwaram,1,43559
2026-10-14,WAS-WHI-161,Malleshwaram,1,17599
2026-10-14,ACC-ANK-233,Whitefield,1,3399
2026-10-14,ACC-ANK-239,Whitefield,1,1199
2026-10-14,ACC-BEL-231,Whitefield,1,449
2026-10-14,ACC-BEL-238,Whitefield,2,2879
2026-10-14,AIR-LG-171,Whitefield,2,54814
2026-10-14,CAM-CAN-207,Whitefield,2,96199
2026-10-14,CAM-NIK-215,Whitefield,1,38519
2026-10-14,CAM-SON-208,Whitefield,2,96749
2026-10-14,GAM-MIC-227,Whitefield,2,44899
2026-10-14,GAM-NIN-220,Whitefield,1,43599
2026-10-14,GAM-NIN-229,Whitefield,3,50199
2026-10-14,GAM-SON-222,Whitefield,1,51964
2026-10-14,HEA-JBL-184,Whitefield,1,23399
2026-10-14,HEA-JBL-187,Whitefield,2,22704
2026-10-14,HP-ANC-700,Whitefield,1,19990
2026-10-14,LAP-ACE-118,Whitefield,1,46979
2026-10-14,LAP-HP-119,Whitefield,1,70399
2026-10-14,LAP-LEN-117,Whitefield,1,53099
2026-10-14,LAP-LEN-125,Whitefield,2,79699
2026-10-14,REF-LG-149,Whitefield,3,26314
2026-10-14,SMA-APP-109,Whitefield,2,39059
2026-10-14,SMA-APP-110,Whitefield,2,25399
2026-10-14,SMA-APP-198,Whitefield,1,26099
2026-10-14,SMA-APP-202,Whitefield,1,26199
2026-10-14,SMA-APP-204,Whitefield,1,42499
2026-10-14,SMA-NOI-197,Whitefield,1,7559
2026-10-14,SMA-ONE-105,Whitefield,1,47309
2026-10-14,SMA-SAM-112,Whitefield,1,55099
2026-10-14,SMA-SAM-113,Whitefield,1,46079
2026-10-14,SMA-XIA-111,Whitefield,1,65599
2026-10-14,TEL-SON-139,Whitefield,1,73299
2026-10-14,TEL-XIA-134,Whitefield,2,119999
2026-10-14,TEL-XIA-136,Whitefield,1,49409
2026-10-14,TV-55Q7,Whitefield,1,58990
2026-10-14,WAS-BOS-158,Whitefield,2,33999
2026-10-14,WAS-IFB-153,Whitefield,2,22499
2026-10-14,WAS-WHI-164,Whitefield,1,16244
2026-10-15,ACC-ANK-239,HSR Layout,1,1139
2026-10-15,ACC-POR-235,HSR Layout,2,599
2026-10-15,AIR-LG-169,HSR Layout,1,30494
2026-10-15,AIR-VOL-174,HSR Layout,1,37299
2026-10-15,CAM-NIK-209,HSR Layout,1,68599
2026-10-15,CAM-SON-205,HSR Layout,1,51839
2026-10-15,GAM-NIN-220,HSR Layout,1,43599
2026-10-15,GAM-NIN-224,HSR Layout,1,31199
2026-10-15,GAM-NIN-226,HSR Layout,1,32394
2026-10-15,GAM-NIN-228,HSR Layout,2,49799
2026-10-15,GAM-NIN-229,HSR Layout,1,47689
2026-10-15,GAM-SON-222,HSR Layout,1,51964
2026-10-15,HEA-JBL-182,HSR Layout,1,23654
2026-10-15,HEA-SON-179,HSR Layout,1,5939
2026-10-15,HEA-SON-188,HSR Layout,1,4369
2026-10-15,HP-ANC-700,HSR Layout,1,18990
2026-10-15,LAP-LEN-125,HSR Layout,1,79699
2026-10-15,REF-GOD-143,HSR Layout,1,51299
2026-10-15,REF-LG-144,HSR Layout,4,32599
2026-10-15,REF-LG-151,HSR Layout,1,51749
2026-10-15,SMA-AMA-192,HSR Layout,1,40299
2026-10-15,SMA-AMA-203,HSR Layout,1,12899
2026-10-15,SMA-APP-109,HSR Layout,1,43399
2026-10-15,SMA-APP-199,HSR Layout,2,38999
2026-10-15,SMA-APP-202,HSR Layout,1,26199
2026-10-15,SMA-NOI-194,HSR Layout,2,3599
2026-10-15,SMA-NOI-195,HSR Layout,2,27359
2026-10-15,SMA-SAM-101,HSR Layout,1,44269
2026-10-15,SMA-VIV-102,HSR Layout,1,35399
2026-10-15,SW-FIT-3,HSR Layout,1,8549
2026-10-15,TEL-SON-130,HSR Layout,1,58999
2026-10-15,TEL-TCL-131,HSR Layout,1,34919
2026-10-15,TEL-TCL-137,HSR Layout,1,96699
2026-10-15,TEL-XIA-136,HSR Layout,2,54899
2026-10-15,TV-55Q7,HSR Layout,1,53091
2026-10-15,WAS-BOS-165,HSR Layout,1,42299
2026-10-15,WAS-IFB-153,HSR Layout,1,22499
2026-10-15,WAS-LG-160,HSR Layout,2,38189
2026-10-15,WAS-WHI-154,HSR Layout,4,48399
2026-10-15,ACC-ANK-237,Indiranagar,2,2899
2026-10-15,ACC-BEL-231,Indiranagar,1,474
2026-10-15,ACC-MI-243,Indiranagar,4,2469
2026-10-15,ACC-POR-241,Indiranagar,2,1439
2026-10-15,ACC-POR-242,Indiranagar,2,1499
2026-10-15,AIR-LG-170,Indiranagar,1,29159
2026-10-15,CAM-CAN-207,Indiranagar,4,96199
2026-10-15,CAM-SON-205,Indiranagar,2,57599
2026-10-15,GAM-MIC-218,Indiranagar,1,45899
2026-10-15,GAM-MIC-230,Indiranagar,1,30299
2026-10-15,GAM-NIN-220,Indiranagar,1,41419
2026-10-15,GAM-SON-219,Indiranagar,1,46259
2026-10-15,HEA-BOA-189,Indiranagar,1,21299
2026-10-15,HEA-BOS-181,Indiranagar,1,9899
2026-10-15,HEA-JBL-180,Indiranagar,2,20099
2026-10-15,HP-ANC-700,Indiranagar,1,18990
2026-10-15,LAP-DEL-124,Indiranagar,1,78899
2026-10-15,LAP-HP-119,Indiranagar,1,66879
2026-10-15,LAP-LEN-116,Indiranagar,1,81359
2026-10-15,LAP-LEN-126,Indiranagar,2,104784
2026-10-15,SMA-AMA-192,Indiranagar,1,40299
2026-10-15,SMA-AMA-203,Indiranagar,1,12899
2026-10-15,SMA-APP-109,Indiranagar,1,41229
2026-10-15,SMA-APP-198,Indiranagar,1,23489
2026-10-15,SMA-APP-199,Indiranagar,1,38999
2026-10-15,SMA-NOI-194,Indiranagar,1,3599
2026-10-15,SMA-ONE-106,Indiranagar,2,75869
2026-10-15,SMA-ONE-107,Indiranagar,1,59849
2026-10-15,SMA-SAM-112,Indiranagar,1,55099
2026-10-15,SMA-SAM-113,Indiranagar,1,48639
2026-10-15,SMA-SAM-196,Indiranagar,2,18999
2026-10-15,SMA-SAM-201,Indiranagar,1,4589
2026-10-15,TEL-LG-138,Indiranagar,1,90699
2026-10-15,TEL-TCL-137,Indiranagar,1,96699
2026-10-15,TEL-XIA-134,Indiranagar,1,107999
2026-10-15,WAS-BOS-158,Indiranagar,2,33999
2026-10-15,WAS-IFB-159,Indiranagar,1,31229
2026-10-15,ACC-ANK-232,Jayanagar,1,2599
2026-10-15,ACC-BEL-231,Jayanagar,1,449
2026-10-15,ACC-MI-240,Jayanagar,2,3899
2026-10-15,ACC-POR-242,Jayanagar,1,1499
2026-10-15,AIR-BLU-173,Jayanagar,2,49859
2026-10-15,AIR-DAI-176,Jayanagar,1,46999
2026-10-15,AIR-VOL-177,Jayanagar,1,34099
2026-10-15,CAM-NIK-212,Jayanagar,1,99499
2026-10-15,CAM-NIK-215,Jayanagar,1,42799
2026-10-15,CAM-SON-205,Jayanagar,1,51839
2026-10-15,GAM-NIN-220,Jayanagar,1,43599
2026-10-15,GAM-NIN-228,Jayanagar,1,49799
2026-10-15,GAM-SON-219,Jayanagar,1,48829
2026-10-15,HEA-BOA-191,Jayanagar,1,24999
2026-10-15,HEA-JBL-184,Jayanagar,1,23399
2026-10-15,LAP-DEL-123,Jayanagar,1,99899
2026-10-15,LAP-DEL-124,Jayanagar,2,74954
2026-10-15,LAP-HP-114,Jayanagar,1,41309
2026-10-15,LAP-LEN-116,Jayanagar,1,85879
2026-10-15,LAP-LEN-125,Jayanagar,1,79699
2026-10-15,REF-GOD-140,Jayanagar,1,30099
2026-10-15,REF-LG-141,Jayanagar,1,80654
2026-10-15,REF-LG-144,Jayanagar,1,32599
2026-10-15,REF-LG-149,Jayanagar,1,26314
2026-10-15,REF-LG-150,Jayanagar,1,49399
2026-10-15,REF-WHI-145,Jayanagar,1,56999
2026-10-15,SMA-APP-110,Jayanagar,1,25399
2026-10-15,SMA-APP-204,Jayanagar,1,42499
2026-10-15,SMA-SAM-112,Jayanagar,1,55099
2026-10-15,SMA-SAM-193,Jayanagar,1,10349
2026-10-15,TEL-LG-138,Jayanagar,1,90699
2026-10-15,TEL-SON-130,Jayanagar,1,58999
2026-10-15,TEL-SON-139,Jayanagar,1,73299
2026-10-15,TEL-XIA-136,Jayanagar,1,54899
2026-10-15,WAS-BOS-165,Jayanagar,1,42299
2026-10-15,WAS-IFB-162,Jayanagar,1,15029
2026-10-15,WAS-LG-155,Jayanagar,1,43999
2026-10-15,WAS-SAM-156,Jayanagar,1,27199
2026-10-15,WAS-SAM-163,Jayanagar,1,41899
2026-10-15,WM-FL-8KG,Jayanagar,1,36990
2026-10-15,ACC-BEL-238,Koramangala,2,3199
2026-10-15,ACC-POR-236,Koramangala,1,449
2026-10-15,AIR-BLU-167,Koramangala,5,55439
2026-10-15,AIR-LG-166,Koramangala,1,50499
2026-10-15,CAM-CAN-210,Koramangala,1,83899
2026-10-15,CAM-CAN-213,Koramangala,2,56619
2026-10-15,GAM-MIC-223,Koramangala,2,48399
2026-10-15,GAM-MIC-225,Koramangala,2,47159
2026-10-15,GAM-MIC-227,Koramangala,1,42654
2026-10-15,GAM-NIN-220,Koramangala,1,39239
2026-10-15,GAM-NIN-228,Koramangala,1,49799
2026-10-15,GAM-SON-221,Koramangala,1,41419
2026-10-15,HEA-JBL-185,Koramangala,1,12599
2026-10-15,HEA-SON-188,Koramangala,1,4599
2026-10-15,LAP-ACE-118,Koramangala,1,46979
2026-10-15,LAP-DEL-122,Koramangala,1,89679
2026-10-15,REF-GOD-142,Koramangala,1,37979
2026-10-15,REF-GOD-148,Koramangala,1,65799
2026-10-15,REF-LG-144,Koramangala,1,32599
2026-10-15,SMA-ONE-106,Koramangala,1,80084
2026-10-15,SMA-SAM-101,Koramangala,2,46599
2026-10-15,SMA-SAM-113,Koramangala,1,51199
2026-10-15,SMA-SAM-193,Koramangala,1,11499
2026-10-15,SMA-SAM-196,Koramangala,1,18999
2026-10-15,SMA-XIA-111,Koramangala,1,62319
2026-10-15,TEL-LG-138,Koramangala,2,90699
2026-10-15,TEL-TCL-131,Koramangala,1,38799
2026-10-15,TEL-TCL-137,Koramangala,1,87029
2026-10-15,TEL-XIA-132,Koramangala,3,107599
2026-10-15,TV-55Q7,Koramangala,1,58990
2026-10-15,WAS-BOS-158,Koramangala,1,33999
2026-10-15,WAS-BOS-165,Koramangala,2,38069
2026-10-15,WAS-IFB-162,Koramangala,1,16699
2026-10-15,WM-FL-8KG,Koramangala,2,36990
2026-10-15,ACC-MI-243,Malleshwaram,1,2599
2026-10-15,AIR-BLU-167,Malleshwaram,1,61599
2026-10-15,AIR-LG-166,Malleshwaram,1,50499
2026-10-15,AIR-LG-170,Malleshwaram,1,32399
2026-10-15,AIR-LG-171,Malleshwaram,1,57699
2026-10-15,CAM-CAN-206,Malleshwaram,2,60479
2026-10-15,CAM-NIK-215,Malleshwaram,1,38519
2026-10-15,CAM-NIK-217,Malleshwaram,1,59199
2026-10-15,GAM-MIC-225,Malleshwaram,1,52399
2026-10-15,GAM-NIN-229,Malleshwaram,2,45179
2026-10-15,GAM-SON-219,Malleshwaram,1,51399
2026-10-15,GAM-SON-221,Malleshwaram,1,39239
2026-10-15,GAM-SON-222,Malleshwaram,2,54699
2026-10-15,HEA-BOA-191,Malleshwaram,1,24999
2026-10-15,HEA-BOS-190,Malleshwaram,3,28799
2026-10-15,HEA-JBL-182,Malleshwaram,1,24899
2026-10-15,HEA-JBL-187,Malleshwaram,1,22704
2026-10-15,LAP-ASU-120,Malleshwaram,2,82199
2026-10-15,LAP-DEL-121,Malleshwaram,2,64299
2026-10-15,LAP-DEL-123,Malleshwaram,1,99899
2026-10-15,LAP-HP-119,Malleshwaram,1,70399
2026-10-15,LAP-LEN-126,Malleshwaram,2,110299
2026-10-15,REF-GOD-140,Malleshwaram,4,27089
2026-10-15,REF-LG-151,Malleshwaram,2,57499
2026-10-15,SMA-APP-198,Malleshwaram,1,24794
2026-10-15,SMA-APP-199,Malleshwaram,1,38999
2026-10-15,SMA-APP-204,Malleshwaram,1,42499
2026-10-15,SMA-ONE-106,Malleshwaram,2,80084
2026-10-15,SMA-XIA-111,Malleshwaram,1,59039
2026-10-15,TEL-SAM-133,Malleshwaram,1,48899
2026-10-15,TEL-SON-130,Malleshwaram,1,58999
2026-10-15,TEL-SON-139,Malleshwaram,2,69634
2026-10-15,TEL-XIA-134,Malleshwaram,1,107999
2026-10-15,TV-55Q7,Malleshwaram,1,58990
2026-10-15,WAS-BOS-165,Malleshwaram,2,42299
2026-10-15,WAS-LG-155,Malleshwaram,1,39599
2026-10-15,WAS-LG-160,Malleshwaram,1,40199
2026-10-15,WAS-WHI-161,Malleshwaram,3,17599
2026-10-15,WM-FL-8KG,Malleshwaram,1,36990
2026-10-15,ACC-BEL-234,Whitefield,1,1424
2026-10-15,ACC-POR-236,Whitefield,1,499
2026-10-15,ACC-POR-241,Whitefield,1,1599
2026-10-15,AIR-LG-169,Whitefield,1,32099
2026-10-15,CAM-CAN-210,Whitefield,1,83899
2026-10-15,CAM-CAN-214,Whitefield,3,57299
2026-10-15,CAM-NIK-211,Whitefield,1,95039
2026-10-15,CAM-NIK-215,Whitefield,2,40659
2026-10-15,GAM-MIC-223,Whitefield,1,43559
2026-10-15,GAM-MIC-227,Whitefield,3,44899
2026-10-15,GAM-SON-221,Whitefield,1,43599
2026-10-15,HEA-BOA-189,Whitefield,2,21299
2026-10-15,HEA-BOS-181,Whitefield,1,9899
2026-10-15,HEA-JBL-185,Whitefield,1,12599
2026-10-15,HEA-SON-188,Whitefield,1,4599
2026-10-15,LAP-ASU-120,Whitefield,1,73979
2026-10-15,LAP-DEL-121,Whitefield,3,64299
2026-10-15,LAP-LEN-116,Whitefield,1,81359
2026-10-15,LAP-LEN-117,Whitefield,1,56049
2026-10-15,REF-GOD-140,Whitefield,2,28594
2026-10-15,REF-GOD-143,Whitefield,1,46169
2026-10-15,REF-GOD-146,Whitefield,1,32679
2026-10-15,REF-LG-149,Whitefield,3,27699
2026-10-15,REF-SAM-147,Whitefield,1,45199
2026-10-15,REF-WHI-145,Whitefield,1,56999
2026-10-15,SMA-APP-109,Whitefield,1,43399
2026-10-15,SMA-APP-198,Whitefield,2,26099
2026-10-15,SMA-APP-199,Whitefield,1,38999
2026-10-15,SMA-APP-202,Whitefield,2,26199
2026-10-15,SMA-ONE-103,Whitefield,1,28499
2026-10-15,SMA-ONE-106,Whitefield,1,80084
2026-10-15,SMA-SAM-101,Whitefield,1,46599
2026-10-15,SMA-SAM-112,Whitefield,2,55099
2026-10-15,TEL-LG-138,Whitefield,3,81629
2026-10-15,TEL-SAM-128,Whitefield,1,119499
2026-10-15,TEL-SON-139,Whitefield,1,65969
2026-10-15,TEL-TCL-129,Whitefield,1,105299
2026-10-15,TEL-XIA-134,Whitefield,1,119999
2026-10-15,TV-65U8,Whitefield,1,64990
2026-10-15,WAS-LG-160,Whitefield,1,38189
2026-10-16,ACC-ANK-233,HSR Layout,1,3399
2026-10-16,ACC-ANK-239,HSR Layout,2,1079
2026-10-16,ACC-MI-243,HSR Layout,2,2599
2026-10-16,AIR-LG-175,HSR Layout,1,45799
2026-10-16,AIR-VOL-177,HSR Layout,1,30689
2026-10-16,CAM-CAN-206,HSR Layout,1,67199
2026-10-16,CAM-NIK-209,HSR Layout,1,65169
2026-10-16,CAM-NIK-215,HSR Layout,1,42799
2026-10-16,GAM-MIC-227,HSR Layout,1,40409
2026-10-16,GAM-MIC-230,HSR Layout,1,30299
2026-10-16,GAM-NIN-224,HSR Layout,2,31199
2026-10-16,GAM-NIN-226,HSR Layout,2,34099
2026-10-16,GAM-NIN-228,HSR Layout,2,49799
2026-10-16,GAM-NIN-229,HSR Layout,1,45179
2026-10-16,HEA-BOA-191,HSR Layout,1,24999
2026-10-16,HEA-JBL-182,HSR Layout,1,22409
2026-10-16,HEA-JBL-187,HSR Layout,1,23899
2026-10-16,HEA-SON-179,HSR Layout,1,6599
2026-10-16,LAP-ASU-120,HSR Layout,1,73979
2026-10-16,LAP-LEN-117,HSR Layout,1,58999
2026-10-16,REF-GOD-142,HSR Layout,1,42199
2026-10-16,REF-GOD-146,HSR Layout,1,34399
2026-10-16,REF-LG-150,HSR Layout,1,44459
2026-10-16,REF-SAM-147,HSR Layout,1,42939
2026-10-16,SMA-AMA-192,HSR Layout,2,40299
2026-10-16,SMA-AMA-203,HSR Layout,1,12899
2026-10-16,SMA-APP-109,HSR Layout,1,43399
2026-10-16,SMA-NOI-195,HSR Layout,4,28799
2026-10-16,SMA-ONE-103,HSR Layout,1,28499
2026-10-16,SMA-XIA-111,HSR Layout,1,62319
2026-10-16,TEL-TCL-129,HSR Layout,1,111149
2026-10-16,TEL-XIA-136,HSR Layout,1,54899
2026-10-16,TV-55Q7,HSR Layout,1,53091
2026-10-16,WAS-BOS-165,HSR Layout,1,40184
2026-10-16,WAS-IFB-153,HSR Layout,1,20249
2026-10-16,WAS-WHI-154,HSR Layout,1,48399
2026-10-16,WAS-WHI-164,HSR Layout,1,16244
2026-10-16,ACC-ANK-232,Indiranagar,1,2599
2026-10-16,ACC-ANK-237,Indiranagar,5,2899
2026-10-16,ACC-BEL-231,Indiranagar,1,499
2026-10-16,ACC-BEL-234,Indiranagar,1,1499
2026-10-16,ACC-MI-243,Indiranagar,2,2469
2026-10-16,ACC-POR-241,Indiranagar,1,1599
2026-10-16,AIR-VOL-177,Indiranagar,1,32394
2026-10-16,CAM-CAN-207,Indiranagar,1,91389
2026-10-16,CAM-CAN-213,Indiranagar,1,59599
2026-10-16,CAM-NIK-209,Indiranagar,1,61739
2026-10-16,CAM-SON-205,Indiranagar,4,57599
2026-10-16,GAM-NIN-226,Indiranagar,2,34099
2026-10-16,GAM-NIN-229,Indiranagar,2,50199
2026-10-16,GAM-SON-221,Indiranagar,1,43599
2026-10-16,GAM-SON-222,Indiranagar,1,54699
2026-10-16,HEA-BOA-189,Indiranagar,1,20234
2026-10-16,HEA-BOS-181,Indiranagar,1,9404
2026-10-16,HEA-JBL-187,Indiranagar,2,22704
2026-10-16,HEA-SON-179,Indiranagar,1,6599
2026-10-16,HP-ANC-700,Indiranagar,3,19990
2026-10-16,LAP-ACE-118,Indiranagar,2,52199
2026-10-16,LAP-DEL-115,Indiranagar,1,101699
2026-10-16,LAP-DEL-124,Indiranagar,2,78899
2026-10-16,LAP-LEN-126,Indiranagar,1,104784
2026-10-16,REF-GOD-143,Indiranagar,1,51299
2026-10-16,REF-GOD-146,Indiranagar,1,32679
2026-10-16,REF-LG-152,Indiranagar,3,75799
2026-10-16,SMA-AMA-203,Indiranagar,1,12899
2026-10-16,SMA-APP-199,Indiranagar,3,35099
2026-10-16,SMA-NOI-195,Indiranagar,1,25919
2026-10-16,SMA-NOI-197,Indiranagar,1,8399
2026-10-16,SMA-ONE-103,Indiranagar,1,28499
2026-10-16,SMA-ONE-105,Indiranagar,1,49799
2026-10-16,SMA-SAM-101,Indiranagar,1,41939
2026-10-16,TEL-SAM-128,Indiranagar,2,113524
2026-10-16,TEL-TCL-131,Indiranagar,1,38799
2026-10-16,TEL-XIA-127,Indiranagar,1,18399
2026-10-16,TEL-XIA-132,Indiranagar,2,96839
2026-10-16,WAS-BOS-158,Indiranagar,1,30599
2026-10-16,WAS-IFB-157,Indiranagar,1,31824
2026-10-16,WAS-WHI-161,Indiranagar,1,17599
2026-10-16,WAS-WHI-164,Indiranagar,1,17099
2026-10-16,ACC-ANK-232,Jayanagar,1,2599
2026-10-16,ACC-MI-243,Jayanagar,1,2469
2026-10-16,ACC-POR-235,Jayanagar,1,569
2026-10-16,ACC-POR-241,Jayanagar,1,1599
2026-10-16,AIR-LG-168,Jayanagar,1,32999
2026-10-16,AIR-LG-169,Jayanagar,1,32099
2026-10-16,AIR-LG-170,Jayanagar,1,29159
2026-10-16,AIR-LG-175,Jayanagar,1,41219
2026-10-16,AIR-VOL-177,Jayanagar,1,30689
2026-10-16,CAM-CAN-214,Jayanagar,1,57299
2026-10-16,CAM-SON-205,Jayanagar,2,51839
2026-10-16,CAM-SON-208,Jayanagar,1,102124
2026-10-16,GAM-NIN-220,Jayanagar,1,43599
2026-10-16,GAM-SON-219,Jayanagar,1,51399
2026-10-16,HEA-BOA-189,Jayanagar,1,21299
2026-10-16,HEA-BOS-181,Jayanagar,2,9899
2026-10-16,LAP-DEL-124,Jayanagar,2,74954
2026-10-16,LAP-I5-G12,Jayanagar,1,51291
2026-10-16,LAP-LEN-125,Jayanagar,2,79699
2026-10-16,LAP-LEN-126,Jayanagar,1,99269
2026-10-16,REF-LG-141,Jayanagar,1,80654
2026-10-16,REF-LG-144,Jayanagar,1,29339
2026-10-16,REF-LG-152,Jayanagar,2,75799
2026-10-16,SMA-APP-204,Jayanagar,1,42499
2026-10-16,SMA-ONE-103,Jayanagar,1,25649
2026-10-16,TEL-SAM-128,Jayanagar,1,119499
2026-10-16,TEL-SON-139,Jayanagar,1,65969
2026-10-16,TEL-TCL-129,Jayanagar,1,111149
2026-10-16,TEL-XIA-134,Jayanagar,1,119999
2026-10-16,TEL-XIA-136,Jayanagar,1,54899
2026-10-16,WAS-IFB-157,Jayanagar,1,31824
2026-10-16,WAS-LG-155,Jayanagar,1,43999
2026-10-16,WM-FL-8KG,Jayanagar,2,36990
2026-10-16,AIR-BLU-167,Koramangala,2,55439
2026-10-16,AIR-BLU-178,Koramangala,1,39199
2026-10-16,AIR-VOL-177,Koramangala,1,34099
2026-10-16,CAM-CAN-206,Koramangala,1,60479
2026-10-16,CAM-CAN-207,Koramangala,1,96199
2026-10-16,CAM-CAN-213,Koramangala,2,59599
2026-10-16,CAM-NIK-211,Koramangala,1,105599
2026-10-16,CAM-NIK-212,Koramangala,1,94524
2026-10-16,CAM-NIK-217,Koramangala,1,59199
2026-10-16,GAM-SON-219,Koramangala,2,51399
2026-10-16,GAM-SON-222,Koramangala,1,51964
2026-10-16,HEA-BOS-190,Koramangala,1,28799
2026-10-16,HEA-JBL-182,Koramangala,1,24899
2026-10-16,LAP-ACE-118,Koramangala,1,52199
2026-10-16,LAP-I5-G12,Koramangala,1,56990
2026-10-16,LAP-LEN-125,Koramangala,1,79699
2026-10-16,REF-LG-149,Koramangala,1,24929
2026-10-16,REF-SAM-147,Koramangala,2,42939
2026-10-16,SMA-NOI-194,Koramangala,2,3599
2026-10-16,SMA-NOI-197,Koramangala,1,8399
2026-10-16,SMA-ONE-103,Koramangala,1,25649
2026-10-16,SMA-ONE-106,Koramangala,2,75869
2026-10-16,SMA-SAM-101,Koramangala,2,46599
2026-10-16,SMA-SAM-108,Koramangala,1,55199
2026-10-16,SMA-SAM-113,Koramangala,1,51199
2026-10-16,SMA-SAM-193,Koramangala,1,11499
2026-10-16,SMA-SAM-201,Koramangala,1,5099
2026-10-16,SMA-XIA-111,Koramangala,2,65599
2026-10-16,TEL-SON-135,Koramangala,1,46499
2026-10-16,TEL-TCL-131,Koramangala,1,38799
2026-10-16,TEL-TCL-137,Koramangala,1,96699
2026-10-16,TEL-XIA-127,Koramangala,1,16559
2026-10-16,TEL-XIA-136,Koramangala,1,54899
2026-10-16,TV-55Q7,Koramangala,1,56040
2026-10-16,WAS-IFB-157,Koramangala,1,33499
2026-10-16,WAS-WHI-154,Koramangala,2,48399
2026-10-16,WAS-WHI-164,Koramangala,1,17099
2026-10-16,WM-FL-8KG,Koramangala,2,36990
2026-10-16,ACC-BEL-238,Malleshwaram,1,3199
2026-10-16,ACC-POR-241,Malleshwaram,1,1439
2026-10-16,AIR-BLU-167,Malleshwaram,1,61599
2026-10-16,AIR-DAI-172,Malleshwaram,2,58799
2026-10-16,AIR-DAI-176,Malleshwaram,1,46999
2026-10-16,AIR-LG-168,Malleshwaram,1,31349
2026-10-16,AIR-LG-170,Malleshwaram,2,30779
2026-10-16,AIR-VOL-174,Malleshwaram,1,33569
2026-10-16,AIR-VOL-177,Malleshwaram,1,30689
2026-10-16,CAM-CAN-206,Malleshwaram,1,60479
2026-10-16,CAM-CAN-210,Malleshwaram,1,79704
2026-10-16,CAM-NIK-209,Malleshwaram,1,68599
2026-10-16,CAM-NIK-215,Malleshwaram,1,42799
2026-10-16,CAM-NIK-216,Malleshwaram,1,77579
2026-10-16,CAM-NIK-217,Malleshwaram,1,59199
2026-10-16,GAM-NIN-224,Malleshwaram,1,28079
2026-10-16,GAM-NIN-229,Malleshwaram,3,47689
2026-10-16,GAM-SON-219,Malleshwaram,1,46259
2026-10-16,GAM-SON-221,Malleshwaram,3,43599
2026-10-16,HEA-BOS-190,Malleshwaram,1,28799
2026-10-16,LAP-ACE-118,Malleshwaram,1,52199
2026-10-16,LAP-ASU-120,Malleshwaram,3,82199
2026-10-16,LAP-DEL-123,Malleshwaram,2,99899
2026-10-16,LAP-HP-114,Malleshwaram,1,45899
2026-10-16,LAP-HP-119,Malleshwaram,1,70399
2026-10-16,LAP-I5-G12,Malleshwaram,1,51291
2026-10-16,LAP-LEN-125,Malleshwaram,2,71729
2026-10-16,REF-GOD-140,Malleshwaram,1,30099
2026-10-16,REF-GOD-142,Malleshwaram,1,37979
2026-10-16,REF-GOD-143,Malleshwaram,2,51299
2026-10-16,REF-LG-144,Malleshwaram,2,29339
2026-10-16,REF-WHI-145,Malleshwaram,1,56999
2026-10-16,SMA-APP-110,Malleshwaram,1,25399
2026-10-16,SMA-NOI-195,Malleshwaram,1,28799
2026-10-16,SMA-NOI-200,Malleshwaram,1,28784
2026-10-16,SMA-ONE-106,Malleshwaram,1,80084
2026-10-16,SMA-SAM-201,Malleshwaram,3,5099
2026-10-16,TEL-SON-130,Malleshwaram,2,58999
2026-10-16,TEL-SON-139,Malleshwaram,2,73299
2026-10-16,TEL-XIA-134,Malleshwaram,1,119999
2026-10-16,TV-65U8,Malleshwaram,1,61740
2026-10-16,WAS-IFB-159,Malleshwaram,1,31229
2026-10-16,WAS-IFB-162,Malleshwaram,1,15864
2026-10-16,WAS-LG-155,Malleshwaram,1,43999
2026-10-16,WAS-LG-160,Malleshwaram,2,38189
2026-10-16,WAS-SAM-156,Malleshwaram,2,24479
2026-10-16,ACC-ANK-237,Whitefield,1,2899
2026-10-16,ACC-MI-243,Whitefield,1,2469
2026-10-16,ACC-POR-236,Whitefield,3,499
2026-10-16,AIR-VOL-177,Whitefield,1,34099
2026-10-16,CAM-SON-205,Whitefield,1,54719
2026-10-16,GAM-MIC-223,Whitefield,1,48399
2026-10-16,GAM-MIC-227,Whitefield,1,44899
2026-10-16,GAM-NIN-224,Whitefield,1,29639
2026-10-16,GAM-NIN-228,Whitefield,1,49799
2026-10-16,HEA-BOA-189,Whitefield,1,21299
2026-10-16,HEA-JBL-180,Whitefield,1,20099
2026-10-16,HEA-SON-179,Whitefield,1,5939
2026-10-16,HEA-SON-188,Whitefield,4,4599
2026-10-16,LAP-ASU-120,Whitefield,1,73979
2026-10-16,LAP-HP-119,Whitefield,1,70399
2026-10-16,LAP-LEN-125,Whitefield,1,79699
2026-10-16,REF-GOD-146,Whitefield,2,34399
2026-10-16,REF-LG-149,Whitefield,2,27699
2026-10-16,REF-LG-150,Whitefield,1,46929
2026-10-16,SMA-APP-198,Whitefield,1,26099
2026-10-16,SMA-SAM-101,Whitefield,1,41939
2026-10-16,SMA-SAM-113,Whitefield,1,51199
2026-10-16,SMA-SAM-201,Whitefield,1,4589
2026-10-16,SMA-XIA-111,Whitefield,1,65599
2026-10-16,TEL-LG-138,Whitefield,2,90699
2026-10-16,TEL-XIA-136,Whitefield,1,54899
2026-10-16,WAS-BOS-158,Whitefield,2,33999
2026-10-16,WAS-LG-155,Whitefield,1,41799
2026-10-16,WAS-WHI-161,Whitefield,2,16719
2026-10-17,ACC-ANK-233,HSR Layout,1,3399
2026-10-17,ACC-ANK-239,HSR Layout,1,1139
2026-10-17,ACC-MI-243,HSR Layout,1,2599
2026-10-17,ACC-POR-242,HSR Layout,1,1499
2026-10-17,AIR-BLU-173,HSR Layout,1,55399
2026-10-17,AIR-LG-169,HSR Layout,1,30494
2026-10-17,AIR-LG-175,HSR Layout,1,45799
2026-10-17,CAM-NIK-209,HSR Layout,1,65169
2026-10-17,GAM-NIN-220,HSR Layout,1,39239
2026-10-17,GAM-NIN-224,HSR Layout,1,31199
2026-10-17,GAM-NIN-226,HSR Layout,1,34099
2026-10-17,GAM-NIN-228,HSR Layout,3,47309
2026-10-17,GAM-NIN-229,HSR Layout,1,45179
2026-10-17,HEA-BOA-191,HSR Layout,1,24999
2026-10-17,HEA-BOS-186,HSR Layout,1,16099
2026-10-17,HEA-SON-179,HSR Layout,1,6599
2026-10-17,LAP-ACE-118,HSR Layout,1,49589
2026-10-17,LAP-DEL-121,HSR Layout,1,57869
2026-10-17,LAP-DEL-122,HSR Layout,1,89679
2026-10-17,LAP-HP-114,HSR Layout,1,43604
2026-10-17,LAP-HP-119,HSR Layout,2,66879
2026-10-17,LAP-LEN-125,HSR Layout,2,79699
2026-10-17,REF-GOD-140,HSR Layout,1,30099
2026-10-17,REF-LG-141,HSR Layout,2,84899
2026-10-17,REF-LG-144,HSR Layout,1,30969
2026-10-17,REF-LG-151,HSR Layout,1,57499
2026-10-17,REF-SAM-147,HSR Layout,1,45199
2026-10-17,SMA-APP-109,HSR Layout,1,43399
2026-10-17,SMA-APP-198,HSR Layout,1,26099
2026-10-17,SMA-APP-202,HSR Layout,2,24889
2026-10-17,SMA-APP-204,HSR Layout,1,42499
2026-10-17,SMA-NOI-200,HSR Layout,1,30299
2026-10-17,SMA-ONE-103,HSR Layout,1,28499
2026-10-17,SMA-ONE-106,HSR Layout,1,84299
2026-10-17,SMA-SAM-101,HSR Layout,2,44269
2026-10-17,SMA-SAM-113,HSR Layout,1,51199
2026-10-17,SMA-SAM-201,HSR Layout,1,5099
2026-10-17,TEL-SON-135,HSR Layout,2,44174
2026-10-17,TEL-TCL-131,HSR Layout,2,38799
2026-10-17,TEL-XIA-127,HSR Layout,2,18399
2026-10-17,TEL-XIA-132,HSR Layout,1,107599
2026-10-17,TEL-XIA-136,HSR Layout,1,54899
2026-10-17,TV-55Q7,HSR Layout,3,58990
2026-10-17,WAS-BOS-165,HSR Layout,1,38069
2026-10-17,WAS-IFB-159,HSR Layout,1,34699
2026-10-17,WAS-WHI-154,HSR Layout,1,48399
2026-10-17,WAS-WHI-164,HSR Layout,1,17099
2026-10-17,ACC-ANK-232,Indiranagar,1,2599
2026-10-17,ACC-ANK-237,Indiranagar,1,2899
2026-10-17,ACC-BEL-231,Indiranagar,2,499
2026-10-17,ACC-MI-243,Indiranagar,2,2599
2026-10-17,ACC-POR-235,Indiranagar,1,569
2026-10-17,ACC-POR-236,Indiranagar,1,499
2026-10-17,ACC-POR-241,Indiranagar,1,1519
2026-10-17,ACC-POR-242,Indiranagar,1,1499
2026-10-17,AIR-LG-169,Indiranagar,1,32099
2026-10-17,AIR-VOL-174,Indiranagar,1,37299
2026-10-17,CAM-CAN-206,Indiranagar,2,67199
2026-10-17,CAM-CAN-207,Indiranagar,2,96199
2026-10-17,CAM-CAN-210,Indiranagar,1,83899
2026-10-17,CAM-NIK-209,Indiranagar,3,68599
2026-10-17,CAM-SON-205,Indiranagar,2,51839
2026-10-17,GAM-NIN-226,Indiranagar,1,34099
2026-10-17,GAM-SON-221,Indiranagar,1,43599
2026-10-17,HEA-BOA-189,Indiranagar,2,20234
2026-10-17,HEA-BOS-181,Indiranagar,3,9899
2026-10-17,HEA-JBL-180,Indiranagar,1,20099
2026-10-17,HEA-SON-179,Indiranagar,1,6599
2026-10-17,HP-ANC-700,Indiranagar,4,19990
2026-10-17,LAP-ACE-118,Indiranagar,1,46979
2026-10-17,LAP-DEL-122,Indiranagar,2,94399
2026-10-17,LAP-HP-114,Indiranagar,1,43604
2026-10-17,LAP-LEN-126,Indiranagar,4,110299
2026-10-17,REF-GOD-140,Indiranagar,1,30099
2026-10-17,REF-GOD-142,Indiranagar,1,37979
2026-10-17,SMA-AMA-203,Indiranagar,1,12899
2026-10-17,SMA-APP-199,Indiranagar,1,38999
2026-10-17,SMA-NOI-194,Indiranagar,2,3599
2026-10-17,SMA-NOI-200,Indiranagar,2,28784
2026-10-17,SMA-ONE-105,Indiranagar,1,47309
2026-10-17,SMA-SAM-112,Indiranagar,1,55099
2026-10-17,SMA-VIV-102,Indiranagar,2,35399
2026-10-17,TEL-LG-138,Indiranagar,1,86164
2026-10-17,TEL-SAM-128,Indiranagar,1,119499
2026-10-17,TEL-SON-135,Indiranagar,1,46499
2026-10-17,TEL-TCL-131,Indiranagar,1,38799
2026-10-17,TEL-XIA-127,Indiranagar,1,18399
2026-10-17,TEL-XIA-136,Indiranagar,1,54899
2026-10-17,WAS-BOS-158,Indiranagar,1,32299
2026-10-17,WAS-IFB-153,Indiranagar,1,20249
2026-10-17,WAS-IFB-162,Indiranagar,1,16699
2026-10-17,WAS-LG-160,Indiranagar,1,40199
2026-10-17,ACC-ANK-232,Jayanagar,4,2599
2026-10-17,ACC-BEL-231,Jayanagar,1,499
2026-10-17,ACC-BEL-234,Jayanagar,1,1424
2026-10-17,ACC-BEL-238,Jayanagar,1,3199
2026-10-17,ACC-POR-235,Jayanagar,1,599
2026-10-17,ACC-POR-241,Jayanagar,2,1599
2026-10-17,AIR-LG-166,Jayanagar,1,47974
2026-10-17,AIR-VOL-177,Jayanagar,1,34099
2026-10-17,CAM-CAN-210,Jayanagar,1,79704
2026-10-17,CAM-NIK-215,Jayanagar,2,42799
2026-10-17,CAM-NIK-217,Jayanagar,2,53279
2026-10-17,CAM-SON-205,Jayanagar,1,51839
2026-10-17,GAM-NIN-220,Jayanagar,2,43599
2026-10-17,HEA-BOS-181,Jayanagar,3,9899
2026-10-17,HEA-BOS-190,Jayanagar,2,28799
2026-10-17,HEA-JBL-180,Jayanagar,1,19094
2026-10-17,HEA-JBL-184,Jayanagar,1,23399
2026-10-17,HEA-JBL-185,Jayanagar,1,11339
2026-10-17,HP-ANC-700,Jayanagar,2,19990
2026-10-17,LAP-ASU-120,Jayanagar,1,82199
2026-10-17,LAP-DEL-121,Jayanagar,2,64299
2026-10-17,LAP-DEL-124,Jayanagar,1,78899
2026-10-17,LAP-LEN-126,Jayanagar,1,110299
2026-10-17,REF-GOD-143,Jayanagar,1,51299
2026-10-17,REF-LG-141,Jayanagar,1,80654
2026-10-17,REF-LG-149,Jayanagar,1,27699
2026-10-17,REF-LG-150,Jayanagar,1,49399
2026-10-17,SMA-AMA-192,Jayanagar,1,36269
2026-10-17,SMA-APP-204,Jayanagar,1,42499
2026-10-17,SMA-NOI-197,Jayanagar,1,8399
2026-10-17,SMA-ONE-107,Jayanagar,2,63174
2026-10-17,SMA-SAM-108,Jayanagar,5,55199
2026-10-17,SMA-SAM-113,Jayanagar,1,51199
2026-10-17,SMA-SAM-193,Jayanagar,1,10349
2026-10-17,SMA-XIA-111,Jayanagar,2,62319
2026-10-17,SW-FIT-3,Jayanagar,1,8549
2026-10-17,TEL-LG-138,Jayanagar,2,81629
2026-10-17,TEL-SAM-133,Jayanagar,1,48899
2026-10-17,TEL-XIA-132,Jayanagar,1,102219
2026-10-17,WAS-IFB-153,Jayanagar,1,20249
2026-10-17,WAS-IFB-157,Jayanagar,1,33499
2026-10-17,WAS-IFB-162,Jayanagar,1,16699
2026-10-17,WAS-SAM-156,Jayanagar,1,27199
2026-10-17,WAS-WHI-161,Jayanagar,2,17599
2026-10-17,WM-FL-8KG,Jayanagar,1,36990
2026-10-17,ACC-ANK-233,Koramangala,1,3229
2026-10-17,ACC-ANK-239,Koramangala,1,1199
2026-10-17,ACC-BEL-238,Koramangala,1,3199
2026-10-17,ACC-MI-243,Koramangala,2,2469
2026-10-17,AIR-DAI-172,Koramangala,2,55859
2026-10-17,AIR-LG-170,Koramangala,1,32399
2026-10-17,CAM-CAN-207,Koramangala,1,96199
2026-10-17,CAM-CAN-213,Koramangala,2,59599
2026-10-17,CAM-CAN-214,Koramangala,1,57299
2026-10-17,CAM-NIK-217,Koramangala,1,59199
2026-10-17,CAM-SON-208,Koramangala,1,107499
2026-10-17,GAM-MIC-218,Koramangala,1,50999
2026-10-17,GAM-MIC-225,Koramangala,3,47159
2026-10-17,GAM-NIN-228,Koramangala,1,44819
2026-10-17,GAM-NIN-229,Koramangala,1,45179
2026-10-17,GAM-SON-219,Koramangala,3,51399
2026-10-17,GAM-SON-222,Koramangala,2,54699
2026-10-17,HEA-BOA-191,Koramangala,1,22499
2026-10-17,HEA-JBL-184,Koramangala,2,23399
2026-10-17,HEA-JBL-185,Koramangala,1,12599
2026-10-17,LAP-ASU-120,Koramangala,2,82199
2026-10-17,LAP-DEL-121,Koramangala,1,64299
2026-10-17,LAP-DEL-123,Koramangala,3,99899
2026-10-17,REF-GOD-140,Koramangala,1,30099
2026-10-17,REF-GOD-143,Koramangala,2,51299
2026-10-17,REF-GOD-146,Koramangala,2,34399
2026-10-17,REF-LG-141,Koramangala,1,84899
2026-10-17,REF-LG-144,Koramangala,1,29339
2026-10-17,REF-LG-149,Koramangala,1,24929
2026-10-17,REF-WHI-145,Koramangala,2,51299
2026-10-17,SMA-AMA-192,Koramangala,1,40299
2026-10-17,SMA-APP-199,Koramangala,1,35099
2026-10-17,SMA-NOI-197,Koramangala,2,8399
2026-10-17,SMA-ONE-107,Koramangala,1,59849
2026-10-17,SMA-SAM-108,Koramangala,1,49679
2026-10-17,SMA-SAM-193,Koramangala,6,10349
2026-10-17,TEL-SAM-133,Koramangala,1,48899
2026-10-17,TEL-SON-135,Koramangala,1,46499
2026-10-17,TEL-TCL-129,Koramangala,2,105299
2026-10-17,TEL-TCL-137,Koramangala,2,87029
2026-10-17,TEL-XIA-127,Koramangala,2,16559
2026-10-17,TEL-XIA-132,Koramangala,3,107599
2026-10-17,TV-55Q7,Koramangala,1,58990
2026-10-17,WAS-BOS-165,Koramangala,1,40184
2026-10-17,WAS-IFB-157,Koramangala,1,30149
2026-10-17,WAS-SAM-156,Koramangala,1,25839
2026-10-17,WAS-WHI-154,Koramangala,2,48399
2026-10-17,ACC-ANK-232,Malleshwaram,1,2339
2026-10-17,ACC-POR-236,Malleshwaram,1,474
2026-10-17,ACC-POR-241,Malleshwaram,3,1439
2026-10-17,AIR-LG-170,Malleshwaram,2,32399
2026-10-17,CAM-CAN-206,Malleshwaram,1,67199
2026-10-17,CAM-NIK-209,Malleshwaram,1,68599
2026-10-17,CAM-NIK-212,Malleshwaram,1,99499
2026-10-17,CAM-NIK-215,Malleshwaram,1,42799
2026-10-17,CAM-NIK-216,Malleshwaram,1,81889
2026-10-17,CAM-SON-205,Malleshwaram,2,51839
2026-10-17,GAM-MIC-223,Malleshwaram,1,48399
2026-10-17,GAM-MIC-225,Malleshwaram,1,52399
2026-10-17,GAM-NIN-224,Malleshwaram,1,29639
2026-10-17,GAM-NIN-226,Malleshwaram,1,34099
2026-10-17,GAM-NIN-229,Malleshwaram,1,47689
2026-10-17,HEA-BOA-191,Malleshwaram,1,23749
2026-10-17,HEA-BOS-190,Malleshwaram,1,28799
2026-10-17,HEA-JBL-180,Malleshwaram,1,20099
2026-10-17,HEA-JBL-182,Malleshwaram,1,23654
2026-10-17,HEA-JBL-187,Malleshwaram,2,23899
2026-10-17,HEA-SON-179,Malleshwaram,1,6269
2026-10-17,LAP-ACE-118,Malleshwaram,1,46979
2026-10-17,LAP-ASU-120,Malleshwaram,1,82199
2026-10-17,LAP-DEL-123,Malleshwaram,1,94904
2026-10-17,LAP-DEL-124,Malleshwaram,3,71009
2026-10-17,LAP-HP-114,Malleshwaram,1,45899
2026-10-17,REF-GOD-140,Malleshwaram,3,28594
2026-10-17,REF-GOD-146,Malleshwaram,1,34399
2026-10-17,REF-LG-152,Malleshwaram,1,75799
2026-10-17,REF-SAM-147,Malleshwaram,1,45199
2026-10-17,SMA-AMA-203,Malleshwaram,1,11609
2026-10-17,SMA-APP-109,Malleshwaram,2,43399
2026-10-17,SMA-APP-202,Malleshwaram,1,24889
2026-10-17,SMA-NOI-194,Malleshwaram,2,3599
2026-10-17,SMA-NOI-197,Malleshwaram,1,7979
2026-10-17,SMA-NOI-200,Malleshwaram,1,30299
2026-10-17,SMA-ONE-106,Malleshwaram,1,84299
2026-10-17,SMA-ONE-107,Malleshwaram,2,59849
2026-10-17,SMA-SAM-101,Malleshwaram,1,44269
2026-10-17,SMA-SAM-108,Malleshwaram,1,55199
2026-10-17,SMA-SAM-201,Malleshwaram,3,5099
2026-10-17,TEL-SAM-133,Malleshwaram,1,48899
2026-10-17,TEL-SON-130,Malleshwaram,1,58999
2026-10-17,TEL-TCL-131,Malleshwaram,1,36859
2026-10-17,TEL-XIA-127,Malleshwaram,1,17479
2026-10-17,TV-55Q7,Malleshwaram,2,58990
2026-10-17,WAS-LG-155,Malleshwaram,2,43999
2026-10-17,WAS-LG-160,Malleshwaram,1,40199
2026-10-17,WAS-SAM-156,Malleshwaram,1,27199
2026-10-17,WAS-SAM-163,Malleshwaram,1,41899
2026-10-17,WAS-WHI-161,Malleshwaram,1,15839
2026-10-17,ACC-BEL-238,Whitefield,2,3039
2026-10-17,ACC-MI-243,Whitefield,1,2339
2026-10-17,ACC-POR-241,Whitefield,2,1519
2026-10-17,AIR-LG-170,Whitefield,1,32399
2026-10-17,CAM-CAN-210,Whitefield,1,83899
2026-10-17,CAM-CAN-214,Whitefield,1,54434
2026-10-17,CAM-NIK-209,Whitefield,1,61739
2026-10-17,CAM-NIK-215,Whitefield,1,40659
2026-10-17,GAM-MIC-227,Whitefield,2,44899
2026-10-17,GAM-NIN-220,Whitefield,1,39239
2026-10-17,GAM-NIN-229,Whitefield,1,50199
2026-10-17,HEA-BOA-183,Whitefield,1,4899
2026-10-17,HEA-JBL-187,Whitefield,1,21509
2026-10-17,LAP-ASU-120,Whitefield,1,82199
2026-10-17,LAP-HP-114,Whitefield,1,45899
2026-10-17,LAP-I5-G12,Whitefield,1,56990
2026-10-17,LAP-LEN-117,Whitefield,1,56049
2026-10-17,REF-GOD-146,Whitefield,1,34399
2026-10-17,REF-LG-149,Whitefield,1,27699
2026-10-17,SMA-AMA-192,Whitefield,1,40299
2026-10-17,SMA-APP-198,Whitefield,1,23489
2026-10-17,SMA-APP-199,Whitefield,3,38999
2026-10-17,SMA-ONE-103,Whitefield,1,28499
2026-10-17,SMA-ONE-105,Whitefield,2,49799
2026-10-17,SMA-SAM-112,Whitefield,1,55099
2026-10-17,SMA-SAM-113,Whitefield,1,51199
2026-10-17,SMA-XIA-104,Whitefield,1,72699
2026-10-17,TEL-LG-138,Whitefield,4,90699
2026-10-17,TEL-SON-130,Whitefield,1,58999
2026-10-17,TEL-SON-139,Whitefield,2,65969
2026-10-17,TEL-XIA-127,Whitefield,1,18399
2026-10-17,TEL-XIA-134,Whitefield,1,119999
2026-10-17,TEL-XIA-136,Whitefield,2,49409
2026-10-17,TV-65U8,Whitefield,1,64990
2026-10-17,WAS-LG-160,Whitefield,1,38189
2026-10-17,WAS-WHI-154,Whitefield,1,43559
2026-10-17,WAS-WHI-161,Whitefield,1,17599
2026-10-18,ACC-ANK-239,HSR Layout,1,1199
2026-10-18,ACC-POR-235,HSR Layout,1,569
2026-10-18,ACC-POR-241,HSR Layout,1,1599
2026-10-18,ACC-POR-242,HSR Layout,3,1349
2026-10-18,AIR-BLU-178,HSR Layout,1,35279
2026-10-18,AIR-DAI-172,HSR Layout,1,58799
2026-10-18,AIR-LG-166,HSR Layout,2,47974
2026-10-18,CAM-CAN-210,HSR Layout,1,83899
2026-10-18,CAM-CAN-213,HSR Layout,1,56619
2026-10-18,CAM-CAN-214,HSR Layout,1,57299
2026-10-18,CAM-NIK-209,HSR Layout,2,65169
2026-10-18,CAM-NIK-215,HSR Layout,3,42799
2026-10-18,CAM-NIK-216,HSR Layout,1,86199
2026-10-18,CAM-NIK-217,HSR Layout,2,59199
2026-10-18,CAM-SON-208,HSR Layout,1,107499
2026-10-18,GAM-NIN-224,HSR Layout,1,31199
2026-10-18,GAM-SON-219,HSR Layout,3,48829
2026-10-18,HEA-BOA-183,HSR Layout,1,4899
2026-10-18,HEA-BOA-191,HSR Layout,3,24999
2026-10-18,HEA-JBL-184,HSR Layout,1,23399
2026-10-18,HEA-SON-179,HSR Layout,1,6599
2026-10-18,LAP-DEL-115,HSR Layout,1,112999
2026-10-18,LAP-HP-114,HSR Layout,1,43604
2026-10-18,LAP-I5-G12,HSR Layout,1,51291
2026-10-18,REF-GOD-142,HSR Layout,1,40089
2026-10-18,REF-LG-144,HSR Layout,1,32599
2026-10-18,REF-LG-150,HSR Layout,1,44459
2026-10-18,REF-LG-151,HSR Layout,2,57499
2026-10-18,REF-SAM-147,HSR Layout,1,42939
2026-10-18,SMA-APP-109,HSR Layout,1,43399
2026-10-18,SMA-APP-199,HSR Layout,1,37049
2026-10-18,SMA-APP-202,HSR Layout,1,24889
2026-10-18,SMA-NOI-194,HSR Layout,2,3419
2026-10-18,SMA-NOI-195,HSR Layout,2,28799
2026-10-18,SMA-NOI-197,HSR Layout,1,7559
2026-10-18,SMA-NOI-200,HSR Layout,1,28784
2026-10-18,SMA-ONE-103,HSR Layout,1,28499
2026-10-18,SMA-SAM-101,HSR Layout,1,46599
2026-10-18,SMA-SAM-112,HSR Layout,1,49589
2026-10-18,SMA-SAM-201,HSR Layout,1,4844
2026-10-18,SMA-VIV-102,HSR Layout,1,35399
2026-10-18,SMA-XIA-111,HSR Layout,1,59039
2026-10-18,SW-FIT-3,HSR Layout,2,8099
2026-10-18,TEL-SON-139,HSR Layout,1,73299
2026-10-18,TEL-TCL-137,HSR Layout,2,87029
2026-10-18,TEL-XIA-127,HSR Layout,1,18399
2026-10-18,TEL-XIA-136,HSR Layout,1,54899
2026-10-18,WAS-BOS-165,HSR Layout,2,42299
2026-10-18,WAS-SAM-163,HSR Layout,1,41899
2026-10-18,WAS-WHI-154,HSR Layout,2,48399
2026-10-18,ACC-ANK-232,Indiranagar,1,2599
2026-10-18,ACC-ANK-237,Indiranagar,3,2899
2026-10-18,ACC-ANK-239,Indiranagar,1,1199
2026-10-18,ACC-BEL-231,Indiranagar,1,499
2026-10-18,ACC-BEL-238,Indiranagar,1,3039
2026-10-18,ACC-MI-243,Indiranagar,2,2599
2026-10-18,ACC-POR-236,Indiranagar,1,449
2026-10-18,ACC-POR-241,Indiranagar,2,1439
2026-10-18,ACC-POR-242,Indiranagar,1,1499
2026-10-18,CAM-CAN-206,Indiranagar,1,67199
2026-10-18,CAM-CAN-207,Indiranagar,3,86579
2026-10-18,CAM-SON-205,Indiranagar,1,57599
2026-10-18,GAM-MIC-230,Indiranagar,1,30299
2026-10-18,GAM-NIN-220,Indiranagar,1,41419
2026-10-18,GAM-NIN-226,Indiranagar,1,30689
2026-10-18,GAM-SON-219,Indiranagar,1,51399
2026-10-18,GAM-SON-221,Indiranagar,1,39239
2026-10-18,HEA-BOS-181,Indiranagar,2,9899
2026-10-18,HEA-BOS-190,Indiranagar,3,25919
2026-10-18,HEA-JBL-185,Indiranagar,3,11969
2026-10-18,HEA-JBL-187,Indiranagar,1,23899
2026-10-18,HEA-SON-179,Indiranagar,1,6599
2026-10-18,HP-ANC-700,Indiranagar,2,19990
2026-10-18,LAP-ACE-118,Indiranagar,1,52199
2026-10-18,LAP-DEL-115,Indiranagar,1,107349
2026-10-18,LAP-DEL-122,Indiranagar,2,94399
2026-10-18,LAP-DEL-124,Indiranagar,1,74954
2026-10-18,LAP-I5-G12,Indiranagar,1,54140
2026-10-18,REF-LG-144,Indiranagar,1,32599
2026-10-18,REF-LG-149,Indiranagar,1,27699
2026-10-18,REF-LG-151,Indiranagar,1,51749
2026-10-18,REF-LG-152,Indiranagar,1,75799
2026-10-18,SMA-AMA-192,Indiranagar,1,40299
2026-10-18,SMA-APP-199,Indiranagar,1,38999
2026-10-18,SMA-NOI-197,Indiranagar,1,8399
2026-10-18,SMA-NOI-200,Indiranagar,2,27269
2026-10-18,TEL-SAM-128,Indiranagar,1,119499
2026-10-18,TEL-SAM-133,Indiranagar,1,44009
2026-10-18,TEL-TCL-131,Indiranagar,1,34919
2026-10-18,TEL-XIA-132,Indiranagar,1,102219
2026-10-18,TEL-XIA-136,Indiranagar,2,54899
2026-10-18,WAS-BOS-158,Indiranagar,1,30599
2026-10-18,WAS-IFB-153,Indiranagar,1,20249
2026-10-18,WAS-IFB-159,Indiranagar,1,34699
2026-10-18,ACC-MI-240,Jayanagar,1,3509
2026-10-18,AIR-BLU-173,Jayanagar,1,55399
2026-10-18,AIR-LG-169,Jayanagar,2,32099
2026-10-18,AIR-VOL-174,Jayanagar,1,37299
2026-10-18,CAM-NIK-215,Jayanagar,2,42799
2026-10-18,CAM-NIK-217,Jayanagar,1,59199
2026-10-18,GAM-NIN-220,Jayanagar,1,43599
2026-10-18,GAM-NIN-228,Jayanagar,2,49799
2026-10-18,GAM-SON-221,Jayanagar,1,43599
2026-10-18,GAM-SON-222,Jayanagar,1,54699
2026-10-18,HEA-BOA-189,Jayanagar,1,21299
2026-10-18,HEA-BOS-181,Jayanagar,2,9899
2026-10-18,HEA-BOS-186,Jayanagar,1,16099
2026-10-18,HEA-BOS-190,Jayanagar,1,27359
2026-10-18,HEA-JBL-182,Jayanagar,2,24899
2026-10-18,HEA-JBL-185,Jayanagar,1,11339
2026-10-18,LAP-DEL-122,Jayanagar,1,94399
2026-10-18,LAP-DEL-124,Jayanagar,2,78899
2026-10-18,LAP-HP-114,Jayanagar,1,45899
2026-10-18,REF-GOD-140,Jayanagar,2,30099
2026-10-18,REF-LG-141,Jayanagar,2,84899
2026-10-18,REF-LG-144,Jayanagar,1,32599
2026-10-18,REF-LG-150,Jayanagar,4,49399
2026-10-18,REF-LG-152,Jayanagar,1,75799
2026-10-18,REF-WHI-145,Jayanagar,1,56999
2026-10-18,SMA-ONE-107,Jayanagar,1,66499
2026-10-18,SMA-SAM-108,Jayanagar,1,52439
2026-10-18,SMA-SAM-112,Jayanagar,1,49589
2026-10-18,SMA-SAM-113,Jayanagar,1,48639
2026-10-18,SMA-SAM-193,Jayanagar,2,11499
2026-10-18,SMA-VIV-102,Jayanagar,1,35399
2026-10-18,SMA-XIA-111,Jayanagar,2,62319
2026-10-18,TEL-LG-138,Jayanagar,2,81629
2026-10-18,TEL-XIA-127,Jayanagar,1,18399
2026-10-18,TEL-XIA-136,Jayanagar,2,52154
2026-10-18,WAS-BOS-165,Jayanagar,1,38069
2026-10-18,WAS-IFB-162,Jayanagar,1,16699
2026-10-18,WAS-LG-155,Jayanagar,1,43999
2026-10-18,WAS-WHI-161,Jayanagar,1,17599
2026-10-18,WM-FL-8KG,Jayanagar,2,36990
2026-10-18,ACC-ANK-233,Koramangala,1,3399
2026-10-18,ACC-BEL-231,Koramangala,1,499
2026-10-18,ACC-MI-243,Koramangala,1,2339
2026-10-18,ACC-POR-236,Koramangala,2,449
2026-10-18,ACC-POR-241,Koramangala,2,1519
2026-10-18,AIR-BLU-167,Koramangala,2,61599
2026-10-18,AIR-DAI-172,Koramangala,2,55859
2026-10-18,AIR-LG-170,Koramangala,2,32399
2026-10-18,AIR-LG-175,Koramangala,1,43509
2026-10-18,CAM-CAN-213,Koramangala,1,53639
2026-10-18,CAM-NIK-211,Koramangala,1,100319
2026-10-18,GAM-MIC-225,Koramangala,2,52399
2026-10-18,GAM-NIN-220,Koramangala,1,39239
2026-10-18,GAM-NIN-228,Koramangala,1,44819
2026-10-18,GAM-NIN-229,Koramangala,1,47689
2026-10-18,GAM-SON-219,Koramangala,2,46259
2026-10-18,GAM-SON-221,Koramangala,1,43599
2026-10-18,GAM-SON-222,Koramangala,1,54699
2026-10-18,HEA-BOA-189,Koramangala,2,20234
2026-10-18,HEA-BOA-191,Koramangala,1,22499
2026-10-18,HEA-BOS-181,Koramangala,1,9899
2026-10-18,HEA-JBL-182,Koramangala,2,24899
2026-10-18,LAP-ACE-118,Koramangala,1,49589
2026-10-18,LAP-ASU-120,Koramangala,1,82199
2026-10-18,LAP-DEL-121,Koramangala,1,61084
2026-10-18,LAP-DEL-124,Koramangala,2,74954
2026-10-18,LAP-HP-114,Koramangala,1,43604
2026-10-18,REF-GOD-143,Koramangala,1,46169
2026-10-18,REF-SAM-147,Koramangala,2,40679
2026-10-18,SMA-APP-198,Koramangala,2,24794
2026-10-18,SMA-NOI-194,Koramangala,2,3599
2026-10-18,SMA-NOI-195,Koramangala,1,25919
2026-10-18,SMA-NOI-200,Koramangala,1,30299
2026-10-18,SMA-ONE-107,Koramangala,1,63174
2026-10-18,SMA-SAM-193,Koramangala,3,11499
2026-10-18,SW-FIT-3,Koramangala,1,8999
2026-10-18,TEL-LG-138,Koramangala,2,86164
2026-10-18,TEL-SAM-133,Koramangala,1,48899
2026-10-18,TEL-SON-135,Koramangala,1,46499
2026-10-18,TEL-XIA-132,Koramangala,3,107599
2026-10-18,TEL-XIA-134,Koramangala,1,119999
2026-10-18,TEL-XIA-136,Koramangala,1,49409
2026-10-18,TV-55Q7,Koramangala,1,53091
2026-10-18,WAS-BOS-165,Koramangala,1,38069
2026-10-18,WAS-IFB-159,Koramangala,2,31229
2026-10-18,WAS-WHI-164,Koramangala,1,15389
2026-10-18,ACC-ANK-233,Malleshwaram,1,3399
2026-10-18,ACC-ANK-237,Malleshwaram,1,2609
2026-10-18,ACC-BEL-238,Malleshwaram,1,2879
2026-10-18,ACC-MI-240,Malleshwaram,1,3509
2026-10-18,ACC-POR-242,Malleshwaram,1,1424
2026-10-18,AIR-DAI-176,Malleshwaram,1,44649
2026-10-18,AIR-LG-166,Malleshwaram,1,47974
2026-10-18,AIR-LG-168,Malleshwaram,1,32999
2026-10-18,AIR-LG-170,Malleshwaram,1,32399
2026-10-18,AIR-VOL-174,Malleshwaram,1,37299
2026-10-18,CAM-CAN-206,Malleshwaram,3,67199
2026-10-18,GAM-MIC-225,Malleshwaram,1,49779
2026-10-18,GAM-MIC-227,Malleshwaram,1,44899
2026-10-18,GAM-NIN-228,Malleshwaram,1,44819
2026-10-18,GAM-NIN-229,Malleshwaram,3,50199
2026-10-18,GAM-SON-219,Malleshwaram,1,51399
2026-10-18,GAM-SON-221,Malleshwaram,2,39239
2026-10-18,GAM-SON-222,Malleshwaram,1,51964
2026-10-18,HEA-BOA-183,Malleshwaram,3,4899
2026-10-18,HEA-BOA-191,Malleshwaram,1,24999
2026-10-18,HEA-BOS-181,Malleshwaram,1,9404
2026-10-18,HEA-BOS-190,Malleshwaram,2,28799
2026-10-18,HEA-JBL-185,Malleshwaram,1,11969
2026-10-18,HEA-JBL-187,Malleshwaram,1,22704
2026-10-18,HP-ANC-700,Malleshwaram,1,19990
2026-10-18,LAP-ACE-118,Malleshwaram,1,52199
2026-10-18,LAP-DEL-121,Malleshwaram,1,61084
2026-10-18,LAP-LEN-125,Malleshwaram,1,79699
2026-10-18,LAP-LEN-126,Malleshwaram,1,104784
2026-10-18,REF-GOD-140,Malleshwaram,2,28594
2026-10-18,REF-GOD-143,Malleshwaram,1,46169
2026-10-18,REF-GOD-146,Malleshwaram,1,34399
2026-10-18,REF-GOD-148,Malleshwaram,2,59219
2026-10-18,REF-LG-144,Malleshwaram,1,32599
2026-10-18,REF-LG-151,Malleshwaram,1,57499
2026-10-18,REF-LG-152,Malleshwaram,2,75799
2026-10-18,SMA-APP-109,Malleshwaram,1,41229
2026-10-18,SMA-APP-202,Malleshwaram,2,26199
2026-10-18,SMA-NOI-195,Malleshwaram,1,28799
2026-10-18,SMA-NOI-197,Malleshwaram,2,7559
2026-10-18,SMA-XIA-111,Malleshwaram,2,65599
2026-10-18,TEL-SON-139,Malleshwaram,1,73299
2026-10-18,TEL-XIA-127,Malleshwaram,1,18399
2026-10-18,TV-65U8,Malleshwaram,1,64990
2026-10-18,WAS-BOS-165,Malleshwaram,2,40184
2026-10-18,WAS-LG-155,Malleshwaram,1,39599
2026-10-18,ACC-ANK-237,Whitefield,1,2899
2026-10-18,ACC-ANK-239,Whitefield,1,1139
2026-10-18,ACC-BEL-231,Whitefield,1,474
2026-10-18,ACC-POR-235,Whitefield,1,539
2026-10-18,ACC-POR-241,Whitefield,1,1599
2026-10-18,AIR-DAI-172,Whitefield,1,58799
2026-10-18,AIR-LG-169,Whitefield,3,32099
2026-10-18,AIR-VOL-174,Whitefield,1,37299
2026-10-18,CAM-CAN-214,Whitefield,1,57299
2026-10-18,CAM-NIK-209,Whitefield,1,68599
2026-10-18,CAM-NIK-215,Whitefield,1,42799
2026-10-18,CAM-SON-208,Whitefield,2,107499
2026-10-18,GAM-MIC-218,Whitefield,1,50999
2026-10-18,GAM-MIC-223,Whitefield,1,48399
2026-10-18,GAM-MIC-230,Whitefield,1,30299
2026-10-18,GAM-NIN-220,Whitefield,1,41419
2026-10-18,GAM-SON-219,Whitefield,1,51399
2026-10-18,HEA-BOS-181,Whitefield,1,9404
2026-10-18,HEA-JBL-180,Whitefield,1,18089
2026-10-18,HEA-JBL-187,Whitefield,1,23899
2026-10-18,HEA-SON-188,Whitefield,2,4599
2026-10-18,LAP-HP-114,Whitefield,1,43604
2026-10-18,LAP-HP-119,Whitefield,1,63359
2026-10-18,LAP-LEN-117,Whitefield,1,58999
2026-10-18,LAP-LEN-125,Whitefield,3,79699
2026-10-18,LAP-LEN-126,Whitefield,2,99269
2026-10-18,REF-GOD-146,Whitefield,2,34399
2026-10-18,REF-LG-149,Whitefield,1,27699
2026-10-18,REF-SAM-147,Whitefield,2,42939
2026-10-18,SMA-APP-109,Whitefield,3,39059
2026-10-18,SMA-APP-198,Whitefield,1,26099
2026-10-18,SMA-APP-199,Whitefield,1,38999
2026-10-18,SMA-APP-204,Whitefield,1,40374
2026-10-18,SMA-NOI-195,Whitefield,2,25919
2026-10-18,SMA-NOI-200,Whitefield,2,30299
2026-10-18,SMA-XIA-104,Whitefield,2,65429
2026-10-18,SMA-XIA-111,Whitefield,1,62319
2026-10-18,TEL-LG-138,Whitefield,1,90699
2026-10-18,TEL-SON-135,Whitefield,1,41849
2026-10-18,TEL-SON-139,Whitefield,1,73299
2026-10-18,TEL-XIA-136,Whitefield,1,52154
2026-10-18,TV-65U8,Whitefield,1,61740
2026-10-18,WAS-IFB-153,Whitefield,2,22499
2026-10-18,WAS-IFB-157,Whitefield,1,33499
2026-10-18,WAS-LG-155,Whitefield,2,39599
2026-10-19,ACC-POR-241,HSR Layout,1,1439
2026-10-19,AIR-BLU-167,HSR Layout,1,58519
2026-10-19,AIR-LG-169,HSR Layout,1,28889
2026-10-19,AIR-LG-170,HSR Layout,2,29159
2026-10-19,AIR-VOL-174,HSR Layout,1,37299
2026-10-19,CAM-CAN-210,HSR Layout,1,83899
2026-10-19,CAM-NIK-209,HSR Layout,1,68599
2026-10-19,CAM-NIK-212,HSR Layout,1,89549
2026-10-19,GAM-MIC-227,HSR Layout,1,42654
2026-10-19,GAM-NIN-228,HSR Layout,3,49799
2026-10-19,GAM-SON-219,HSR Layout,4,51399
2026-10-19,HEA-BOS-190,HSR Layout,2,25919
2026-10-19,HEA-JBL-182,HSR Layout,4,23654
2026-10-19,HEA-JBL-187,HSR Layout,1,21509
2026-10-19,HEA-SON-179,HSR Layout,1,5939
2026-10-19,LAP-I5-G12,HSR Layout,1,54140
2026-10-19,LAP-LEN-125,HSR Layout,1,79699
2026-10-19,REF-GOD-148,HSR Layout,2,65799
2026-10-19,REF-LG-150,HSR Layout,1,46929
2026-10-19,SMA-AMA-192,HSR Layout,2,38284
2026-10-19,SMA-AMA-203,HSR Layout,1,12899
2026-10-19,SMA-APP-199,HSR Layout,1,37049
2026-10-19,SMA-APP-204,HSR Layout,1,42499
2026-10-19,SMA-ONE-106,HSR Layout,1,75869
2026-10-19,SMA-VIV-102,HSR Layout,1,35399
2026-10-19,SW-FIT-3,HSR Layout,1,8549
2026-10-19,TEL-SON-130,HSR Layout,1,53099
2026-10-19,TEL-SON-135,HSR Layout,1,44174
2026-10-19,TEL-TCL-129,HSR Layout,1,105299
2026-10-19,TEL-XIA-127,HSR Layout,1,18399
2026-10-19,TEL-XIA-136,HSR Layout,1,54899
2026-10-19,TV-55Q7,HSR Layout,2,58990
2026-10-19,WAS-BOS-165,HSR Layout,1,38069
2026-10-19,WAS-IFB-159,HSR Layout,1,34699
2026-10-19,WAS-LG-160,HSR Layout,1,38189
2026-10-19,WAS-WHI-154,HSR Layout,1,43559
2026-10-19,ACC-ANK-232,Indiranagar,1,2599
2026-10-19,ACC-ANK-237,Indiranagar,1,2899
2026-10-19,ACC-BEL-234,Indiranagar,1,1424
2026-10-19,ACC-POR-241,Indiranagar,1,1599
2026-10-19,ACC-POR-242,Indiranagar,1,1499
2026-10-19,AIR-LG-166,Indiranagar,1,50499
2026-10-19,AIR-LG-168,Indiranagar,1,31349
2026-10-19,CAM-CAN-207,Indiranagar,3,96199
2026-10-19,CAM-NIK-209,Indiranagar,1,61739
2026-10-19,CAM-NIK-211,Indiranagar,1,105599
2026-10-19,CAM-SON-205,Indiranagar,2,57599
2026-10-19,GAM-MIC-218,Indiranagar,2,50999
2026-10-19,GAM-MIC-230,Indiranagar,1,30299
2026-10-19,GAM-NIN-224,Indiranagar,1,28079
2026-10-19,HEA-BOA-183,Indiranagar,1,4654
2026-10-19,HEA-BOA-189,Indiranagar,3,21299
2026-10-19,HEA-BOS-181,Indiranagar,1,8909
2026-10-19,HEA-JBL-180,Indiranagar,1,20099
2026-10-19,HEA-JBL-185,Indiranagar,3,12599
2026-10-19,HP-ANC-700,Indiranagar,5,19990
2026-10-19,LAP-DEL-124,Indiranagar,1,74954
2026-10-19,LAP-LEN-116,Indiranagar,1,90399
2026-10-19,LAP-LEN-125,Indiranagar,1,79699
2026-10-19,REF-GOD-142,Indiranagar,1,37979
2026-10-19,REF-GOD-146,Indiranagar,1,34399
2026-10-19,SMA-AMA-192,Indiranagar,2,40299
2026-10-19,SMA-AMA-203,Indiranagar,1,12899
2026-10-19,SMA-APP-199,Indiranagar,1,38999
2026-10-19,SMA-APP-204,Indiranagar,1,42499
2026-10-19,SMA-NOI-194,Indiranagar,1,3599
2026-10-19,SMA-NOI-195,Indiranagar,1,28799
2026-10-19,SMA-NOI-200,Indiranagar,1,30299
2026-10-19,SMA-ONE-105,Indiranagar,1,47309
2026-10-19,SMA-SAM-201,Indiranagar,1,5099
2026-10-19,TEL-XIA-127,Indiranagar,3,17479
2026-10-19,TV-65U8,Indiranagar,1,64990
2026-10-19,ACC-ANK-232,Jayanagar,1,2339
2026-10-19,ACC-BEL-231,Jayanagar,2,474
2026-10-19,ACC-MI-240,Jayanagar,1,3899
2026-10-19,ACC-POR-242,Jayanagar,1,1499
2026-10-19,AIR-BLU-173,Jayanagar,1,49859
2026-10-19,AIR-LG-166,Jayanagar,1,50499
2026-10-19,AIR-LG-169,Jayanagar,1,32099
2026-10-19,AIR-LG-175,Jayanagar,1,45799
2026-10-19,CAM-NIK-215,Jayanagar,1,42799
2026-10-19,CAM-NIK-217,Jayanagar,1,56239
2026-10-19,GAM-NIN-226,Jayanagar,2,34099
2026-10-19,GAM-SON-221,Jayanagar,1,43599
2026-10-19,HEA-BOA-183,Jayanagar,1,4899
2026-10-19,HEA-BOS-181,Jayanagar,3,9899
2026-10-19,LAP-DEL-123,Jayanagar,1,99899
2026-10-19,LAP-LEN-116,Jayanagar,1,85879
2026-10-19,LAP-LEN-126,Jayanagar,1,110299
2026-10-19,REF-LG-141,Jayanagar,1,76409
2026-10-19,REF-LG-144,Jayanagar,1,32599
2026-10-19,REF-LG-150,Jayanagar,1,44459
2026-10-19,REF-LG-152,Jayanagar,2,72009
2026-10-19,REF-WHI-145,Jayanagar,1,56999
2026-10-19,SMA-AMA-192,Jayanagar,2,40299
2026-10-19,SMA-NOI-197,Jayanagar,1,8399
2026-10-19,SMA-ONE-103,Jayanagar,1,28499
2026-10-19,SMA-SAM-112,Jayanagar,1,52344
2026-10-19,SMA-SAM-193,Jayanagar,1,10924
2026-10-19,SMA-XIA-111,Jayanagar,1,65599
2026-10-19,TEL-SAM-128,Jayanagar,1,119499
2026-10-19,TEL-XIA-132,Jayanagar,2,107599
2026-10-19,TEL-XIA-136,Jayanagar,1,49409
2026-10-19,WAS-LG-160,Jayanagar,1,40199
2026-10-19,WAS-SAM-156,Jayanagar,1,24479
2026-10-19,WAS-WHI-161,Jayanagar,2,17599
2026-10-19,WAS-WHI-164,Jayanagar,1,17099
2026-10-19,WM-FL-8KG,Jayanagar,1,33291
2026-10-19,ACC-ANK-232,Koramangala,1,2339
2026-10-19,ACC-ANK-233,Koramangala,1,3059
2026-10-19,ACC-BEL-238,Koramangala,2,3039
2026-10-19,ACC-MI-243,Koramangala,1,2339
2026-10-19,ACC-POR-236,Koramangala,1,499
2026-10-19,AIR-BLU-167,Koramangala,2,61599
2026-10-19,AIR-LG-170,Koramangala,1,29159
2026-10-19,CAM-CAN-210,Koramangala,2,83899
2026-10-19,CAM-NIK-209,Koramangala,1,65169
2026-10-19,CAM-NIK-211,Koramangala,1,95039
2026-10-19,GAM-MIC-218,Koramangala,1,48449
2026-10-19,GAM-MIC-223,Koramangala,1,48399
2026-10-19,GAM-NIN-220,Koramangala,1,43599
2026-10-19,GAM-NIN-226,Koramangala,2,34099
2026-10-19,HEA-BOA-189,Koramangala,1,21299
2026-10-19,HEA-JBL-184,Koramangala,1,21059
2026-10-19,HEA-SON-188,Koramangala,1,4599
2026-10-19,LAP-ACE-118,Koramangala,1,52199
2026-10-19,LAP-ASU-120,Koramangala,1,82199
2026-10-19,LAP-DEL-121,Koramangala,1,64299
2026-10-19,LAP-DEL-122,Koramangala,1,84959
2026-10-19,REF-LG-141,Koramangala,1,80654
2026-10-19,REF-LG-149,Koramangala,2,26314
2026-10-19,SMA-APP-199,Koramangala,1,38999
2026-10-19,SMA-NOI-194,Koramangala,1,3239
2026-10-19,SMA-NOI-195,Koramangala,1,28799
2026-10-19,SMA-NOI-197,Koramangala,2,8399
2026-10-19,SMA-ONE-107,Koramangala,1,63174
2026-10-19,SMA-SAM-113,Koramangala,1,51199
2026-10-19,SMA-SAM-193,Koramangala,1,11499
2026-10-19,SMA-XIA-111,Koramangala,1,62319
2026-10-19,TEL-LG-138,Koramangala,2,90699
2026-10-19,TEL-SAM-133,Koramangala,1,48899
2026-10-19,TEL-TCL-131,Koramangala,1,34919
2026-10-19,TEL-TCL-137,Koramangala,1,96699
2026-10-19,TEL-XIA-127,Koramangala,1,18399
2026-10-19,TV-55Q7,Koramangala,2,56040
2026-10-19,WAS-SAM-156,Koramangala,1,27199
2026-10-19,ACC-ANK-233,Malleshwaram,1,3399
2026-10-19,ACC-POR-236,Malleshwaram,1,499
2026-10-19,AIR-DAI-172,Malleshwaram,1,55859
2026-10-19,AIR-DAI-176,Malleshwaram,1,42299
2026-10-19,AIR-LG-166,Malleshwaram,1,45449
2026-10-19,AIR-LG-170,Malleshwaram,1,29159
2026-10-19,AIR-VOL-177,Malleshwaram,2,34099
2026-10-19,CAM-NIK-212,Malleshwaram,1,99499
2026-10-19,CAM-NIK-215,Malleshwaram,3,42799
2026-10-19,CAM-NIK-216,Malleshwaram,1,86199
2026-10-19,CAM-NIK-217,Malleshwaram,1,59199
2026-10-19,GAM-MIC-225,Malleshwaram,2,52399
2026-10-19,HEA-BOA-183,Malleshwaram,1,4409
2026-10-19,HEA-BOS-181,Malleshwaram,1,9899
2026-10-19,HP-ANC-700,Malleshwaram,1,19990
2026-10-19,LAP-ACE-118,Malleshwaram,3,52199
2026-10-19,LAP-ASU-120,Malleshwaram,1,82199
2026-10-19,LAP-DEL-123,Malleshwaram,1,94904
2026-10-19,LAP-HP-119,Malleshwaram,2,66879
2026-10-19,REF-LG-144,Malleshwaram,1,30969
2026-10-19,REF-LG-151,Malleshwaram,4,51749
2026-10-19,SMA-ONE-107,Malleshwaram,1,66499
2026-10-19,SMA-SAM-108,Malleshwaram,1,55199
2026-10-19,SMA-SAM-196,Malleshwaram,1,18049
2026-10-19,SMA-SAM-201,Malleshwaram,2,4844
2026-10-19,TV-55Q7,Malleshwaram,1,58990
2026-10-19,WAS-LG-160,Malleshwaram,2,36179
2026-10-19,ACC-ANK-232,Whitefield,1,2469
2026-10-19,ACC-POR-242,Whitefield,1,1349
2026-10-19,AIR-DAI-172,Whitefield,1,58799
2026-10-19,AIR-DAI-176,Whitefield,1,46999
2026-10-19,AIR-LG-168,Whitefield,1,29699
2026-10-19,AIR-LG-170,Whitefield,1,30779
2026-10-19,AIR-LG-171,Whitefield,2,57699
2026-10-19,AIR-LG-175,Whitefield,1,41219
2026-10-19,CAM-NIK-209,Whitefield,1,68599
2026-10-19,GAM-MIC-227,Whitefield,3,40409
2026-10-19,GAM-SON-222,Whitefield,1,54699
2026-10-19,HEA-BOA-189,Whitefield,1,21299
2026-10-19,HEA-BOS-190,Whitefield,1,28799
2026-10-19,HEA-JBL-187,Whitefield,1,21509
2026-10-19,HP-ANC-700,Whitefield,2,19990
2026-10-19,LAP-ASU-120,Whitefield,1,82199
2026-10-19,LAP-I5-G12,Whitefield,1,51291
2026-10-19,LAP-LEN-116,Whitefield,1,90399
2026-10-19,LAP-LEN-117,Whitefield,1,56049
2026-10-19,LAP-LEN-125,Whitefield,2,79699
2026-10-19,REF-GOD-146,Whitefield,2,34399
2026-10-19,REF-LG-144,Whitefield,1,32599
2026-10-19,REF-LG-149,Whitefield,2,27699
2026-10-19,REF-LG-150,Whitefield,2,49399
2026-10-19,REF-SAM-147,Whitefield,1,45199
2026-10-19,SMA-AMA-203,Whitefield,1,12254
2026-10-19,SMA-APP-109,Whitefield,1,43399
2026-10-19,SMA-APP-198,Whitefield,3,26099
2026-10-19,SMA-APP-199,Whitefield,1,38999
2026-10-19,SMA-APP-202,Whitefield,2,23579
2026-10-19,SMA-NOI-195,Whitefield,2,27359
2026-10-19,SMA-NOI-200,Whitefield,1,30299
2026-10-19,SMA-SAM-101,Whitefield,1,46599
2026-10-19,SMA-SAM-113,Whitefield,1,46079
2026-10-19,SMA-VIV-102,Whitefield,1,35399
2026-10-19,TEL-LG-138,Whitefield,1,81629
2026-10-19,TEL-XIA-132,Whitefield,1,107599
2026-10-19,TEL-XIA-136,Whitefield,1,52154
2026-10-19,WAS-BOS-158,Whitefield,2,33999
2026-10-19,WAS-IFB-153,Whitefield,1,22499
2026-10-19,WAS-WHI-161,Whitefield,1,17599
2026-10-19,WAS-WHI-164,Whitefield,1,17099
2026-10-20,ACC-ANK-233,HSR Layout,1,3399
2026-10-20,ACC-ANK-239,HSR Layout,3,1199
2026-10-20,ACC-BEL-231,HSR Layout,1,474
2026-10-20,ACC-MI-243,HSR Layout,1,2599
2026-10-20,ACC-POR-235,HSR Layout,1,599
2026-10-20,AIR-BLU-173,HSR Layout,1,52629
2026-10-20,AIR-LG-166,HSR Layout,2,47974
2026-10-20,AIR-LG-170,HSR Layout,2,30779
2026-10-20,AIR-VOL-177,HSR Layout,1,32394
2026-10-20,CAM-SON-208,HSR Layout,1,107499
2026-10-20,GAM-NIN-224,HSR Layout,1,29639
2026-10-20,GAM-NIN-228,HSR Layout,2,49799
2026-10-20,GAM-SON-219,HSR Layout,1,46259
2026-10-20,HEA-BOS-186,HSR Layout,1,16099
2026-10-20,HEA-JBL-182,HSR Layout,2,24899
2026-10-20,HP-ANC-700,HSR Layout,3,18990
2026-10-20,LAP-LEN-116,HSR Layout,1,85879
2026-10-20,LAP-LEN-125,HSR Layout,1,79699
2026-10-20,REF-GOD-148,HSR Layout,1,62509
2026-10-20,REF-LG-141,HSR Layout,1,84899
2026-10-20,REF-LG-144,HSR Layout,2,32599
2026-10-20,REF-LG-151,HSR Layout,1,54624
2026-10-20,REF-WHI-145,HSR Layout,1,56999
2026-10-20,SMA-APP-202,HSR Layout,1,26199
2026-10-20,SMA-NOI-194,HSR Layout,2,3599
2026-10-20,SMA-NOI-195,HSR Layout,3,28799
2026-10-20,SMA-ONE-105,HSR Layout,1,49799
2026-10-20,SMA-ONE-106,HSR Layout,1,75869
2026-10-20,SMA-SAM-113,HSR Layout,1,51199
2026-10-20,SMA-XIA-104,HSR Layout,1,72699
2026-10-20,SMA-XIA-111,HSR Layout,1,65599
2026-10-20,TEL-TCL-131,HSR Layout,1,38799
2026-10-20,TEL-XIA-127,HSR Layout,1,18399
2026-10-20,TEL-XIA-136,HSR Layout,2,54899
2026-10-20,TV-55Q7,HSR Layout,2,53091
2026-10-20,WAS-BOS-165,HSR Layout,3,42299
2026-10-20,WAS-IFB-153,HSR Layout,1,21374
2026-10-20,WAS-IFB-159,HSR Layout,2,34699
2026-10-20,WAS-WHI-154,HSR Layout,3,45979
2026-10-20,WM-FL-8KG,HSR Layout,1,36990
2026-10-20,ACC-ANK-237,Indiranagar,2,2899
2026-10-20,ACC-BEL-231,Indiranagar,1,499
2026-10-20,ACC-MI-243,Indiranagar,1,2339
2026-10-20,ACC-POR-236,Indiranagar,1,499
2026-10-20,ACC-POR-242,Indiranagar,1,1349
2026-10-20,AIR-BLU-167,Indiranagar,2,55439
2026-10-20,AIR-BLU-178,Indiranagar,1,39199
2026-10-20,AIR-LG-166,Indiranagar,1,50499
2026-10-20,CAM-CAN-207,Indiranagar,2,96199
2026-10-20,CAM-NIK-212,Indiranagar,1,99499
2026-10-20,CAM-SON-205,Indiranagar,3,57599
2026-10-20,CAM-SON-208,Indiranagar,1,102124
2026-10-20,GAM-MIC-225,Indiranagar,1,47159
2026-10-20,GAM-SON-219,Indiranagar,1,51399
2026-10-20,GAM-SON-222,Indiranagar,1,54699
2026-10-20,HEA-BOA-189,Indiranagar,1,21299
2026-10-20,HEA-BOA-191,Indiranagar,1,24999
2026-10-20,HEA-BOS-186,Indiranagar,1,15294
2026-10-20,HEA-JBL-185,Indiranagar,3,12599
2026-10-20,HEA-JBL-187,Indiranagar,2,23899
2026-10-20,HEA-SON-179,Indiranagar,1,6599
2026-10-20,HP-ANC-700,Indiranagar,5,19990
2026-10-20,LAP-ACE-118,Indiranagar,1,52199
2026-10-20,LAP-I5-G12,Indiranagar,1,54140
2026-10-20,LAP-LEN-116,Indiranagar,1,85879
2026-10-20,REF-LG-152,Indiranagar,1,75799
2026-10-20,SMA-AMA-203,Indiranagar,1,12899
2026-10-20,SMA-APP-199,Indiranagar,1,38999
2026-10-20,SMA-NOI-194,Indiranagar,1,3239
2026-10-20,SMA-NOI-200,Indiranagar,2,30299
2026-10-20,SMA-SAM-112,Indiranagar,1,52344
2026-10-20,TEL-SAM-133,Indiranagar,1,48899
2026-10-20,TEL-SON-130,Indiranagar,1,58999
2026-10-20,WAS-WHI-164,Indiranagar,2,17099
2026-10-20,ACC-ANK-232,Jayanagar,1,2599
2026-10-20,ACC-BEL-231,Jayanagar,1,474
2026-10-20,ACC-POR-241,Jayanagar,2,1599
2026-10-20,AIR-BLU-173,Jayanagar,1,55399
2026-10-20,AIR-DAI-176,Jayanagar,1,42299
2026-10-20,AIR-LG-166,Jayanagar,1,47974
2026-10-20,AIR-LG-169,Jayanagar,1,30494
2026-10-20,AIR-LG-170,Jayanagar,1,32399
2026-10-20,AIR-LG-175,Jayanagar,1,43509
2026-10-20,AIR-VOL-174,Jayanagar,1,37299
2026-10-20,AIR-VOL-177,Jayanagar,1,34099
2026-10-20,CAM-NIK-215,Jayanagar,1,40659
2026-10-20,CAM-NIK-217,Jayanagar,1,53279
2026-10-20,GAM-NIN-228,Jayanagar,1,49799
2026-10-20,GAM-NIN-229,Jayanagar,1,50199
2026-10-20,HEA-BOA-189,Jayanagar,2,21299
2026-10-20,HEA-BOS-181,Jayanagar,1,9899
2026-10-20,HEA-JBL-182,Jayanagar,1,24899
2026-10-20,HEA-JBL-184,Jayanagar,1,21059
2026-10-20,LAP-ASU-120,Jayanagar,1,73979
2026-10-20,REF-LG-141,Jayanagar,1,84899
2026-10-20,REF-LG-149,Jayanagar,1,27699
2026-10-20,SMA-SAM-108,Jayanagar,1,49679
2026-10-20,SMA-VIV-102,Jayanagar,1,35399
2026-10-20,SMA-XIA-104,Jayanagar,1,69064
2026-10-20,TEL-SON-139,Jayanagar,2,73299
2026-10-20,TEL-XIA-136,Jayanagar,1,54899
2026-10-20,WAS-LG-160,Jayanagar,1,40199
2026-10-20,WAS-WHI-161,Jayanagar,2,17599
2026-10-20,WAS-WHI-164,Jayanagar,1,17099
2026-10-20,ACC-BEL-238,Koramangala,1,3199
2026-10-20,ACC-MI-243,Koramangala,1,2599
2026-10-20,ACC-POR-235,Koramangala,1,599
2026-10-20,ACC-POR-236,Koramangala,1,499
2026-10-20,AIR-BLU-167,Koramangala,1,61599
2026-10-20,AIR-LG-170,Koramangala,1,29159
2026-10-20,AIR-LG-175,Koramangala,1,45799
2026-10-20,CAM-CAN-213,Koramangala,2,59599
2026-10-20,CAM-NIK-212,Koramangala,1,99499
2026-10-20,GAM-MIC-218,Koramangala,3,48449
2026-10-20,GAM-MIC-225,Koramangala,1,47159
2026-10-20,GAM-NIN-220,Koramangala,1,43599
2026-10-20,GAM-NIN-228,Koramangala,1,49799
2026-10-20,GAM-SON-222,Koramangala,1,54699
2026-10-20,HEA-BOA-189,Koramangala,1,20234
2026-10-20,HEA-BOS-181,Koramangala,1,9404
2026-10-20,LAP-ASU-120,Koramangala,1,78089
2026-10-20,LAP-HP-114,Koramangala,2,45899
2026-10-20,REF-GOD-142,Koramangala,1,40089
2026-10-20,REF-GOD-146,Koramangala,1,34399
2026-10-20,REF-SAM-147,Koramangala,1,45199
2026-10-20,SMA-AMA-192,Koramangala,1,40299
2026-10-20,SMA-APP-110,Koramangala,1,25399
2026-10-20,SMA-APP-199,Koramangala,1,35099
2026-10-20,SMA-APP-202,Koramangala,1,26199
2026-10-20,SMA-NOI-194,Koramangala,1,3599
2026-10-20,SMA-NOI-195,Koramangala,2,28799
2026-10-20,SMA-NOI-197,Koramangala,1,8399
2026-10-20,SMA-SAM-108,Koramangala,2,55199
2026-10-20,SMA-SAM-113,Koramangala,1,46079
2026-10-20,SMA-SAM-193,Koramangala,2,11499
2026-10-20,TEL-LG-138,Koramangala,1,90699
2026-10-20,TEL-SON-135,Koramangala,1,46499
2026-10-20,TEL-SON-139,Koramangala,1,65969
2026-10-20,TEL-XIA-132,Koramangala,3,107599
2026-10-20,TEL-XIA-134,Koramangala,1,119999
2026-10-20,TV-55Q7,Koramangala,1,58990
2026-10-20,WAS-IFB-157,Koramangala,1,30149
2026-10-20,WAS-IFB-159,Koramangala,2,34699
2026-10-20,WAS-IFB-162,Koramangala,1,16699
2026-10-20,WAS-SAM-156,Koramangala,1,27199
2026-10-20,ACC-ANK-237,Malleshwaram,1,2899
2026-10-20,ACC-BEL-238,Malleshwaram,1,3199
2026-10-20,ACC-MI-240,Malleshwaram,1,3704
2026-10-20,ACC-POR-241,Malleshwaram,3,1599
2026-10-20,AIR-BLU-178,Malleshwaram,1,39199
2026-10-20,AIR-LG-166,Malleshwaram,1,45449
2026-10-20,AIR-LG-168,Malleshwaram,1,31349
2026-10-20,CAM-CAN-206,Malleshwaram,3,67199
2026-10-20,CAM-NIK-211,Malleshwaram,1,105599
2026-10-20,CAM-NIK-217,Malleshwaram,2,59199
2026-10-20,CAM-SON-205,Malleshwaram,1,57599
2026-10-20,GAM-NIN-226,Malleshwaram,1,34099
2026-10-20,GAM-NIN-228,Malleshwaram,1,49799
2026-10-20,GAM-SON-221,Malleshwaram,1,41419
2026-10-20,GAM-SON-222,Malleshwaram,1,54699
2026-10-20,HEA-BOS-190,Malleshwaram,1,25919
2026-10-20,HEA-JBL-187,Malleshwaram,1,23899
2026-10-20,LAP-DEL-123,Malleshwaram,1,94904
2026-10-20,LAP-HP-119,Malleshwaram,1,70399
2026-10-20,LAP-LEN-116,Malleshwaram,1,81359
2026-10-20,LAP-LEN-126,Malleshwaram,1,110299
2026-10-20,REF-GOD-142,Malleshwaram,1,42199
2026-10-20,REF-GOD-143,Malleshwaram,1,51299
2026-10-20,REF-LG-151,Malleshwaram,2,57499
2026-10-20,REF-LG-152,Malleshwaram,2,75799
2026-10-20,REF-SAM-147,Malleshwaram,1,45199
2026-10-20,REF-WHI-145,Malleshwaram,1,56999
2026-10-20,SMA-APP-202,Malleshwaram,1,23579
2026-10-20,SMA-NOI-194,Malleshwaram,1,3599
2026-10-20,SMA-NOI-197,Malleshwaram,1,7559
2026-10-20,SMA-ONE-107,Malleshwaram,2,66499
2026-10-20,SMA-SAM-108,Malleshwaram,1,49679
2026-10-20,SMA-VIV-102,Malleshwaram,1,33629
2026-10-20,SMA-XIA-104,Malleshwaram,1,69064
2026-10-20,WAS-BOS-165,Malleshwaram,1,42299
2026-10-20,WAS-LG-160,Malleshwaram,3,40199
2026-10-20,WAS-SAM-156,Malleshwaram,2,25839
2026-10-20,WAS-WHI-161,Malleshwaram,1,17599
2026-10-20,ACC-ANK-233,Whitefield,1,3229
2026-10-20,ACC-BEL-238,Whitefield,1,3199
2026-10-20,AIR-LG-170,Whitefield,1,32399
2026-10-20,AIR-VOL-174,Whitefield,2,33569
2026-10-20,AIR-VOL-177,Whitefield,2,30689
2026-10-20,CAM-CAN-210,Whitefield,1,79704
2026-10-20,CAM-CAN-214,Whitefield,1,57299
2026-10-20,GAM-MIC-223,Whitefield,1,43559
2026-10-20,GAM-MIC-227,Whitefield,3,42654
2026-10-20,GAM-NIN-229,Whitefield,2,47689
2026-10-20,GAM-SON-222,Whitefield,1,54699
2026-10-20,HEA-BOA-191,Whitefield,2,23749
2026-10-20,HEA-BOS-181,Whitefield,1,8909
2026-10-20,HEA-JBL-180,Whitefield,2,20099
2026-10-20,HEA-JBL-184,Whitefield,1,23399
2026-10-20,HEA-JBL-185,Whitefield,1,11969
2026-10-20,HEA-SON-188,Whitefield,2,4369
2026-10-20,LAP-ACE-118,Whitefield,1,52199
2026-10-20,LAP-DEL-121,Whitefield,1,61084
2026-10-20,LAP-DEL-122,Whitefield,1,94399
2026-10-20,LAP-DEL-123,Whitefield,1,99899
2026-10-20,LAP-HP-114,Whitefield,1,45899
2026-10-20,LAP-LEN-116,Whitefield,1,81359
2026-10-20,LAP-LEN-125,Whitefield,1,79699
2026-10-20,REF-GOD-146,Whitefield,2,34399
2026-10-20,REF-WHI-145,Whitefield,3,56999
2026-10-20,SMA-AMA-203,Whitefield,1,12899
2026-10-20,SMA-APP-198,Whitefield,1,26099
2026-10-20,SMA-APP-202,Whitefield,4,26199
2026-10-20,SMA-NOI-195,Whitefield,1,27359
2026-10-20,SMA-SAM-101,Whitefield,1,44269
2026-10-20,SMA-SAM-113,Whitefield,1,51199
2026-10-20,SMA-VIV-102,Whitefield,1,35399
2026-10-20,SMA-XIA-104,Whitefield,3,72699
2026-10-20,TEL-LG-138,Whitefield,2,90699
2026-10-20,TEL-SAM-128,Whitefield,1,107549
2026-10-20,TEL-SON-139,Whitefield,1,73299
2026-10-20,TEL-XIA-132,Whitefield,1,107599
2026-10-20,WAS-BOS-158,Whitefield,1,33999
2026-10-20,WAS-SAM-156,Whitefield,1,24479
2026-10-20,WAS-WHI-154,Whitefield,1,48399
2026-10-21,ACC-ANK-239,HSR Layout,2,1199
2026-10-21,ACC-MI-243,HSR Layout,1,2599
2026-10-21,ACC-POR-236,HSR Layout,1,499
2026-10-21,ACC-POR-241,HSR Layout,1,1599
2026-10-21,ACC-POR-242,HSR Layout,1,1499
2026-10-21,AIR-LG-166,HSR Layout,1,50499
2026-10-21,AIR-LG-170,HSR Layout,1,32399
2026-10-21,CAM-CAN-214,HSR Layout,1,57299
2026-10-21,CAM-NIK-217,HSR Layout,1,59199
2026-10-21,CAM-SON-208,HSR Layout,2,102124
2026-10-21,GAM-MIC-225,HSR Layout,1,49779
2026-10-21,GAM-MIC-230,HSR Layout,1,30299
2026-10-21,GAM-NIN-220,HSR Layout,1,41419
2026-10-21,GAM-NIN-226,HSR Layout,2,30689
2026-10-21,GAM-NIN-228,HSR Layout,1,47309
2026-10-21,GAM-SON-219,HSR Layout,2,51399
2026-10-21,HEA-BOA-189,HSR Layout,1,21299
2026-10-21,HEA-BOA-191,HSR Layout,1,22499
2026-10-21,HEA-BOS-181,HSR Layout,1,9899
2026-10-21,HEA-JBL-182,HSR Layout,3,24899
2026-10-21,HEA-SON-179,HSR Layout,1,6599
2026-10-21,LAP-I5-G12,HSR Layout,1,54140
2026-10-21,REF-GOD-142,HSR Layout,1,42199
2026-10-21,REF-GOD-148,HSR Layout,2,62509
2026-10-21,REF-LG-151,HSR Layout,1,51749
2026-10-21,SMA-AMA-203,HSR Layout,1,12254
2026-10-21,SMA-APP-109,HSR Layout,2,39059
2026-10-21,SMA-NOI-194,HSR Layout,1,3599
2026-10-21,SMA-NOI-195,HSR Layout,3,27359
2026-10-21,SMA-ONE-107,HSR Layout,1,66499
2026-10-21,SMA-SAM-112,HSR Layout,1,52344
2026-10-21,SMA-XIA-104,HSR Layout,1,65429
2026-10-21,SW-FIT-3,HSR Layout,1,8999
2026-10-21,TEL-TCL-137,HSR Layout,2,96699
2026-10-21,TEL-XIA-127,HSR Layout,1,17479
2026-10-21,TEL-XIA-132,HSR Layout,1,96839
2026-10-21,TEL-XIA-136,HSR Layout,2,54899
2026-10-21,TV-55Q7,HSR Layout,1,58990
2026-10-21,WAS-LG-155,HSR Layout,2,43999
2026-10-21,WAS-SAM-156,HSR Layout,1,27199
2026-10-21,WM-FL-8KG,HSR Layout,1,36990
2026-10-21,ACC-ANK-237,Indiranagar,2,2754
2026-10-21,ACC-ANK-239,Indiranagar,1,1079
2026-10-21,ACC-BEL-231,Indiranagar,1,449
2026-10-21,ACC-MI-243,Indiranagar,1,2599
2026-10-21,ACC-POR-235,Indiranagar,1,569
2026-10-21,ACC-POR-236,Indiranagar,1,449
2026-10-21,ACC-POR-241,Indiranagar,2,1519
2026-10-21,ACC-POR-242,Indiranagar,2,1349
2026-10-21,AIR-DAI-176,Indiranagar,1,44649
2026-10-21,AIR-LG-175,Indiranagar,1,45799
2026-10-21,CAM-CAN-213,Indiranagar,1,59599
2026-10-21,CAM-CAN-214,Indiranagar,1,51569
2026-10-21,CAM-NIK-211,Indiranagar,1,105599
2026-10-21,GAM-NIN-229,Indiranagar,1,45179
2026-10-21,GAM-SON-219,Indiranagar,1,46259
2026-10-21,GAM-SON-222,Indiranagar,1,51964
2026-10-21,HEA-BOA-189,Indiranagar,1,19169
2026-10-21,HEA-BOS-181,Indiranagar,2,9899
2026-10-21,HEA-JBL-180,Indiranagar,1,19094
2026-10-21,HEA-JBL-185,Indiranagar,2,11339
2026-10-21,HEA-JBL-187,Indiranagar,2,23899
2026-10-21,HP-ANC-700,Indiranagar,4,19990
2026-10-21,LAP-ACE-118,Indiranagar,1,49589
2026-10-21,LAP-DEL-122,Indiranagar,1,94399
2026-10-21,LAP-DEL-124,Indiranagar,1,78899
2026-10-21,LAP-I5-G12,Indiranagar,1,56990
2026-10-21,REF-GOD-146,Indiranagar,1,32679
2026-10-21,REF-LG-141,Indiranagar,1,76409
2026-10-21,REF-LG-152,Indiranagar,1,75799
2026-10-21,SMA-AMA-192,Indiranagar,1,38284
2026-10-21,SMA-APP-199,Indiranagar,2,38999
2026-10-21,SMA-NOI-200,Indiranagar,2,30299
2026-10-21,SMA-ONE-107,Indiranagar,1,59849
2026-10-21,SMA-SAM-108,Indiranagar,2,55199
2026-10-21,SMA-XIA-104,Indiranagar,2,65429
2026-10-21,SMA-XIA-111,Indiranagar,1,65599
2026-10-21,TEL-SAM-128,Indiranagar,4,119499
2026-10-21,TEL-SON-139,Indiranagar,1,69634
2026-10-21,TEL-TCL-131,Indiranagar,1,38799
2026-10-21,TEL-XIA-127,Indiranagar,1,16559
2026-10-21,WAS-IFB-159,Indiranagar,2,34699
2026-10-21,WAS-WHI-161,Indiranagar,1,16719
2026-10-21,ACC-MI-240,Jayanagar,1,3899
2026-10-21,ACC-MI-243,Jayanagar,1,2599
2026-10-21,ACC-POR-242,Jayanagar,2,1499
2026-10-21,AIR-LG-169,Jayanagar,1,32099
2026-10-21,AIR-LG-170,Jayanagar,1,29159
2026-10-21,AIR-LG-175,Jayanagar,1,45799
2026-10-21,AIR-VOL-174,Jayanagar,1,37299
2026-10-21,AIR-VOL-177,Jayanagar,1,30689
2026-10-21,CAM-NIK-212,Jayanagar,1,94524
2026-10-21,CAM-NIK-216,Jayanagar,1,81889
2026-10-21,CAM-NIK-217,Jayanagar,1,53279
2026-10-21,CAM-SON-205,Jayanagar,1,51839
2026-10-21,GAM-NIN-229,Jayanagar,1,50199
2026-10-21,GAM-SON-222,Jayanagar,1,49229
2026-10-21,HEA-BOA-189,Jayanagar,1,21299
2026-10-21,HEA-BOS-181,Jayanagar,1,9404
2026-10-21,HEA-BOS-186,Jayanagar,1,15294
2026-10-21,HEA-JBL-182,Jayanagar,1,24899
2026-10-21,HEA-JBL-187,Jayanagar,1,23899
2026-10-21,LAP-ACE-118,Jayanagar,1,49589
2026-10-21,LAP-DEL-123,Jayanagar,1,89909
2026-10-21,LAP-HP-114,Jayanagar,1,43604
2026-10-21,REF-GOD-140,Jayanagar,1,30099
2026-10-21,REF-GOD-148,Jayanagar,1,59219
2026-10-21,REF-LG-141,Jayanagar,1,84899
2026-10-21,REF-LG-151,Jayanagar,1,51749
2026-10-21,SMA-AMA-192,Jayanagar,1,40299
2026-10-21,SMA-NOI-200,Jayanagar,1,28784
2026-10-21,SMA-SAM-108,Jayanagar,1,55199
2026-10-21,SMA-SAM-112,Jayanagar,1,55099
2026-10-21,TEL-LG-138,Jayanagar,1,86164
2026-10-21,TEL-SAM-133,Jayanagar,1,48899
2026-10-21,TEL-SON-135,Jayanagar,1,46499
2026-10-21,TV-65U8,Jayanagar,1,64990
2026-10-21,WAS-LG-155,Jayanagar,1,43999
2026-10-21,WAS-WHI-154,Jayanagar,1,48399
2026-10-21,WAS-WHI-161,Jayanagar,1,17599
2026-10-21,WM-FL-8KG,Jayanagar,3,33291
2026-10-21,ACC-ANK-237,Koramangala,1,2609
2026-10-21,ACC-ANK-239,Koramangala,1,1139
2026-10-21,ACC-BEL-231,Koramangala,2,499
2026-10-21,ACC-BEL-234,Koramangala,1,1499
2026-10-21,ACC-BEL-238,Koramangala,2,3199
2026-10-21,ACC-MI-243,Koramangala,1,2469
2026-10-21,ACC-POR-235,Koramangala,1,599
2026-10-21,ACC-POR-242,Koramangala,1,1499
2026-10-21,AIR-BLU-167,Koramangala,1,61599
2026-10-21,CAM-CAN-207,Koramangala,2,96199
2026-10-21,CAM-CAN-210,Koramangala,2,79704
2026-10-21,CAM-NIK-212,Koramangala,1,99499
2026-10-21,CAM-SON-208,Koramangala,1,107499
2026-10-21,GAM-MIC-218,Koramangala,2,50999
2026-10-21,GAM-SON-219,Koramangala,1,48829
2026-10-21,HEA-BOS-181,Koramangala,1,9899
2026-10-21,HEA-BOS-190,Koramangala,2,28799
2026-10-21,HEA-JBL-182,Koramangala,1,24899
2026-10-21,HEA-JBL-187,Koramangala,1,21509
2026-10-21,HEA-SON-179,Koramangala,1,6269
2026-10-21,HEA-SON-188,Koramangala,1,4599
2026-10-21,LAP-ACE-118,Koramangala,2,52199
2026-10-21,REF-GOD-140,Koramangala,1,28594
2026-10-21,REF-LG-141,Koramangala,1,76409
2026-10-21,REF-LG-149,Koramangala,1,26314
2026-10-21,REF-SAM-147,Koramangala,1,45199
2026-10-21,REF-WHI-145,Koramangala,1,54149
2026-10-21,SMA-APP-204,Koramangala,1,42499
2026-10-21,SMA-NOI-194,Koramangala,1,3419
2026-10-21,SMA-NOI-197,Koramangala,1,8399
2026-10-21,SMA-ONE-106,Koramangala,1,75869
2026-10-21,SMA-SAM-108,Koramangala,1,49679
2026-10-21,SMA-SAM-113,Koramangala,3,51199
2026-10-21,SMA-SAM-193,Koramangala,2,11499
2026-10-21,SMA-SAM-201,Koramangala,1,5099
2026-10-21,SW-FIT-3,Koramangala,1,8999
2026-10-21,TEL-LG-138,Koramangala,1,86164
2026-10-21,TEL-XIA-132,Koramangala,1,107599
2026-10-21,TEL-XIA-136,Koramangala,1,54899
2026-10-21,TV-55Q7,Koramangala,1,53091
2026-10-21,WAS-WHI-154,Koramangala,2,48399
2026-10-21,WAS-WHI-164,Koramangala,4,15389
2026-10-21,WM-FL-8KG,Koramangala,1,36990
2026-10-21,ACC-ANK-233,Malleshwaram,1,3059
2026-10-21,ACC-ANK-239,Malleshwaram,1,1139
2026-10-21,ACC-BEL-238,Malleshwaram,2,3039
2026-10-21,ACC-MI-243,Malleshwaram,1,2599
2026-10-21,AIR-BLU-167,Malleshwaram,1,61599
2026-10-21,AIR-BLU-178,Malleshwaram,1,35279
2026-10-21,AIR-DAI-176,Malleshwaram,3,42299
2026-10-21,AIR-LG-170,Malleshwaram,4,32399
2026-10-21,AIR-VOL-177,Malleshwaram,2,34099
2026-10-21,CAM-CAN-206,Malleshwaram,2,63839
2026-10-21,CAM-CAN-210,Malleshwaram,1,83899
2026-10-21,CAM-NIK-217,Malleshwaram,1,59199
2026-10-21,CAM-SON-208,Malleshwaram,1,107499
2026-10-21,GAM-MIC-225,Malleshwaram,2,49779
2026-10-21,GAM-NIN-226,Malleshwaram,1,34099
2026-10-21,GAM-SON-219,Malleshwaram,1,51399
2026-10-21,HEA-BOS-190,Malleshwaram,1,28799
2026-10-21,HEA-JBL-184,Malleshwaram,1,21059
2026-10-21,HEA-JBL-187,Malleshwaram,2,23899
2026-10-21,HP-ANC-700,Malleshwaram,2,18990
2026-10-21,LAP-ACE-118,Malleshwaram,1,52199
2026-10-21,LAP-DEL-121,Malleshwaram,1,64299
2026-10-21,LAP-DEL-124,Malleshwaram,1,78899
2026-10-21,LAP-LEN-125,Malleshwaram,1,79699
2026-10-21,LAP-LEN-126,Malleshwaram,1,110299
2026-10-21,REF-GOD-140,Malleshwaram,1,28594
2026-10-21,REF-GOD-142,Malleshwaram,1,37979
2026-10-21,REF-GOD-148,Malleshwaram,1,65799
2026-10-21,REF-LG-149,Malleshwaram,1,27699
2026-10-21,REF-LG-150,Malleshwaram,1,44459
2026-10-21,REF-LG-151,Malleshwaram,2,51749
2026-10-21,REF-WHI-145,Malleshwaram,2,54149
2026-10-21,SMA-APP-109,Malleshwaram,1,43399
2026-10-21,SMA-APP-198,Malleshwaram,2,26099
2026-10-21,SMA-NOI-197,Malleshwaram,1,7979
2026-10-21,SMA-NOI-200,Malleshwaram,1,27269
2026-10-21,SMA-ONE-103,Malleshwaram,2,28499
2026-10-21,TEL-SAM-133,Malleshwaram,1,48899
2026-10-21,TEL-XIA-127,Malleshwaram,2,18399
2026-10-21,TEL-XIA-136,Malleshwaram,1,54899
2026-10-21,WAS-SAM-163,Malleshwaram,1,41899
2026-10-21,WAS-WHI-161,Malleshwaram,1,17599
2026-10-21,WM-FL-8KG,Malleshwaram,1,35140
2026-10-21,ACC-BEL-238,Whitefield,1,3199
2026-10-21,ACC-POR-235,Whitefield,1,599
2026-10-21,ACC-POR-236,Whitefield,1,499
2026-10-21,AIR-BLU-173,Whitefield,1,55399
2026-10-21,AIR-LG-169,Whitefield,1,32099
2026-10-21,AIR-LG-171,Whitefield,3,54814
2026-10-21,AIR-VOL-174,Whitefield,1,35434
2026-10-21,AIR-VOL-177,Whitefield,1,34099
2026-10-21,CAM-CAN-214,Whitefield,1,54434
2026-10-21,CAM-SON-205,Whitefield,1,57599
2026-10-21,GAM-MIC-227,Whitefield,1,42654
2026-10-21,GAM-NIN-224,Whitefield,1,31199
2026-10-21,GAM-NIN-229,Whitefield,1,50199
2026-10-21,GAM-SON-219,Whitefield,2,51399
2026-10-21,GAM-SON-222,Whitefield,1,54699
2026-10-21,HEA-BOA-189,Whitefield,1,21299
2026-10-21,HEA-BOS-181,Whitefield,1,9899
2026-10-21,HEA-BOS-190,Whitefield,1,28799
2026-10-21,HEA-JBL-182,Whitefield,4,24899
2026-10-21,HEA-SON-188,Whitefield,3,4139
2026-10-21,HP-ANC-700,Whitefield,1,19990
2026-10-21,LAP-DEL-122,Whitefield,2,94399
2026-10-21,LAP-DEL-123,Whitefield,1,99899
2026-10-21,LAP-DEL-124,Whitefield,2,74954
2026-10-21,LAP-HP-119,Whitefield,1,70399
2026-10-21,LAP-LEN-125,Whitefield,1,79699
2026-10-21,REF-GOD-140,Whitefield,1,28594
2026-10-21,REF-GOD-146,Whitefield,2,30959
2026-10-21,REF-LG-144,Whitefield,1,32599
2026-10-21,REF-LG-149,Whitefield,1,24929
2026-10-21,SMA-APP-110,Whitefield,1,25399
2026-10-21,SMA-APP-198,Whitefield,1,26099
2026-10-21,SMA-APP-199,Whitefield,1,35099
2026-10-21,SMA-APP-202,Whitefield,1,26199
2026-10-21,SMA-ONE-103,Whitefield,1,25649
2026-10-21,SMA-SAM-101,Whitefield,4,46599
2026-10-21,SMA-SAM-193,Whitefield,2,10924
2026-10-21,TEL-LG-138,Whitefield,2,86164
2026-10-21,TEL-SON-130,Whitefield,1,58999
2026-10-21,TEL-TCL-129,Whitefield,1,111149
2026-10-21,TEL-XIA-132,Whitefield,2,107599
2026-10-21,TV-55Q7,Whitefield,1,58990
2026-10-21,WAS-BOS-165,Whitefield,1,38069
2026-10-21,WAS-IFB-153,Whitefield,1,20249
2026-10-21,WAS-LG-155,Whitefield,1,43999
2026-10-21,WAS-WHI-164,Whitefield,1,17099
2026-10-22,ACC-ANK-239,HSR Layout,1,1139
2026-10-22,AIR-BLU-167,HSR Layout,1,61599
2026-10-22,AIR-DAI-172,HSR Layout,1,52919
2026-10-22,AIR-LG-168,HSR Layout,2,31349
2026-10-22,AIR-LG-169,HSR Layout,1,32099
2026-10-22,AIR-LG-170,HSR Layout,1,32399
2026-10-22,AIR-LG-175,HSR Layout,1,41219
2026-10-22,CAM-CAN-206,HSR Layout,1,60479
2026-10-22,CAM-CAN-213,HSR Layout,1,59599
2026-10-22,CAM-NIK-209,HSR Layout,1,68599
2026-10-22,CAM-SON-208,HSR Layout,2,107499
2026-10-22,GAM-MIC-218,HSR Layout,1,50999
2026-10-22,GAM-MIC-227,HSR Layout,1,42654
2026-10-22,GAM-NIN-226,HSR Layout,1,30689
2026-10-22,GAM-NIN-228,HSR Layout,1,49799
2026-10-22,GAM-SON-219,HSR Layout,3,46259
2026-10-22,HEA-BOA-191,HSR Layout,2,24999
2026-10-22,HEA-BOS-186,HSR Layout,1,16099
2026-10-22,HEA-BOS-190,HSR Layout,2,28799
2026-10-22,HEA-JBL-182,HSR Layout,2,24899
2026-10-22,LAP-DEL-122,HSR Layout,1,94399
2026-10-22,LAP-HP-119,HSR Layout,1,63359
2026-10-22,LAP-LEN-116,HSR Layout,1,85879
2026-10-22,LAP-LEN-125,HSR Layout,1,75714
2026-10-22,REF-LG-141,HSR Layout,1,84899
2026-10-22,REF-LG-144,HSR Layout,1,29339
2026-10-22,SMA-AMA-192,HSR Layout,1,40299
2026-10-22,SMA-APP-109,HSR Layout,1,39059
2026-10-22,SMA-APP-202,HSR Layout,1,26199
2026-10-22,SMA-NOI-194,HSR Layout,1,3599
2026-10-22,SMA-NOI-195,HSR Layout,2,25919
2026-10-22,SMA-SAM-101,HSR Layout,2,46599
2026-10-22,SMA-XIA-104,HSR Layout,1,72699
2026-10-22,SW-FIT-3,HSR Layout,1,8999
2026-10-22,TEL-XIA-136,HSR Layout,3,49409
2026-10-22,TV-55Q7,HSR Layout,1,56040
2026-10-22,WAS-BOS-158,HSR Layout,1,32299
2026-10-22,WAS-BOS-165,HSR Layout,2,42299
2026-10-22,WAS-LG-155,HSR Layout,1,43999
2026-10-22,WAS-WHI-164,HSR Layout,1,17099
2026-10-22,WM-FL-8KG,HSR Layout,1,36990
2026-10-22,ACC-ANK-237,Indiranagar,4,2899
2026-10-22,ACC-ANK-239,Indiranagar,1,1079
2026-10-22,ACC-BEL-234,Indiranagar,1,1499
2026-10-22,ACC-MI-243,Indiranagar,1,2599
2026-10-22,ACC-POR-241,Indiranagar,1,1599
2026-10-22,AIR-BLU-173,Indiranagar,1,49859
2026-10-22,AIR-DAI-176,Indiranagar,1,46999
2026-10-22,CAM-CAN-207,Indiranagar,1,86579
2026-10-22,CAM-CAN-213,Indiranagar,1,56619
2026-10-22,CAM-SON-205,Indiranagar,1,51839
2026-10-22,GAM-MIC-218,Indiranagar,1,50999
2026-10-22,GAM-MIC-227,Indiranagar,1,44899
2026-10-22,GAM-NIN-224,Indiranagar,1,29639
2026-10-22,GAM-NIN-229,Indiranagar,1,45179
2026-10-22,GAM-SON-219,Indiranagar,2,46259
2026-10-22,GAM-SON-222,Indiranagar,1,54699
2026-10-22,HEA-BOA-189,Indiranagar,2,21299
2026-10-22,HEA-BOS-181,Indiranagar,1,9899
2026-10-22,HEA-BOS-190,Indiranagar,1,28799
2026-10-22,HEA-JBL-184,Indiranagar,1,23399
2026-10-22,HEA-JBL-185,Indiranagar,1,12599
2026-10-22,HEA-SON-179,Indiranagar,1,6599
2026-10-22,HP-ANC-700,Indiranagar,3,19990
2026-10-22,LAP-DEL-124,Indiranagar,1,71009
2026-10-22,LAP-LEN-126,Indiranagar,1,99269
2026-10-22,REF-GOD-143,Indiranagar,1,51299
2026-10-22,REF-GOD-146,Indiranagar,1,34399
2026-10-22,REF-LG-149,Indiranagar,2,27699
2026-10-22,REF-WHI-145,Indiranagar,1,51299
2026-10-22,SMA-APP-199,Indiranagar,2,37049
2026-10-22,SMA-NOI-194,Indiranagar,1,3599
2026-10-22,SMA-ONE-105,Indiranagar,1,49799
2026-10-22,SMA-SAM-113,Indiranagar,2,51199
2026-10-22,SMA-SAM-196,Indiranagar,1,17099
2026-10-22,TEL-LG-138,Indiranagar,1,86164
2026-10-22,TEL-TCL-131,Indiranagar,1,38799
2026-10-22,TEL-XIA-132,Indiranagar,1,107599
2026-10-22,TEL-XIA-134,Indiranagar,1,107999
2026-10-22,WAS-IFB-159,Indiranagar,1,34699
2026-10-22,ACC-MI-243,Jayanagar,1,2599
2026-10-22,AIR-LG-169,Jayanagar,1,30494
2026-10-22,CAM-NIK-209,Jayanagar,1,68599
2026-10-22,CAM-NIK-212,Jayanagar,1,99499
2026-10-22,GAM-MIC-225,Jayanagar,1,52399
2026-10-22,GAM-NIN-226,Jayanagar,1,30689
2026-10-22,GAM-SON-219,Jayanagar,1,51399
2026-10-22,HEA-BOA-183,Jayanagar,1,4899
2026-10-22,HEA-BOA-191,Jayanagar,1,24999
2026-10-22,HEA-JBL-182,Jayanagar,2,24899
2026-10-22,LAP-DEL-115,Jayanagar,3,101699
2026-10-22,LAP-DEL-121,Jayanagar,2,64299
2026-10-22,LAP-DEL-122,Jayanagar,1,84959
2026-10-22,LAP-DEL-123,Jayanagar,1,99899
2026-10-22,LAP-LEN-116,Jayanagar,1,90399
2026-10-22,LAP-LEN-117,Jayanagar,1,58999
2026-10-22,LAP-LEN-125,Jayanagar,1,75714
2026-10-22,REF-LG-141,Jayanagar,1,84899
2026-10-22,REF-LG-150,Jayanagar,1,44459
2026-10-22,REF-LG-151,Jayanagar,1,57499
2026-10-22,REF-WHI-145,Jayanagar,1,56999
2026-10-22,SMA-AMA-192,Jayanagar,1,40299
2026-10-22,SMA-APP-204,Jayanagar,1,42499
2026-10-22,SMA-SAM-108,Jayanagar,1,52439
2026-10-22,SMA-SAM-193,Jayanagar,1,10924
2026-10-22,SMA-XIA-111,Jayanagar,1,65599
2026-10-22,TEL-SAM-128,Jayanagar,1,113524
2026-10-22,TV-65U8,Jayanagar,1,61740
2026-10-22,WAS-IFB-162,Jayanagar,1,15864
2026-10-22,WAS-SAM-163,Jayanagar,1,41899
2026-10-22,WAS-WHI-161,Jayanagar,1,15839
2026-10-22,ACC-ANK-233,Koramangala,1,3399
2026-10-22,ACC-BEL-231,Koramangala,2,449
2026-10-22,ACC-BEL-234,Koramangala,1,1349
2026-10-22,ACC-MI-243,Koramangala,1,2339
2026-10-22,ACC-POR-236,Koramangala,1,474
2026-10-22,AIR-BLU-167,Koramangala,1,61599
2026-10-22,AIR-LG-170,Koramangala,1,30779
2026-10-22,CAM-CAN-206,Koramangala,1,63839
2026-10-22,CAM-CAN-213,Koramangala,1,59599
2026-10-22,CAM-NIK-217,Koramangala,2,59199
2026-10-22,GAM-NIN-228,Koramangala,1,47309
2026-10-22,GAM-SON-219,Koramangala,1,48829
2026-10-22,HEA-BOS-181,Koramangala,1,9404
2026-10-22,HEA-BOS-186,Koramangala,1,16099
2026-10-22,HEA-JBL-184,Koramangala,2,23399
2026-10-22,LAP-ACE-118,Koramangala,2,52199
2026-10-22,LAP-DEL-123,Koramangala,1,99899
2026-10-22,LAP-HP-114,Koramangala,1,41309
2026-10-22,REF-GOD-146,Koramangala,1,34399
2026-10-22,REF-LG-144,Koramangala,2,32599
2026-10-22,SMA-AMA-192,Koramangala,1,40299
2026-10-22,SMA-APP-198,Koramangala,1,26099
2026-10-22,SMA-APP-204,Koramangala,1,40374
2026-10-22,SMA-NOI-194,Koramangala,1,3239
2026-10-22,SMA-NOI-197,Koramangala,1,8399
2026-10-22,SMA-ONE-103,Koramangala,1,28499
2026-10-22,SMA-ONE-107,Koramangala,1,66499
2026-10-22,SMA-SAM-101,Koramangala,2,44269
2026-10-22,SMA-SAM-108,Koramangala,1,55199
2026-10-22,SMA-SAM-112,Koramangala,1,55099
2026-10-22,SMA-SAM-193,Koramangala,1,11499
2026-10-22,SMA-VIV-102,Koramangala,1,35399
2026-10-22,TEL-LG-138,Koramangala,2,90699
2026-10-22,TEL-SAM-133,Koramangala,1,48899
2026-10-22,TEL-SON-135,Koramangala,1,46499
2026-10-22,TEL-XIA-127,Koramangala,1,17479
2026-10-22,TEL-XIA-132,Koramangala,2,102219
2026-10-22,TEL-XIA-136,Koramangala,1,52154
2026-10-22,TV-55Q7,Koramangala,2,58990
2026-10-22,WAS-WHI-161,Koramangala,1,17599
2026-10-22,WAS-WHI-164,Koramangala,1,17099
2026-10-22,WM-FL-8KG,Koramangala,2,33291
2026-10-22,ACC-ANK-233,Malleshwaram,1,3399
2026-10-22,ACC-BEL-231,Malleshwaram,1,499
2026-10-22,ACC-POR-241,Malleshwaram,1,1519
2026-10-22,AIR-BLU-173,Malleshwaram,1,55399
2026-10-22,AIR-LG-168,Malleshwaram,1,32999
2026-10-22,AIR-LG-171,Malleshwaram,1,57699
2026-10-22,AIR-VOL-174,Malleshwaram,1,37299
2026-10-22,CAM-CAN-206,Malleshwaram,3,67199
2026-10-22,CAM-NIK-215,Malleshwaram,2,38519
2026-10-22,CAM-NIK-217,Malleshwaram,1,53279
2026-10-22,GAM-MIC-223,Malleshwaram,1,45979
2026-10-22,GAM-NIN-224,Malleshwaram,3,31199
2026-10-22,GAM-NIN-226,Malleshwaram,2,34099
2026-10-22,GAM-NIN-229,Malleshwaram,2,50199
2026-10-22,GAM-SON-221,Malleshwaram,1,41419
2026-10-22,HEA-BOS-190,Malleshwaram,1,27359
2026-10-22,LAP-ASU-120,Malleshwaram,1,82199
2026-10-22,LAP-LEN-125,Malleshwaram,2,75714
2026-10-22,REF-GOD-142,Malleshwaram,1,42199
2026-10-22,REF-GOD-146,Malleshwaram,1,34399
2026-10-22,REF-GOD-148,Malleshwaram,2,65799
2026-10-22,REF-LG-151,Malleshwaram,2,57499
2026-10-22,REF-WHI-145,Malleshwaram,2,51299
2026-10-22,SMA-APP-109,Malleshwaram,1,43399
2026-10-22,SMA-ONE-106,Malleshwaram,1,75869
2026-10-22,SMA-VIV-102,Malleshwaram,1,35399
2026-10-22,SMA-XIA-111,Malleshwaram,1,59039
2026-10-22,TEL-SAM-133,Malleshwaram,1,44009
2026-10-22,TEL-SON-135,Malleshwaram,1,41849
2026-10-22,TEL-SON-139,Malleshwaram,2,73299
2026-10-22,TEL-XIA-134,Malleshwaram,2,107999
2026-10-22,TEL-XIA-136,Malleshwaram,1,49409
2026-10-22,WAS-BOS-165,Malleshwaram,1,42299
2026-10-22,WAS-IFB-159,Malleshwaram,2,34699
2026-10-22,WAS-IFB-162,Malleshwaram,1,16699
2026-10-22,WAS-SAM-156,Malleshwaram,2,27199
2026-10-22,WAS-WHI-161,Malleshwaram,2,17599
2026-10-22,ACC-ANK-233,Whitefield,1,3229
2026-10-22,ACC-POR-236,Whitefield,1,499
2026-10-22,AIR-LG-166,Whitefield,1,50499
2026-10-22,CAM-CAN-214,Whitefield,1,57299
2026-10-22,CAM-NIK-211,Whitefield,1,105599
2026-10-22,CAM-SON-205,Whitefield,1,57599
2026-10-22,CAM-SON-208,Whitefield,1,107499
2026-10-22,GAM-MIC-227,Whitefield,1,44899
2026-10-22,GAM-NIN-220,Whitefield,1,43599
2026-10-22,GAM-NIN-228,Whitefield,1,44819
2026-10-22,GAM-SON-219,Whitefield,1,51399
2026-10-22,GAM-SON-221,Whitefield,1,39239
2026-10-22,HEA-BOA-191,Whitefield,1,22499
2026-10-22,HEA-BOS-181,Whitefield,1,9404
2026-10-22,HEA-JBL-182,Whitefield,3,23654
2026-10-22,HEA-SON-188,Whitefield,1,4599
2026-10-22,LAP-ACE-118,Whitefield,1,52199
2026-10-22,LAP-ASU-120,Whitefield,1,82199
2026-10-22,LAP-DEL-123,Whitefield,1,99899
2026-10-22,LAP-DEL-124,Whitefield,1,71009
2026-10-22,LAP-LEN-117,Whitefield,1,58999
2026-10-22,LAP-LEN-126,Whitefield,1,110299
2026-10-22,REF-GOD-146,Whitefield,3,34399
2026-10-22,REF-LG-149,Whitefield,1,26314
2026-10-22,REF-SAM-147,Whitefield,1,45199
2026-10-22,SMA-APP-109,Whitefield,3,43399
2026-10-22,SMA-APP-199,Whitefield,2,38999
2026-10-22,SMA-APP-202,Whitefield,1,24889
2026-10-22,SMA-ONE-103,Whitefield,1,28499
2026-10-22,SMA-SAM-101,Whitefield,3,44269
2026-10-22,SMA-SAM-113,Whitefield,1,51199
2026-10-22,SMA-VIV-102,Whitefield,1,35399
2026-10-22,SMA-XIA-111,Whitefield,1,62319
2026-10-22,TEL-SAM-128,Whitefield,1,119499
2026-10-22,TEL-SON-139,Whitefield,1,73299
2026-10-22,TEL-XIA-132,Whitefield,2,107599
2026-10-22,TEL-XIA-136,Whitefield,1,49409
2026-10-22,WAS-IFB-153,Whitefield,1,21374
2026-10-22,WAS-SAM-156,Whitefield,1,27199
2026-10-22,WAS-WHI-164,Whitefield,1,17099
2026-10-23,ACC-ANK-233,HSR Layout,1,3399
2026-10-23,ACC-ANK-239,HSR Layout,1,1079
2026-10-23,ACC-BEL-231,HSR Layout,2,474
2026-10-23,ACC-POR-236,HSR Layout,1,499
2026-10-23,AIR-BLU-173,HSR Layout,1,55399
2026-10-23,AIR-LG-170,HSR Layout,1,32399
2026-10-23,AIR-LG-171,HSR Layout,1,54814
2026-10-23,AIR-LG-175,HSR Layout,2,45799
2026-10-23,AIR-VOL-177,HSR Layout,1,30689
2026-10-23,CAM-CAN-210,HSR Layout,1,83899
2026-10-23,CAM-CAN-214,HSR Layout,1,57299
2026-10-23,CAM-NIK-215,HSR Layout,1,42799
2026-10-23,GAM-MIC-223,HSR Layout,1,48399
2026-10-23,GAM-MIC-230,HSR Layout,1,30299
2026-10-23,GAM-NIN-220,HSR Layout,1,43599
2026-10-23,GAM-NIN-226,HSR Layout,1,34099
2026-10-23,GAM-NIN-228,HSR Layout,3,49799
2026-10-23,GAM-SON-219,HSR Layout,2,48829
2026-10-23,HEA-BOA-191,HSR Layout,1,24999
2026-10-23,HEA-BOS-190,HSR Layout,1,25919
2026-10-23,HEA-JBL-182,HSR Layout,1,24899
2026-10-23,HEA-JBL-187,HSR Layout,1,23899
2026-10-23,LAP-ACE-118,HSR Layout,2,46979
2026-10-23,LAP-HP-119,HSR Layout,2,63359
2026-10-23,LAP-LEN-116,HSR Layout,1,90399
2026-10-23,LAP-LEN-117,HSR Layout,1,58999
2026-10-23,LAP-LEN-125,HSR Layout,1,79699
2026-10-23,REF-LG-150,HSR Layout,2,46929
2026-10-23,REF-LG-151,HSR Layout,2,57499
2026-10-23,SMA-APP-109,HSR Layout,2,43399
2026-10-23,SMA-APP-199,HSR Layout,1,38999
2026-10-23,SMA-APP-202,HSR Layout,2,26199
2026-10-23,SMA-APP-204,HSR Layout,2,42499
2026-10-23,SMA-NOI-194,HSR Layout,2,3599
2026-10-23,SMA-ONE-103,HSR Layout,1,27074
2026-10-23,SMA-VIV-102,HSR Layout,1,35399
2026-10-23,SMA-XIA-104,HSR Layout,1,72699
2026-10-23,TEL-SAM-133,HSR Layout,1,44009
2026-10-23,TEL-SON-135,HSR Layout,1,44174
2026-10-23,TEL-XIA-132,HSR Layout,1,96839
2026-10-23,TEL-XIA-136,HSR Layout,1,54899
2026-10-23,TV-55Q7,HSR Layout,1,58990
2026-10-23,WAS-IFB-153,HSR Layout,1,20249
2026-10-23,WAS-IFB-159,HSR Layout,1,34699
2026-10-23,ACC-ANK-232,Indiranagar,1,2469
2026-10-23,ACC-ANK-237,Indiranagar,1,2609
2026-10-23,ACC-ANK-239,Indiranagar,1,1199
2026-10-23,ACC-MI-243,Indiranagar,2,2469
2026-10-23,ACC-POR-235,Indiranagar,1,539
2026-10-23,ACC-POR-242,Indiranagar,1,1499
2026-10-23,AIR-BLU-178,Indiranagar,1,37239
2026-10-23,AIR-LG-166,Indiranagar,2,50499
2026-10-23,CAM-NIK-209,Indiranagar,2,68599
2026-10-23,CAM-SON-205,Indiranagar,1,57599
2026-10-23,GAM-MIC-218,Indiranagar,1,48449
2026-10-23,GAM-MIC-230,Indiranagar,1,30299
2026-10-23,GAM-NIN-224,Indiranagar,1,31199
2026-10-23,GAM-SON-221,Indiranagar,1,43599
2026-10-23,GAM-SON-222,Indiranagar,1,54699
2026-10-23,HEA-BOA-183,Indiranagar,1,4899
2026-10-23,HEA-BOA-189,Indiranagar,1,21299
2026-10-23,HEA-BOS-181,Indiranagar,5,9404
2026-10-23,HEA-JBL-185,Indiranagar,2,12599
2026-10-23,HEA-SON-179,Indiranagar,3,6599
2026-10-23,HP-ANC-700,Indiranagar,3,19990
2026-10-23,LAP-ACE-118,Indiranagar,1,52199
2026-10-23,LAP-DEL-122,Indiranagar,2,94399
2026-10-23,LAP-DEL-124,Indiranagar,1,78899
2026-10-23,LAP-LEN-126,Indiranagar,1,110299
2026-10-23,REF-GOD-143,Indiranagar,1,51299
2026-10-23,REF-GOD-146,Indiranagar,1,34399
2026-10-23,REF-LG-152,Indiranagar,1,75799
2026-10-23,SMA-AMA-203,Indiranagar,1,12899
2026-10-23,SMA-ONE-105,Indiranagar,1,49799
2026-10-23,SMA-ONE-106,Indiranagar,2,84299
2026-10-23,SMA-SAM-112,Indiranagar,1,55099
2026-10-23,SMA-XIA-111,Indiranagar,1,65599
2026-10-23,TEL-SON-130,Indiranagar,1,56049
2026-10-23,TEL-TCL-131,Indiranagar,1,36859
2026-10-23,TEL-TCL-137,Indiranagar,1,87029
2026-10-23,TEL-XIA-127,Indiranagar,1,18399
2026-10-23,TEL-XIA-132,Indiranagar,1,107599
2026-10-23,ACC-ANK-232,Jayanagar,2,2339
2026-10-23,ACC-ANK-239,Jayanagar,1,1199
2026-10-23,ACC-BEL-231,Jayanagar,1,499
2026-10-23,ACC-BEL-238,Jayanagar,1,3199
2026-10-23,ACC-MI-240,Jayanagar,1,3509
2026-10-23,ACC-POR-235,Jayanagar,1,539
2026-10-23,ACC-POR-241,Jayanagar,1,1599
2026-10-23,AIR-DAI-176,Jayanagar,1,46999
2026-10-23,AIR-LG-170,Jayanagar,1,30779
2026-10-23,AIR-VOL-174,Jayanagar,1,33569
2026-10-23,AIR-VOL-177,Jayanagar,1,34099
2026-10-23,CAM-CAN-206,Jayanagar,2,60479
2026-10-23,CAM-NIK-212,Jayanagar,1,99499
2026-10-23,CAM-NIK-216,Jayanagar,1,86199
2026-10-23,CAM-NIK-217,Jayanagar,2,59199
2026-10-23,CAM-SON-205,Jayanagar,1,57599
2026-10-23,GAM-SON-221,Jayanagar,1,39239
2026-10-23,GAM-SON-222,Jayanagar,3,51964
2026-10-23,HEA-BOA-189,Jayanagar,2,19169
2026-10-23,HEA-BOS-186,Jayanagar,1,16099
2026-10-23,LAP-DEL-115,Jayanagar,1,112999
2026-10-23,LAP-DEL-122,Jayanagar,1,94399
2026-10-23,LAP-DEL-124,Jayanagar,2,78899
2026-10-23,LAP-I5-G12,Jayanagar,1,56990
2026-10-23,LAP-LEN-117,Jayanagar,1,58999
2026-10-23,REF-GOD-140,Jayanagar,2,30099
2026-10-23,REF-GOD-143,Jayanagar,1,46169
2026-10-23,REF-LG-149,Jayanagar,1,27699
2026-10-23,REF-LG-152,Jayanagar,2,75799
2026-10-23,REF-WHI-145,Jayanagar,1,51299
2026-10-23,SMA-AMA-192,Jayanagar,1,40299
2026-10-23,SMA-APP-204,Jayanagar,1,40374
2026-10-23,SMA-NOI-195,Jayanagar,1,28799
2026-10-23,SMA-ONE-106,Jayanagar,1,75869
2026-10-23,SMA-XIA-104,Jayanagar,1,72699
2026-10-23,TEL-SAM-133,Jayanagar,2,48899
2026-10-23,TEL-SON-135,Jayanagar,1,41849
2026-10-23,TEL-XIA-127,Jayanagar,1,16559
2026-10-23,WAS-BOS-165,Jayanagar,1,38069
2026-10-23,WAS-IFB-153,Jayanagar,1,21374
2026-10-23,WAS-IFB-157,Jayanagar,1,31824
2026-10-23,WAS-IFB-162,Jayanagar,1,16699
2026-10-23,WAS-WHI-164,Jayanagar,1,17099
2026-10-23,WM-FL-8KG,Jayanagar,1,36990
2026-10-23,ACC-POR-241,Koramangala,1,1599
2026-10-23,AIR-DAI-172,Koramangala,1,58799
2026-10-23,CAM-CAN-213,Koramangala,1,56619
2026-10-23,GAM-MIC-223,Koramangala,1,43559
2026-10-23,GAM-MIC-225,Koramangala,3,52399
2026-10-23,GAM-NIN-220,Koramangala,1,43599
2026-10-23,GAM-SON-219,Koramangala,1,48829
2026-10-23,LAP-ACE-118,Koramangala,1,52199
2026-10-23,LAP-ASU-120,Koramangala,1,82199
2026-10-23,LAP-DEL-115,Koramangala,1,112999
2026-10-23,LAP-DEL-123,Koramangala,1,99899
2026-10-23,REF-GOD-143,Koramangala,2,46169
2026-10-23,REF-GOD-146,Koramangala,3,34399
2026-10-23,REF-LG-141,Koramangala,4,84899
2026-10-23,REF-LG-150,Koramangala,1,49399
2026-10-23,REF-SAM-147,Koramangala,2,45199
2026-10-23,REF-WHI-145,Koramangala,1,56999
2026-10-23,SMA-APP-202,Koramangala,1,23579
2026-10-23,SMA-ONE-103,Koramangala,1,25649
2026-10-23,SMA-ONE-106,Koramangala,2,75869
2026-10-23,SMA-SAM-113,Koramangala,3,51199
2026-10-23,SMA-SAM-193,Koramangala,1,11499
2026-10-23,SMA-XIA-111,Koramangala,1,65599
2026-10-23,TEL-LG-138,Koramangala,3,81629
2026-10-23,TEL-SON-135,Koramangala,1,46499
2026-10-23,TEL-TCL-129,Koramangala,1,111149
2026-10-23,TEL-XIA-127,Koramangala,1,18399
2026-10-23,TEL-XIA-132,Koramangala,1,107599
2026-10-23,TV-55Q7,Koramangala,3,58990
2026-10-23,WAS-BOS-165,Koramangala,1,40184
2026-10-23,WAS-IFB-153,Koramangala,2,22499
2026-10-23,WAS-IFB-157,Koramangala,1,33499
2026-10-23,WAS-WHI-154,Koramangala,1,43559
2026-10-23,ACC-MI-240,Malleshwaram,2,3899
2026-10-23,ACC-MI-243,Malleshwaram,1,2599
2026-10-23,ACC-POR-235,Malleshwaram,1,599
2026-10-23,AIR-DAI-172,Malleshwaram,1,52919
2026-10-23,AIR-LG-169,Malleshwaram,1,30494
2026-10-23,AIR-LG-170,Malleshwaram,1,32399
2026-10-23,AIR-VOL-177,Malleshwaram,1,32394
2026-10-23,CAM-CAN-206,Malleshwaram,1,63839
2026-10-23,CAM-NIK-212,Malleshwaram,1,89549
2026-10-23,CAM-NIK-215,Malleshwaram,1,42799
2026-10-23,CAM-SON-205,Malleshwaram,2,57599
2026-10-23,GAM-MIC-223,Malleshwaram,2,45979
2026-10-23,GAM-MIC-225,Malleshwaram,2,52399
2026-10-23,GAM-NIN-224,Malleshwaram,1,29639
2026-10-23,GAM-NIN-226,Malleshwaram,1,34099
2026-10-23,GAM-NIN-229,Malleshwaram,3,50199
2026-10-23,HEA-BOA-183,Malleshwaram,1,4654
2026-10-23,HEA-BOA-191,Malleshwaram,1,24999
2026-10-23,HEA-BOS-190,Malleshwaram,1,28799
2026-10-23,HEA-JBL-184,Malleshwaram,1,23399
2026-10-23,LAP-ACE-118,Malleshwaram,1,52199
2026-10-23,LAP-ASU-120,Malleshwaram,3,78089
2026-10-23,LAP-DEL-123,Malleshwaram,2,99899
2026-10-23,LAP-LEN-126,Malleshwaram,1,110299
2026-10-23,REF-GOD-142,Malleshwaram,1,42199
2026-10-23,REF-GOD-143,Malleshwaram,1,51299
2026-10-23,REF-LG-152,Malleshwaram,1,75799
2026-10-23,REF-WHI-145,Malleshwaram,1,54149
2026-10-23,SMA-NOI-194,Malleshwaram,2,3419
2026-10-23,SMA-ONE-103,Malleshwaram,1,28499
2026-10-23,SMA-ONE-106,Malleshwaram,1,80084
2026-10-23,SMA-SAM-101,Malleshwaram,1,46599
2026-10-23,SMA-SAM-108,Malleshwaram,1,49679
2026-10-23,SMA-SAM-113,Malleshwaram,2,46079
2026-10-23,SMA-VIV-102,Malleshwaram,1,33629
2026-10-23,TEL-SON-139,Malleshwaram,1,69634
2026-10-23,TEL-XIA-127,Malleshwaram,1,18399
2026-10-23,WAS-BOS-165,Malleshwaram,1,42299
2026-10-23,WAS-LG-160,Malleshwaram,1,40199
2026-10-23,ACC-POR-235,Whitefield,1,599
2026-10-23,AIR-LG-171,Whitefield,1,54814
2026-10-23,AIR-VOL-177,Whitefield,2,34099
2026-10-23,CAM-NIK-209,Whitefield,1,68599
2026-10-23,GAM-MIC-227,Whitefield,1,44899
2026-10-23,GAM-MIC-230,Whitefield,1,27269
2026-10-23,GAM-SON-219,Whitefield,1,51399
2026-10-23,GAM-SON-222,Whitefield,1,54699
2026-10-23,HEA-BOA-183,Whitefield,2,4899
2026-10-23,HEA-BOS-181,Whitefield,2,9899
2026-10-23,HEA-JBL-180,Whitefield,1,20099
2026-10-23,HEA-SON-188,Whitefield,2,4599
2026-10-23,HP-ANC-700,Whitefield,1,19990
2026-10-23,LAP-ASU-120,Whitefield,1,78089
2026-10-23,LAP-DEL-122,Whitefield,1,94399
2026-10-23,LAP-DEL-123,Whitefield,2,94904
2026-10-23,LAP-DEL-124,Whitefield,1,71009
2026-10-23,LAP-LEN-125,Whitefield,1,71729
2026-10-23,REF-GOD-146,Whitefield,6,34399
2026-10-23,REF-LG-144,Whitefield,3,32599
2026-10-23,REF-WHI-145,Whitefield,1,54149
2026-10-23,SMA-AMA-203,Whitefield,1,11609
2026-10-23,SMA-APP-109,Whitefield,4,43399
2026-10-23,SMA-APP-198,Whitefield,1,26099
2026-10-23,SMA-APP-202,Whitefield,2,23579
2026-10-23,SMA-APP-204,Whitefield,1,40374
2026-10-23,SMA-NOI-194,Whitefield,1,3419
2026-10-23,SMA-NOI-195,Whitefield,4,27359
2026-10-23,SMA-ONE-103,Whitefield,1,28499
2026-10-23,SMA-ONE-105,Whitefield,1,49799
2026-10-23,SMA-SAM-101,Whitefield,1,44269
2026-10-23,SMA-VIV-102,Whitefield,1,35399
2026-10-23,SMA-XIA-104,Whitefield,1,65429
2026-10-23,TEL-SAM-128,Whitefield,1,107549
2026-10-23,TEL-XIA-136,Whitefield,1,49409
2026-10-23,WAS-LG-155,Whitefield,1,43999
2026-10-23,WAS-WHI-154,Whitefield,1,45979
2026-10-24,ACC-ANK-239,HSR Layout,1,1199
2026-10-24,ACC-BEL-234,HSR Layout,1,1499
2026-10-24,ACC-MI-243,HSR Layout,1,2599
2026-10-24,ACC-POR-241,HSR Layout,1,1599
2026-10-24,ACC-POR-242,HSR Layout,3,1499
2026-10-24,AIR-LG-166,HSR Layout,1,50499
2026-10-24,AIR-LG-170,HSR Layout,1,32399
2026-10-24,CAM-CAN-207,HSR Layout,1,86579
2026-10-24,CAM-CAN-213,HSR Layout,1,53639
2026-10-24,CAM-NIK-215,HSR Layout,1,40659
2026-10-24,CAM-NIK-216,HSR Layout,1,86199
2026-10-24,GAM-NIN-220,HSR Layout,1,39239
2026-10-24,GAM-NIN-224,HSR Layout,1,31199
2026-10-24,GAM-NIN-228,HSR Layout,3,49799
2026-10-24,GAM-SON-219,HSR Layout,1,46259
2026-10-24,HEA-BOA-191,HSR Layout,1,24999
2026-10-24,HEA-JBL-182,HSR Layout,1,24899
2026-10-24,HEA-JBL-185,HSR Layout,1,11339
2026-10-24,HEA-SON-188,HSR Layout,1,4369
2026-10-24,LAP-DEL-115,HSR Layout,1,101699
2026-10-24,LAP-HP-119,HSR Layout,4,70399
2026-10-24,LAP-LEN-116,HSR Layout,1,85879
2026-10-24,LAP-LEN-125,HSR Layout,4,71729
2026-10-24,REF-GOD-143,HSR Layout,1,51299
2026-10-24,REF-LG-141,HSR Layout,2,76409
2026-10-24,REF-LG-150,HSR Layout,1,44459
2026-10-24,REF-LG-151,HSR Layout,2,51749
2026-10-24,SMA-APP-109,HSR Layout,1,39059
2026-10-24,SMA-APP-202,HSR Layout,1,23579
2026-10-24,SMA-NOI-194,HSR Layout,1,3419
2026-10-24,SMA-NOI-195,HSR Layout,3,27359
2026-10-24,SMA-ONE-107,HSR Layout,1,59849
2026-10-24,SMA-SAM-101,HSR Layout,4,41939
2026-10-24,TEL-SON-130,HSR Layout,1,53099
2026-10-24,TEL-SON-135,HSR Layout,1,46499
2026-10-24,TEL-TCL-129,HSR Layout,1,116999
2026-10-24,TEL-TCL-131,HSR Layout,2,38799
2026-10-24,TEL-XIA-136,HSR Layout,1,54899
2026-10-24,WAS-LG-155,HSR Layout,1,41799
2026-10-24,WAS-WHI-164,HSR Layout,2,17099
2026-10-24,WM-FL-8KG,HSR Layout,2,33291
2026-10-24,ACC-BEL-238,Indiranagar,1,3199
2026-10-24,ACC-POR-235,Indiranagar,1,599
2026-10-24,ACC-POR-236,Indiranagar,1,499
2026-10-24,ACC-POR-241,Indiranagar,1,1599
2026-10-24,AIR-BLU-173,Indiranagar,1,52629
2026-10-24,AIR-DAI-172,Indiranagar,1,55859
2026-10-24,AIR-DAI-176,Indiranagar,1,44649
2026-10-24,AIR-LG-166,Indiranagar,2,50499
2026-10-24,AIR-LG-169,Indiranagar,2,32099
2026-10-24,AIR-LG-170,Indiranagar,1,32399
2026-10-24,AIR-LG-175,Indiranagar,3,45799
2026-10-24,CAM-CAN-207,Indiranagar,1,96199
2026-10-24,CAM-NIK-209,Indiranagar,1,68599
2026-10-24,GAM-MIC-230,Indiranagar,1,28784
2026-10-24,GAM-SON-222,Indiranagar,1,54699
2026-10-24,HEA-BOA-183,Indiranagar,1,4899
2026-10-24,HEA-BOA-189,Indiranagar,2,21299
2026-10-24,HEA-BOS-181,Indiranagar,2,9404
2026-10-24,HEA-JBL-180,Indiranagar,1,20099
2026-10-24,HP-ANC-700,Indiranagar,4,19990
2026-10-24,LAP-ACE-118,Indiranagar,2,46979
2026-10-24,LAP-DEL-122,Indiranagar,1,94399
2026-10-24,LAP-I5-G12,Indiranagar,1,56990
2026-10-24,LAP-LEN-125,Indiranagar,1,79699
2026-10-24,LAP-LEN-126,Indiranagar,1,99269
2026-10-24,REF-GOD-146,Indiranagar,1,34399
2026-10-24,REF-LG-152,Indiranagar,2,68219
2026-10-24,SMA-AMA-192,Indiranagar,2,36269
2026-10-24,SMA-APP-199,Indiranagar,3,38999
2026-10-24,SMA-NOI-194,Indiranagar,1,3239
2026-10-24,SMA-ONE-103,Indiranagar,1,28499
2026-10-24,SMA-ONE-106,Indiranagar,1,75869
2026-10-24,SMA-SAM-108,Indiranagar,1,55199
2026-10-24,SMA-SAM-196,Indiranagar,1,18999
2026-10-24,SMA-XIA-111,Indiranagar,1,65599
2026-10-24,TEL-SAM-128,Indiranagar,1,113524
2026-10-24,TEL-SAM-133,Indiranagar,1,48899
2026-10-24,TEL-TCL-137,Indiranagar,1,96699
2026-10-24,TEL-XIA-127,Indiranagar,1,17479
2026-10-24,TEL-XIA-132,Indiranagar,2,107599
2026-10-24,WAS-IFB-153,Indiranagar,1,22499
2026-10-24,WAS-LG-160,Indiranagar,1,40199
2026-10-24,WAS-SAM-156,Indiranagar,1,27199
2026-10-24,WAS-WHI-161,Indiranagar,1,17599
2026-10-24,WAS-WHI-164,Indiranagar,1,17099
2026-10-24,ACC-ANK-232,Jayanagar,3,2599
2026-10-24,ACC-BEL-234,Jayanagar,1,1424
2026-10-24,ACC-MI-243,Jayanagar,2,2599
2026-10-24,ACC-POR-241,Jayanagar,1,1439
2026-10-24,ACC-POR-242,Jayanagar,1,1349
2026-10-24,AIR-BLU-173,Jayanagar,1,52629
2026-10-24,AIR-DAI-176,Jayanagar,1,46999
2026-10-24,CAM-CAN-206,Jayanagar,1,67199
2026-10-24,CAM-CAN-207,Jayanagar,1,91389
2026-10-24,CAM-SON-205,Jayanagar,1,54719
2026-10-24,GAM-NIN-220,Jayanagar,1,39239
2026-10-24,GAM-SON-221,Jayanagar,1,43599
2026-10-24,HEA-BOA-183,Jayanagar,1,4899
2026-10-24,HEA-BOA-191,Jayanagar,1,23749
2026-10-24,HEA-BOS-181,Jayanagar,2,9899
2026-10-24,HEA-JBL-182,Jayanagar,1,24899
2026-10-24,HP-ANC-700,Jayanagar,1,19990
2026-10-24,LAP-DEL-124,Jayanagar,1,78899
2026-10-24,LAP-LEN-125,Jayanagar,1,71729
2026-10-24,REF-GOD-140,Jayanagar,2,30099
2026-10-24,REF-LG-141,Jayanagar,1,80654
2026-10-24,REF-LG-150,Jayanagar,1,44459
2026-10-24,REF-LG-151,Jayanagar,1,57499
2026-10-24,REF-LG-152,Jayanagar,1,75799
2026-10-24,SMA-APP-199,Jayanagar,1,37049
2026-10-24,SMA-NOI-197,Jayanagar,1,8399
2026-10-24,SMA-ONE-103,Jayanagar,1,28499
2026-10-24,SMA-SAM-108,Jayanagar,1,55199
2026-10-24,SMA-SAM-193,Jayanagar,3,11499
2026-10-24,SMA-XIA-104,Jayanagar,1,72699
2026-10-24,SMA-XIA-111,Jayanagar,2,62319
2026-10-24,TEL-SAM-128,Jayanagar,2,107549
2026-10-24,TEL-SAM-133,Jayanagar,1,48899
2026-10-24,TEL-XIA-136,Jayanagar,1,49409
2026-10-24,WAS-IFB-153,Jayanagar,1,20249
2026-10-24,WAS-IFB-162,Jayanagar,3,16699
2026-10-24,WAS-LG-160,Jayanagar,1,40199
2026-10-24,WAS-SAM-156,Jayanagar,2,27199
2026-10-24,WAS-WHI-161,Jayanagar,2,17599
2026-10-24,WM-FL-8KG,Jayanagar,1,35140
2026-10-24,ACC-ANK-232,Koramangala,1,2599
2026-10-24,ACC-ANK-233,Koramangala,1,3059
2026-10-24,ACC-ANK-239,Koramangala,1,1199
2026-10-24,ACC-BEL-231,Koramangala,2,499
2026-10-24,ACC-BEL-238,Koramangala,1,2879
2026-10-24,AIR-DAI-172,Koramangala,2,52919
2026-10-24,AIR-LG-168,Koramangala,1,31349
2026-10-24,AIR-LG-175,Koramangala,1,43509
2026-10-24,CAM-CAN-206,Koramangala,1,60479
2026-10-24,CAM-CAN-207,Koramangala,2,86579
2026-10-24,CAM-CAN-210,Koramangala,1,83899
2026-10-24,CAM-NIK-211,Koramangala,1,105599
2026-10-24,GAM-MIC-218,Koramangala,2,50999
2026-10-24,GAM-MIC-225,Koramangala,2,52399
2026-10-24,GAM-MIC-230,Koramangala,1,27269
2026-10-24,GAM-NIN-228,Koramangala,2,49799
2026-10-24,GAM-SON-219,Koramangala,1,51399
2026-10-24,HEA-BOA-191,Koramangala,3,24999
2026-10-24,HEA-BOS-181,Koramangala,1,9404
2026-10-24,HP-ANC-700,Koramangala,1,19990
2026-10-24,LAP-DEL-121,Koramangala,1,57869
2026-10-24,LAP-DEL-122,Koramangala,2,84959
2026-10-24,LAP-LEN-116,Koramangala,1,90399
2026-10-24,REF-GOD-140,Koramangala,1,27089
2026-10-24,REF-GOD-143,Koramangala,1,51299
2026-10-24,REF-GOD-146,Koramangala,2,30959
2026-10-24,REF-LG-149,Koramangala,2,27699
2026-10-24,REF-LG-150,Koramangala,1,49399
2026-10-24,REF-LG-152,Koramangala,1,68219
2026-10-24,SMA-APP-199,Koramangala,3,38999
2026-10-24,SMA-NOI-194,Koramangala,2,3419
2026-10-24,SMA-NOI-197,Koramangala,2,8399
2026-10-24,SMA-NOI-200,Koramangala,1,30299
2026-10-24,SMA-ONE-106,Koramangala,1,84299
2026-10-24,SMA-ONE-107,Koramangala,1,66499
2026-10-24,SMA-SAM-101,Koramangala,1,41939
2026-10-24,SMA-SAM-193,Koramangala,1,11499
2026-10-24,SW-FIT-3,Koramangala,2,8999
2026-10-24,TEL-LG-138,Koramangala,3,90699
2026-10-24,TEL-SAM-133,Koramangala,2,44009
2026-10-24,TEL-SON-135,Koramangala,1,44174
2026-10-24,TEL-SON-139,Koramangala,1,65969
2026-10-24,TEL-TCL-131,Koramangala,1,34919
2026-10-24,TEL-XIA-127,Koramangala,1,18399
2026-10-24,TEL-XIA-132,Koramangala,2,107599
2026-10-24,TEL-XIA-136,Koramangala,1,49409
2026-10-24,TV-55Q7,Koramangala,2,56040
2026-10-24,WAS-BOS-158,Koramangala,1,33999
2026-10-24,WAS-BOS-165,Koramangala,1,42299
2026-10-24,WAS-IFB-159,Koramangala,2,34699
2026-10-24,WAS-IFB-162,Koramangala,1,15864
2026-10-24,WAS-WHI-154,Koramangala,1,45979
2026-10-24,WAS-WHI-161,Koramangala,1,16719
2026-10-24,WAS-WHI-164,Koramangala,2,15389
2026-10-24,WM-FL-8KG,Koramangala,1,36990
2026-10-24,ACC-ANK-232,Malleshwaram,1,2469
2026-10-24,ACC-ANK-233,Malleshwaram,1,3059
2026-10-24,ACC-BEL-238,Malleshwaram,1,3199
2026-10-24,ACC-MI-243,Malleshwaram,1,2339
2026-10-24,ACC-POR-242,Malleshwaram,1,1424
2026-10-24,AIR-BLU-173,Malleshwaram,1,55399
2026-10-24,AIR-DAI-176,Malleshwaram,1,44649
2026-10-24,AIR-LG-166,Malleshwaram,2,50499
2026-10-24,AIR-LG-170,Malleshwaram,3,32399
2026-10-24,AIR-VOL-174,Malleshwaram,1,37299
2026-10-24,CAM-CAN-206,Malleshwaram,4,67199
2026-10-24,CAM-NIK-215,Malleshwaram,1,40659
2026-10-24,CAM-NIK-216,Malleshwaram,1,86199
2026-10-24,CAM-SON-208,Malleshwaram,1,107499
2026-10-24,GAM-MIC-223,Malleshwaram,1,48399
2026-10-24,GAM-MIC-227,Malleshwaram,1,44899
2026-10-24,GAM-NIN-226,Malleshwaram,1,30689
2026-10-24,GAM-NIN-229,Malleshwaram,3,47689
2026-10-24,GAM-SON-221,Malleshwaram,3,43599
2026-10-24,GAM-SON-222,Malleshwaram,2,54699
2026-10-24,HEA-BOS-181,Malleshwaram,1,9899
2026-10-24,HEA-BOS-190,Malleshwaram,1,28799
2026-10-24,HEA-JBL-180,Malleshwaram,1,20099
2026-10-24,HEA-JBL-184,Malleshwaram,1,21059
2026-10-24,HEA-JBL-187,Malleshwaram,3,23899
2026-10-24,LAP-ACE-118,Malleshwaram,2,52199
2026-10-24,LAP-ASU-120,Malleshwaram,3,78089
2026-10-24,LAP-DEL-115,Malleshwaram,1,101699
2026-10-24,LAP-DEL-123,Malleshwaram,1,99899
2026-10-24,LAP-HP-114,Malleshwaram,1,45899
2026-10-24,LAP-HP-119,Malleshwaram,1,70399
2026-10-24,LAP-LEN-125,Malleshwaram,2,79699
2026-10-24,REF-GOD-143,Malleshwaram,1,48734
2026-10-24,REF-LG-151,Malleshwaram,3,57499
2026-10-24,REF-LG-152,Malleshwaram,1,75799
2026-10-24,REF-WHI-145,Malleshwaram,1,51299
2026-10-24,SMA-APP-110,Malleshwaram,1,22859
2026-10-24,SMA-APP-199,Malleshwaram,1,37049
2026-10-24,SMA-APP-202,Malleshwaram,1,26199
2026-10-24,SMA-NOI-200,Malleshwaram,1,30299
2026-10-24,SMA-ONE-103,Malleshwaram,1,27074
2026-10-24,SMA-ONE-107,Malleshwaram,2,63174
2026-10-24,SMA-SAM-113,Malleshwaram,1,46079
2026-10-24,SMA-XIA-104,Malleshwaram,1,65429
2026-10-24,SMA-XIA-111,Malleshwaram,1,65599
2026-10-24,TEL-XIA-127,Malleshwaram,1,18399
2026-10-24,WAS-BOS-165,Malleshwaram,2,42299
2026-10-24,WAS-IFB-157,Malleshwaram,1,30149
2026-10-24,WAS-IFB-159,Malleshwaram,1,34699
2026-10-24,WAS-LG-160,Malleshwaram,1,38189
2026-10-24,WAS-SAM-156,Malleshwaram,1,27199
2026-10-24,WAS-SAM-163,Malleshwaram,1,41899
2026-10-24,WAS-WHI-161,Malleshwaram,1,17599
2026-10-24,ACC-ANK-233,Whitefield,1,3059
2026-10-24,ACC-MI-243,Whitefield,1,2599
2026-10-24,AIR-BLU-167,Whitefield,1,55439
2026-10-24,AIR-LG-170,Whitefield,2,32399
2026-10-24,AIR-LG-171,Whitefield,4,57699
2026-10-24,AIR-VOL-174,Whitefield,1,37299
2026-10-24,AIR-VOL-177,Whitefield,1,30689
2026-10-24,CAM-CAN-214,Whitefield,3,57299
2026-10-24,CAM-NIK-209,Whitefield,1,68599
2026-10-24,CAM-NIK-211,Whitefield,1,105599
2026-10-24,GAM-MIC-227,Whitefield,1,40409
2026-10-24,GAM-NIN-228,Whitefield,1,44819
2026-10-24,GAM-SON-219,Whitefield,1,46259
2026-10-24,HEA-BOA-191,Whitefield,1,24999
2026-10-24,HEA-JBL-182,Whitefield,1,24899
2026-10-24,HP-ANC-700,Whitefield,1,19990
2026-10-24,LAP-DEL-121,Whitefield,1,57869
2026-10-24,LAP-I5-G12,Whitefield,1,54140
2026-10-24,LAP-LEN-117,Whitefield,1,58999
2026-10-24,LAP-LEN-125,Whitefield,3,79699
2026-10-24,REF-GOD-140,Whitefield,2,30099
2026-10-24,REF-GOD-146,Whitefield,1,34399
2026-10-24,REF-LG-144,Whitefield,2,29339
2026-10-24,REF-LG-149,Whitefield,2,27699
2026-10-24,SMA-APP-109,Whitefield,2,43399
2026-10-24,SMA-NOI-200,Whitefield,1,30299
2026-10-24,SMA-ONE-103,Whitefield,1,28499
2026-10-24,SMA-SAM-101,Whitefield,1,41939
2026-10-24,TEL-LG-138,Whitefield,1,90699
2026-10-24,WAS-LG-160,Whitefield,1,36179
2026-10-24,WAS-WHI-154,Whitefield,1,48399
2026-10-24,WAS-WHI-164,Whitefield,1,15389
2026-10-25,ACC-ANK-233,HSR Layout,1,3059
2026-10-25,ACC-MI-243,HSR Layout,2,2599
2026-10-25,AIR-BLU-173,HSR Layout,2,52629
2026-10-25,AIR-LG-168,HSR Layout,1,32999
2026-10-25,CAM-CAN-207,HSR Layout,1,86579
2026-10-25,CAM-CAN-213,HSR Layout,1,59599
2026-10-25,CAM-NIK-209,HSR Layout,4,61739
2026-10-25,CAM-SON-208,HSR Layout,1,102124
2026-10-25,GAM-NIN-228,HSR Layout,1,49799
2026-10-25,GAM-SON-219,HSR Layout,1,48829
2026-10-25,HEA-BOA-183,HSR Layout,1,4899
2026-10-25,HEA-BOA-189,HSR Layout,1,21299
2026-10-25,HEA-BOS-190,HSR Layout,1,27359
2026-10-25,HEA-JBL-187,HSR Layout,1,23899
2026-10-25,HEA-SON-179,HSR Layout,2,6599
2026-10-25,HEA-SON-188,HSR Layout,1,4599
2026-10-25,HP-ANC-700,HSR Layout,2,19990
2026-10-25,LAP-LEN-116,HSR Layout,2,90399
2026-10-25,LAP-LEN-125,HSR Layout,1,75714
2026-10-25,REF-GOD-140,HSR Layout,1,28594
2026-10-25,REF-LG-141,HSR Layout,3,84899
2026-10-25,REF-LG-144,HSR Layout,2,32599
2026-10-25,SMA-APP-109,HSR Layout,2,41229
2026-10-25,SMA-APP-199,HSR Layout,2,35099
2026-10-25,SMA-NOI-194,HSR Layout,1,3419
2026-10-25,SMA-NOI-195,HSR Layout,1,28799
2026-10-25,SMA-ONE-106,HSR Layout,1,75869
2026-10-25,SMA-SAM-101,HSR Layout,1,46599
2026-10-25,SMA-XIA-104,HSR Layout,1,72699
2026-10-25,SMA-XIA-111,HSR Layout,1,65599
2026-10-25,SW-FIT-3,HSR Layout,2,8999
2026-10-25,TEL-SAM-133,HSR Layout,1,48899
2026-10-25,TEL-TCL-131,HSR Layout,2,38799
2026-10-25,TEL-XIA-127,HSR Layout,1,18399
2026-10-25,TEL-XIA-136,HSR Layout,4,54899
2026-10-25,TV-55Q7,HSR Layout,1,53091
2026-10-25,WAS-BOS-158,HSR Layout,1,33999
2026-10-25,WAS-BOS-165,HSR Layout,1,40184
2026-10-25,WAS-LG-155,HSR Layout,2,39599
2026-10-25,ACC-ANK-239,Indiranagar,1,1199
2026-10-25,ACC-BEL-231,Indiranagar,1,499
2026-10-25,ACC-BEL-238,Indiranagar,2,3199
2026-10-25,ACC-MI-243,Indiranagar,1,2599
2026-10-25,ACC-POR-236,Indiranagar,1,499
2026-10-25,ACC-POR-241,Indiranagar,2,1599
2026-10-25,ACC-POR-242,Indiranagar,1,1349
2026-10-25,AIR-BLU-167,Indiranagar,1,58519
2026-10-25,AIR-BLU-173,Indiranagar,1,55399
2026-10-25,AIR-LG-169,Indiranagar,1,32099
2026-10-25,CAM-CAN-206,Indiranagar,2,67199
2026-10-25,CAM-CAN-207,Indiranagar,1,86579
2026-10-25,CAM-CAN-213,Indiranagar,2,59599
2026-10-25,CAM-NIK-209,Indiranagar,2,65169
2026-10-25,CAM-NIK-215,Indiranagar,1,38519
2026-10-25,CAM-SON-205,Indiranagar,2,51839
2026-10-25,GAM-MIC-225,Indiranagar,1,52399
2026-10-25,GAM-NIN-220,Indiranagar,2,43599
2026-10-25,GAM-NIN-229,Indiranagar,1,47689
2026-10-25,GAM-SON-219,Indiranagar,1,51399
2026-10-25,GAM-SON-222,Indiranagar,4,49229
2026-10-25,HEA-BOA-189,Indiranagar,2,21299
2026-10-25,HEA-BOS-181,Indiranagar,3,9899
2026-10-25,HEA-JBL-180,Indiranagar,2,20099
2026-10-25,HEA-SON-179,Indiranagar,1,6599
2026-10-25,HP-ANC-700,Indiranagar,3,18990
2026-10-25,LAP-ACE-118,Indiranagar,1,52199
2026-10-25,LAP-DEL-122,Indiranagar,2,89679
2026-10-25,LAP-DEL-124,Indiranagar,2,74954
2026-10-25,LAP-LEN-126,Indiranagar,3,110299
2026-10-25,REF-GOD-143,Indiranagar,1,48734
2026-10-25,REF-LG-152,Indiranagar,1,75799
2026-10-25,SMA-AMA-203,Indiranagar,2,12899
2026-10-25,SMA-APP-199,Indiranagar,1,38999
2026-10-25,SMA-NOI-194,Indiranagar,3,3599
2026-10-25,SMA-NOI-197,Indiranagar,1,7979
2026-10-25,SMA-ONE-103,Indiranagar,1,28499
2026-10-25,SMA-ONE-105,Indiranagar,1,49799
2026-10-25,SMA-ONE-106,Indiranagar,1,84299
2026-10-25,SMA-SAM-113,Indiranagar,1,51199
2026-10-25,SMA-SAM-201,Indiranagar,1,5099
2026-10-25,TEL-XIA-127,Indiranagar,1,18399
2026-10-25,TEL-XIA-132,Indiranagar,1,107599
2026-10-25,TEL-XIA-136,Indiranagar,1,54899
2026-10-25,WAS-BOS-158,Indiranagar,1,32299
2026-10-25,WAS-IFB-157,Indiranagar,1,31824
2026-10-25,WAS-LG-160,Indiranagar,2,40199
2026-10-25,WAS-WHI-161,Indiranagar,2,16719
2026-10-25,ACC-ANK-232,Jayanagar,1,2339
2026-10-25,ACC-ANK-233,Jayanagar,1,3229
2026-10-25,ACC-BEL-234,Jayanagar,1,1499
2026-10-25,ACC-MI-240,Jayanagar,1,3899
2026-10-25,ACC-MI-243,Jayanagar,1,2599
2026-10-25,ACC-POR-235,Jayanagar,1,539
2026-10-25,ACC-POR-242,Jayanagar,1,1424
2026-10-25,AIR-BLU-173,Jayanagar,1,52629
2026-10-25,AIR-LG-169,Jayanagar,1,32099
2026-10-25,AIR-VOL-177,Jayanagar,1,34099
2026-10-25,CAM-CAN-207,Jayanagar,1,86579
2026-10-25,CAM-NIK-217,Jayanagar,1,59199
2026-10-25,GAM-MIC-223,Jayanagar,1,45979
2026-10-25,GAM-MIC-227,Jayanagar,1,40409
2026-10-25,GAM-MIC-230,Jayanagar,1,30299
2026-10-25,GAM-NIN-220,Jayanagar,2,39239
2026-10-25,GAM-SON-219,Jayanagar,1,46259
2026-10-25,GAM-SON-221,Jayanagar,1,43599
2026-10-25,HEA-BOA-189,Jayanagar,1,19169
2026-10-25,HEA-BOA-191,Jayanagar,3,22499
2026-10-25,HEA-BOS-181,Jayanagar,2,9899
2026-10-25,HEA-JBL-182,Jayanagar,2,22409
2026-10-25,HEA-JBL-185,Jayanagar,1,12599
2026-10-25,LAP-DEL-115,Jayanagar,1,112999
2026-10-25,LAP-DEL-121,Jayanagar,1,64299
2026-10-25,LAP-DEL-124,Jayanagar,1,78899
2026-10-25,LAP-HP-119,Jayanagar,1,70399
2026-10-25,LAP-LEN-126,Jayanagar,2,104784
2026-10-25,REF-GOD-140,Jayanagar,1,27089
2026-10-25,REF-GOD-143,Jayanagar,1,51299
2026-10-25,REF-GOD-146,Jayanagar,1,32679
2026-10-25,REF-LG-141,Jayanagar,1,84899
2026-10-25,REF-LG-150,Jayanagar,1,46929
2026-10-25,REF-LG-152,Jayanagar,2,68219
2026-10-25,SMA-APP-198,Jayanagar,1,26099
2026-10-25,SMA-APP-204,Jayanagar,1,38249
2026-10-25,SMA-NOI-194,Jayanagar,1,3239
2026-10-25,SMA-NOI-197,Jayanagar,1,8399
2026-10-25,SMA-SAM-108,Jayanagar,1,55199
2026-10-25,SMA-SAM-113,Jayanagar,1,51199
2026-10-25,SMA-SAM-193,Jayanagar,1,10349
2026-10-25,SMA-XIA-111,Jayanagar,2,59039
2026-10-25,TEL-LG-138,Jayanagar,1,86164
2026-10-25,TEL-SAM-128,Jayanagar,2,119499
2026-10-25,TEL-SON-139,Jayanagar,2,73299
2026-10-25,TEL-XIA-132,Jayanagar,2,96839
2026-10-25,WAS-BOS-158,Jayanagar,1,33999
2026-10-25,WAS-BOS-165,Jayanagar,2,40184
2026-10-25,WAS-IFB-153,Jayanagar,1,22499
2026-10-25,WAS-IFB-162,Jayanagar,1,16699
2026-10-25,WAS-LG-160,Jayanagar,2,40199
2026-10-25,WAS-SAM-156,Jayanagar,2,24479
2026-10-25,WAS-WHI-161,Jayanagar,1,15839
2026-10-25,ACC-ANK-232,Koramangala,1,2599
2026-10-25,ACC-ANK-233,Koramangala,1,3229
2026-10-25,ACC-BEL-234,Koramangala,1,1499
2026-10-25,ACC-BEL-238,Koramangala,2,2879
2026-10-25,ACC-POR-236,Koramangala,1,499
2026-10-25,AIR-BLU-167,Koramangala,2,61599
2026-10-25,AIR-LG-166,Koramangala,2,50499
2026-10-25,AIR-LG-170,Koramangala,1,32399
2026-10-25,AIR-LG-175,Koramangala,1,41219
2026-10-25,AIR-VOL-177,Koramangala,1,34099
2026-10-25,CAM-CAN-206,Koramangala,1,60479
2026-10-25,CAM-CAN-213,Koramangala,1,59599
2026-10-25,CAM-CAN-214,Koramangala,1,51569
2026-10-25,CAM-NIK-215,Koramangala,1,38519
2026-10-25,GAM-MIC-218,Koramangala,1,50999
2026-10-25,GAM-MIC-225,Koramangala,1,47159
2026-10-25,GAM-NIN-220,Koramangala,2,43599
2026-10-25,GAM-NIN-229,Koramangala,2,45179
2026-10-25,GAM-SON-222,Koramangala,2,51964
2026-10-25,HEA-BOS-186,Koramangala,1,16099
2026-10-25,HEA-SON-188,Koramangala,2,4369
2026-10-25,LAP-ACE-118,Koramangala,1,52199
2026-10-25,LAP-DEL-123,Koramangala,1,99899
2026-10-25,LAP-HP-114,Koramangala,1,41309
2026-10-25,LAP-I5-G12,Koramangala,1,54140
2026-10-25,LAP-LEN-125,Koramangala,1,79699
2026-10-25,REF-GOD-142,Koramangala,1,37979
2026-10-25,REF-GOD-143,Koramangala,3,51299
2026-10-25,REF-GOD-146,Koramangala,1,34399
2026-10-25,REF-LG-141,Koramangala,2,84899
2026-10-25,REF-LG-149,Koramangala,1,24929
2026-10-25,REF-LG-150,Koramangala,1,49399
2026-10-25,REF-LG-152,Koramangala,1,75799
2026-10-25,REF-WHI-145,Koramangala,1,56999
2026-10-25,SMA-NOI-197,Koramangala,2,8399
2026-10-25,SMA-ONE-106,Koramangala,1,75869
2026-10-25,SMA-SAM-101,Koramangala,1,46599
2026-10-25,SMA-SAM-108,Koramangala,1,49679
2026-10-25,SMA-SAM-113,Koramangala,2,46079
2026-10-25,SMA-SAM-193,Koramangala,2,11499
2026-10-25,SMA-XIA-104,Koramangala,1,72699
2026-10-25,SMA-XIA-111,Koramangala,1,59039
2026-10-25,TEL-LG-138,Koramangala,2,90699
2026-10-25,TEL-TCL-129,Koramangala,1,116999
2026-10-25,TEL-XIA-127,Koramangala,3,18399
2026-10-25,TEL-XIA-132,Koramangala,3,102219
2026-10-25,TV-55Q7,Koramangala,2,56040
2026-10-25,WAS-BOS-158,Koramangala,1,30599
2026-10-25,WAS-IFB-153,Koramangala,3,22499
2026-10-25,WAS-IFB-157,Koramangala,2,33499
2026-10-25,WAS-IFB-162,Koramangala,1,15864
2026-10-25,WM-FL-8KG,Koramangala,2,35140
2026-10-25,ACC-ANK-233,Malleshwaram,1,3399
2026-10-25,ACC-BEL-238,Malleshwaram,1,3199
2026-10-25,ACC-MI-243,Malleshwaram,3,2599
2026-10-25,ACC-POR-241,Malleshwaram,2,1599
2026-10-25,AIR-BLU-173,Malleshwaram,1,49859
2026-10-25,AIR-DAI-176,Malleshwaram,1,42299
2026-10-25,AIR-LG-168,Malleshwaram,1,32999
2026-10-25,AIR-LG-170,Malleshwaram,2,32399
2026-10-25,CAM-CAN-206,Malleshwaram,2,67199
2026-10-25,CAM-NIK-217,Malleshwaram,1,53279
2026-10-25,GAM-MIC-225,Malleshwaram,2,52399
2026-10-25,GAM-NIN-224,Malleshwaram,1,28079
2026-10-25,GAM-NIN-226,Malleshwaram,1,32394
2026-10-25,GAM-NIN-229,Malleshwaram,1,47689
2026-10-25,GAM-SON-219,Malleshwaram,1,51399
2026-10-25,HEA-BOA-183,Malleshwaram,1,4899
2026-10-25,HEA-BOA-191,Malleshwaram,1,23749
2026-10-25,HEA-JBL-180,Malleshwaram,1,20099
2026-10-25,HEA-JBL-182,Malleshwaram,1,23654
2026-10-25,HEA-JBL-187,Malleshwaram,1,23899
2026-10-25,HEA-SON-179,Malleshwaram,1,6269
2026-10-25,LAP-ACE-118,Malleshwaram,1,52199
2026-10-25,LAP-ASU-120,Malleshwaram,1,78089
2026-10-25,LAP-DEL-123,Malleshwaram,2,94904
2026-10-25,LAP-HP-119,Malleshwaram,1,70399
2026-10-25,REF-GOD-140,Malleshwaram,1,30099
2026-10-25,REF-LG-144,Malleshwaram,1,32599
2026-10-25,REF-LG-151,Malleshwaram,2,57499
2026-10-25,SMA-AMA-192,Malleshwaram,1,40299
2026-10-25,SMA-ONE-106,Malleshwaram,1,84299
2026-10-25,SMA-SAM-108,Malleshwaram,1,55199
2026-10-25,SMA-SAM-201,Malleshwaram,1,5099
2026-10-25,SMA-VIV-102,Malleshwaram,1,31859
2026-10-25,TEL-SON-135,Malleshwaram,2,46499
2026-10-25,TEL-SON-139,Malleshwaram,1,73299
2026-10-25,TEL-XIA-134,Malleshwaram,1,119999
2026-10-25,TV-55Q7,Malleshwaram,1,58990
2026-10-25,WAS-IFB-153,Malleshwaram,1,22499
2026-10-25,WAS-LG-160,Malleshwaram,2,40199
2026-10-25,WAS-SAM-156,Malleshwaram,2,27199
2026-10-25,WAS-SAM-163,Malleshwaram,1,41899
2026-10-25,WAS-WHI-161,Malleshwaram,2,17599
2026-10-25,ACC-ANK-237,Whitefield,3,2899
2026-10-25,ACC-BEL-238,Whitefield,5,3199
2026-10-25,ACC-POR-236,Whitefield,1,499
2026-10-25,ACC-POR-242,Whitefield,1,1349
2026-10-25,AIR-LG-166,Whitefield,1,50499
2026-10-25,AIR-LG-168,Whitefield,1,32999
2026-10-25,AIR-LG-171,Whitefield,1,57699
2026-10-25,AIR-VOL-177,Whitefield,1,34099
2026-10-25,CAM-CAN-207,Whitefield,1,96199
2026-10-25,CAM-CAN-214,Whitefield,1,54434
2026-10-25,CAM-SON-205,Whitefield,2,51839
2026-10-25,GAM-MIC-227,Whitefield,2,44899
2026-10-25,GAM-NIN-220,Whitefield,1,43599
2026-10-25,GAM-NIN-229,Whitefield,2,47689
2026-10-25,GAM-SON-221,Whitefield,1,43599
2026-10-25,GAM-SON-222,Whitefield,2,51964
2026-10-25,HEA-BOA-183,Whitefield,1,4899
2026-10-25,HEA-BOS-186,Whitefield,1,14489
2026-10-25,HEA-JBL-180,Whitefield,2,20099
2026-10-25,HEA-JBL-187,Whitefield,2,23899
2026-10-25,HEA-SON-188,Whitefield,1,4369
2026-10-25,LAP-ASU-120,Whitefield,1,82199
2026-10-25,LAP-DEL-115,Whitefield,1,112999
2026-10-25,LAP-DEL-124,Whitefield,1,78899
2026-10-25,LAP-LEN-126,Whitefield,1,99269
2026-10-25,REF-GOD-146,Whitefield,1,34399
2026-10-25,REF-LG-149,Whitefield,2,24929
2026-10-25,SMA-APP-109,Whitefield,2,41229
2026-10-25,SMA-APP-198,Whitefield,1,26099
2026-10-25,SMA-APP-202,Whitefield,2,23579
2026-10-25,SMA-APP-204,Whitefield,1,38249
2026-10-25,SMA-NOI-195,Whitefield,1,28799
2026-10-25,SMA-ONE-105,Whitefield,1,49799
2026-10-25,SMA-SAM-101,Whitefield,1,44269
2026-10-25,TEL-LG-138,Whitefield,2,90699
2026-10-25,TEL-SON-130,Whitefield,1,58999
2026-10-25,TEL-XIA-127,Whitefield,1,17479
2026-10-25,WAS-IFB-153,Whitefield,3,20249
2026-10-25,WAS-LG-155,Whitefield,1,41799
2026-10-25,WAS-SAM-163,Whitefield,1,37709
2026-10-25,WAS-WHI-154,Whitefield,1,43559
2026-10-25,WAS-WHI-161,Whitefield,1,17599
2026-10-26,ACC-BEL-231,HSR Layout,1,499
2026-10-26,ACC-POR-241,HSR Layout,1,1599
2026-10-26,ACC-POR-242,HSR Layout,1,1499
2026-10-26,AIR-BLU-173,HSR Layout,1,55399
2026-10-26,AIR-DAI-172,HSR Layout,2,58799
2026-10-26,AIR-LG-166,HSR Layout,1,47974
2026-10-26,AIR-LG-168,HSR Layout,2,31349
2026-10-26,AIR-LG-169,HSR Layout,1,32099
2026-10-26,AIR-LG-175,HSR Layout,1,43509
2026-10-26,CAM-CAN-207,HSR Layout,1,96199
2026-10-26,CAM-NIK-209,HSR Layout,1,61739
2026-10-26,CAM-SON-208,HSR Layout,2,107499
2026-10-26,GAM-NIN-228,HSR Layout,2,47309
2026-10-26,GAM-SON-219,HSR Layout,1,51399
2026-10-26,HEA-BOA-191,HSR Layout,2,24999
2026-10-26,HEA-BOS-190,HSR Layout,1,28799
2026-10-26,HEA-JBL-182,HSR Layout,1,24899
2026-10-26,HEA-SON-179,HSR Layout,1,6599
2026-10-26,HEA-SON-188,HSR Layout,1,4369
2026-10-26,HP-ANC-700,HSR Layout,1,19990
2026-10-26,LAP-DEL-123,HSR Layout,1,99899
2026-10-26,LAP-HP-119,HSR Layout,2,66879
2026-10-26,LAP-LEN-125,HSR Layout,4,79699
2026-10-26,REF-GOD-142,HSR Layout,1,42199
2026-10-26,REF-GOD-146,HSR Layout,2,34399
2026-10-26,REF-LG-141,HSR Layout,2,84899
2026-10-26,REF-LG-144,HSR Layout,2,32599
2026-10-26,REF-LG-151,HSR Layout,1,51749
2026-10-26,SMA-APP-109,HSR Layout,1,43399
2026-10-26,SMA-APP-199,HSR Layout,2,35099
2026-10-26,SMA-NOI-195,HSR Layout,1,28799
2026-10-26,SMA-SAM-113,HSR Layout,1,51199
2026-10-26,SMA-SAM-201,HSR Layout,1,4589
2026-10-26,TEL-SON-130,HSR Layout,2,58999
2026-10-26,TEL-SON-135,HSR Layout,2,44174
2026-10-26,TEL-TCL-137,HSR Layout,1,96699
2026-10-26,TEL-XIA-127,HSR Layout,1,16559
2026-10-26,TEL-XIA-136,HSR Layout,2,52154
2026-10-26,TV-55Q7,HSR Layout,1,58990
2026-10-26,TV-65U8,HSR Layout,1,64990
2026-10-26,WAS-BOS-165,HSR Layout,1,40184
2026-10-26,ACC-ANK-237,Indiranagar,1,2899
2026-10-26,ACC-BEL-234,Indiranagar,1,1499
2026-10-26,ACC-MI-243,Indiranagar,3,2599
2026-10-26,ACC-POR-241,Indiranagar,1,1519
2026-10-26,AIR-LG-166,Indiranagar,1,45449
2026-10-26,CAM-CAN-207,Indiranagar,1,96199
2026-10-26,CAM-SON-208,Indiranagar,1,102124
2026-10-26,GAM-NIN-226,Indiranagar,1,32394
2026-10-26,GAM-NIN-228,Indiranagar,1,47309
2026-10-26,GAM-SON-219,Indiranagar,1,51399
2026-10-26,GAM-SON-222,Indiranagar,3,51964
2026-10-26,HEA-BOA-189,Indiranagar,2,19169
2026-10-26,HEA-BOS-181,Indiranagar,1,8909
2026-10-26,HEA-JBL-180,Indiranagar,2,18089
2026-10-26,HEA-SON-179,Indiranagar,1,6599
2026-10-26,HP-ANC-700,Indiranagar,2,17991
2026-10-26,LAP-DEL-124,Indiranagar,1,78899
2026-10-26,LAP-HP-114,Indiranagar,1,45899
2026-10-26,LAP-LEN-126,Indiranagar,1,110299
2026-10-26,REF-GOD-140,Indiranagar,1,30099
2026-10-26,REF-LG-149,Indiranagar,1,27699
2026-10-26,REF-LG-151,Indiranagar,1,54624
2026-10-26,SMA-APP-199,Indiranagar,1,37049
2026-10-26,SMA-NOI-200,Indiranagar,1,27269
2026-10-26,SMA-SAM-101,Indiranagar,1,44269
2026-10-26,SMA-SAM-108,Indiranagar,1,49679
2026-10-26,SMA-SAM-112,Indiranagar,1,55099
2026-10-26,SMA-SAM-201,Indiranagar,1,4844
2026-10-26,SW-FIT-3,Indiranagar,1,8999
2026-10-26,TEL-LG-138,Indiranagar,1,90699
2026-10-26,TEL-SON-130,Indiranagar,1,58999
2026-10-26,TEL-TCL-137,Indiranagar,1,96699
2026-10-26,TEL-XIA-127,Indiranagar,1,18399
2026-10-26,WAS-BOS-158,Indiranagar,1,30599
2026-10-26,WAS-BOS-165,Indiranagar,1,38069
2026-10-26,WAS-IFB-153,Indiranagar,1,21374
2026-10-26,WAS-IFB-162,Indiranagar,1,16699
2026-10-26,WAS-LG-160,Indiranagar,1,40199
2026-10-26,WAS-SAM-163,Indiranagar,1,37709
2026-10-26,WAS-WHI-164,Indiranagar,2,17099
2026-10-26,ACC-POR-235,Jayanagar,1,569
2026-10-26,ACC-POR-241,Jayanagar,1,1599
2026-10-26,AIR-LG-169,Jayanagar,1,32099
2026-10-26,AIR-VOL-177,Jayanagar,1,34099
2026-10-26,CAM-NIK-212,Jayanagar,3,89549
2026-10-26,GAM-MIC-225,Jayanagar,1,47159
2026-10-26,GAM-SON-219,Jayanagar,2,46259
2026-10-26,HEA-BOA-183,Jayanagar,1,4654
2026-10-26,HEA-BOS-181,Jayanagar,2,9404
2026-10-26,LAP-ACE-118,Jayanagar,3,52199
2026-10-26,LAP-DEL-121,Jayanagar,1,64299
2026-10-26,LAP-DEL-123,Jayanagar,1,99899
2026-10-26,LAP-LEN-116,Jayanagar,1,81359
2026-10-26,LAP-LEN-125,Jayanagar,3,79699
2026-10-26,LAP-LEN-126,Jayanagar,2,110299
2026-10-26,REF-GOD-140,Jayanagar,2,30099
2026-10-26,REF-GOD-148,Jayanagar,1,65799
2026-10-26,REF-LG-151,Jayanagar,1,57499
2026-10-26,REF-LG-152,Jayanagar,1,75799
2026-10-26,REF-WHI-145,Jayanagar,3,56999
2026-10-26,SMA-AMA-192,Jayanagar,1,36269
2026-10-26,SMA-APP-204,Jayanagar,1,42499
2026-10-26,SMA-SAM-108,Jayanagar,1,49679
2026-10-26,SMA-SAM-112,Jayanagar,1,55099
2026-10-26,SMA-SAM-113,Jayanagar,1,46079
2026-10-26,SMA-SAM-193,Jayanagar,2,11499
2026-10-26,SMA-XIA-111,Jayanagar,1,65599
2026-10-26,SW-FIT-3,Jayanagar,1,8999
2026-10-26,TEL-LG-138,Jayanagar,1,86164
2026-10-26,TEL-SAM-128,Jayanagar,1,107549
2026-10-26,TEL-SAM-133,Jayanagar,2,44009
2026-10-26,TEL-XIA-136,Jayanagar,1,54899
2026-10-26,WAS-IFB-162,Jayanagar,1,16699
2026-10-26,WAS-LG-155,Jayanagar,1,41799
2026-10-26,WAS-LG-160,Jayanagar,1,36179
2026-10-26,WAS-WHI-154,Jayanagar,1,45979
2026-10-26,WAS-WHI-161,Jayanagar,1,17599
2026-10-26,WAS-WHI-164,Jayanagar,1,15389
2026-10-26,WM-FL-8KG,Jayanagar,1,33291
2026-10-26,ACC-BEL-231,Koramangala,2,499
2026-10-26,ACC-BEL-238,Koramangala,1,3199
2026-10-26,ACC-MI-243,Koramangala,1,2469
2026-10-26,AIR-BLU-167,Koramangala,1,61599
2026-10-26,AIR-LG-166,Koramangala,1,45449
2026-10-26,CAM-CAN-207,Koramangala,2,96199
2026-10-26,CAM-CAN-210,Koramangala,1,75509
2026-10-26,CAM-NIK-217,Koramangala,1,53279
2026-10-26,CAM-SON-208,Koramangala,1,107499
2026-10-26,GAM-MIC-218,Koramangala,1,50999
2026-10-26,GAM-MIC-225,Koramangala,1,52399
2026-10-26,GAM-SON-222,Koramangala,1,51964
2026-10-26,HEA-BOA-189,Koramangala,1,19169
2026-10-26,HEA-JBL-180,Koramangala,1,20099
2026-10-26,HEA-JBL-185,Koramangala,1,12599
2026-10-26,LAP-ASU-120,Koramangala,1,82199
2026-10-26,LAP-DEL-121,Koramangala,1,64299
2026-10-26,LAP-DEL-122,Koramangala,1,94399
2026-10-26,LAP-DEL-123,Koramangala,1,89909
2026-10-26,REF-GOD-142,Koramangala,1,42199
2026-10-26,REF-LG-141,Koramangala,1,84899
2026-10-26,REF-LG-150,Koramangala,1,49399
2026-10-26,REF-LG-152,Koramangala,1,75799
2026-10-26,SMA-APP-199,Koramangala,1,38999
2026-10-26,SMA-NOI-194,Koramangala,1,3599
2026-10-26,SMA-ONE-106,Koramangala,2,80084
2026-10-26,SMA-ONE-107,Koramangala,2,66499
2026-10-26,SMA-SAM-101,Koramangala,1,46599
2026-10-26,SMA-SAM-113,Koramangala,1,51199
2026-10-26,SMA-SAM-193,Koramangala,3,11499
2026-10-26,SMA-VIV-102,Koramangala,1,31859
2026-10-26,TEL-LG-138,Koramangala,1,90699
2026-10-26,TEL-SON-135,Koramangala,1,41849
2026-10-26,TEL-XIA-127,Koramangala,2,18399
2026-10-26,TEL-XIA-132,Koramangala,2,107599
2026-10-26,TEL-XIA-134,Koramangala,2,107999
2026-10-26,TV-55Q7,Koramangala,1,56040
2026-10-26,WAS-IFB-153,Koramangala,1,22499
2026-10-26,WM-FL-8KG,Koramangala,2,36990
2026-10-26,ACC-ANK-237,Malleshwaram,1,2899
2026-10-26,AIR-BLU-173,Malleshwaram,2,52629
2026-10-26,AIR-DAI-176,Malleshwaram,1,46999
2026-10-26,AIR-LG-166,Malleshwaram,1,50499
2026-10-26,AIR-LG-170,Malleshwaram,2,30779
2026-10-26,AIR-LG-171,Malleshwaram,1,57699
2026-10-26,AIR-VOL-177,Malleshwaram,1,30689
2026-10-26,CAM-CAN-206,Malleshwaram,2,63839
2026-10-26,CAM-NIK-212,Malleshwaram,1,94524
2026-10-26,CAM-NIK-215,Malleshwaram,3,42799
2026-10-26,CAM-SON-208,Malleshwaram,1,107499
2026-10-26,GAM-MIC-225,Malleshwaram,1,52399
2026-10-26,GAM-NIN-220,Malleshwaram,1,43599
2026-10-26,GAM-NIN-229,Malleshwaram,2,50199
2026-10-26,HEA-BOA-191,Malleshwaram,1,24999
2026-10-26,HEA-JBL-182,Malleshwaram,1,24899
2026-10-26,HEA-JBL-185,Malleshwaram,1,12599
2026-10-26,HEA-JBL-187,Malleshwaram,1,22704
2026-10-26,LAP-ACE-118,Malleshwaram,2,52199
2026-10-26,LAP-ASU-120,Malleshwaram,3,82199
2026-10-26,LAP-DEL-121,Malleshwaram,1,64299
2026-10-26,LAP-DEL-123,Malleshwaram,2,99899
2026-10-26,LAP-HP-114,Malleshwaram,1,45899
2026-10-26,LAP-HP-119,Malleshwaram,1,70399
2026-10-26,LAP-LEN-125,Malleshwaram,1,79699
2026-10-26,LAP-LEN-126,Malleshwaram,1,104784
2026-10-26,REF-GOD-140,Malleshwaram,1,27089
2026-10-26,REF-GOD-142,Malleshwaram,1,42199
2026-10-26,REF-GOD-143,Malleshwaram,1,48734
2026-10-26,REF-LG-149,Malleshwaram,1,27699
2026-10-26,REF-LG-151,Malleshwaram,1,57499
2026-10-26,REF-WHI-145,Malleshwaram,1,51299
2026-10-26,SMA-APP-198,Malleshwaram,2,26099
2026-10-26,SMA-NOI-197,Malleshwaram,1,7979
2026-10-26,SMA-SAM-108,Malleshwaram,1,55199
2026-10-26,SMA-SAM-112,Malleshwaram,1,55099
2026-10-26,SMA-SAM-196,Malleshwaram,2,17099
2026-10-26,TEL-SON-139,Malleshwaram,1,73299
2026-10-26,TEL-TCL-129,Malleshwaram,1,111149
2026-10-26,TEL-TCL-131,Malleshwaram,1,38799
2026-10-26,TEL-XIA-127,Malleshwaram,1,18399
2026-10-26,TV-55Q7,Malleshwaram,1,58990
2026-10-26,TV-65U8,Malleshwaram,1,58491
2026-10-26,WAS-LG-160,Malleshwaram,1,40199
2026-10-26,WAS-SAM-163,Malleshwaram,1,37709
2026-10-26,WAS-WHI-161,Malleshwaram,2,15839
2026-10-26,ACC-BEL-234,Whitefield,1,1424
2026-10-26,ACC-BEL-238,Whitefield,1,3039
2026-10-26,ACC-POR-236,Whitefield,1,449
2026-10-26,ACC-POR-241,Whitefield,1,1439
2026-10-26,AIR-DAI-172,Whitefield,1,58799
2026-10-26,AIR-LG-169,Whitefield,1,32099
2026-10-26,AIR-VOL-174,Whitefield,1,37299
2026-10-26,AIR-VOL-177,Whitefield,1,34099
2026-10-26,CAM-CAN-210,Whitefield,1,83899
2026-10-26,CAM-CAN-214,Whitefield,2,54434
2026-10-26,GAM-NIN-226,Whitefield,1,34099
2026-10-26,GAM-SON-221,Whitefield,1,43599
2026-10-26,GAM-SON-222,Whitefield,1,51964
2026-10-26,HEA-BOA-183,Whitefield,1,4409
2026-10-26,HEA-JBL-180,Whitefield,2,20099
2026-10-26,HEA-JBL-182,Whitefield,1,24899
2026-10-26,HEA-JBL-185,Whitefield,1,11969
2026-10-26,LAP-LEN-125,Whitefield,1,71729
2026-10-26,REF-GOD-146,Whitefield,1,30959
2026-10-26,REF-SAM-147,Whitefield,1,45199
2026-10-26,REF-WHI-145,Whitefield,1,56999
2026-10-26,SMA-AMA-203,Whitefield,1,12899
2026-10-26,SMA-APP-109,Whitefield,2,43399
2026-10-26,SMA-APP-198,Whitefield,2,26099
2026-10-26,SMA-APP-202,Whitefield,1,26199
2026-10-26,SMA-NOI-195,Whitefield,2,27359
2026-10-26,SMA-ONE-103,Whitefield,1,28499
2026-10-26,SMA-ONE-105,Whitefield,1,49799
2026-10-26,SMA-XIA-104,Whitefield,1,65429
2026-10-26,TEL-SON-135,Whitefield,1,46499
2026-10-26,TEL-XIA-136,Whitefield,1,54899
2026-10-26,WAS-BOS-158,Whitefield,1,33999
2026-10-26,WAS-IFB-153,Whitefield,1,20249
2026-10-26,WAS-LG-160,Whitefield,1,40199
2026-10-26,WAS-WHI-154,Whitefield,1,48399
2026-10-27,ACC-ANK-239,HSR Layout,1,1199
2026-10-27,ACC-POR-236,HSR Layout,1,499
2026-10-27,ACC-POR-241,HSR Layout,1,1599
2026-10-27,ACC-POR-242,HSR Layout,1,1499
2026-10-27,AIR-LG-166,HSR Layout,2,50499
2026-10-27,AIR-LG-169,HSR Layout,1,30494
2026-10-27,AIR-LG-170,HSR Layout,1,30779
2026-10-27,CAM-NIK-211,HSR Layout,2,105599
2026-10-27,CAM-NIK-215,HSR Layout,2,40659
2026-10-27,CAM-SON-208,HSR Layout,1,96749
2026-10-27,GAM-NIN-220,HSR Layout,1,39239
2026-10-27,GAM-NIN-228,HSR Layout,2,49799
2026-10-27,HEA-BOS-186,HSR Layout,1,16099
2026-10-27,HEA-BOS-190,HSR Layout,1,28799
2026-10-27,HEA-SON-179,HSR Layout,1,5939
2026-10-27,LAP-DEL-124,HSR Layout,1,74954
2026-10-27,LAP-LEN-116,HSR Layout,2,85879
2026-10-27,LAP-LEN-117,HSR Layout,1,58999
2026-10-27,LAP-LEN-125,HSR Layout,1,75714
2026-10-27,REF-LG-141,HSR Layout,2,84899
2026-10-27,REF-LG-151,HSR Layout,2,54624
2026-10-27,SMA-APP-109,HSR Layout,2,39059
2026-10-27,SMA-APP-202,HSR Layout,1,26199
2026-10-27,SMA-ONE-103,HSR Layout,2,28499
2026-10-27,SMA-ONE-106,HSR Layout,1,84299
2026-10-27,SMA-SAM-196,HSR Layout,1,18999
2026-10-27,SMA-XIA-111,HSR Layout,1,62319
2026-10-27,TEL-SON-130,HSR Layout,1,56049
2026-10-27,TEL-TCL-137,HSR Layout,1,96699
2026-10-27,TEL-XIA-134,HSR Layout,1,113999
2026-10-27,TV-55Q7,HSR Layout,1,53091
2026-10-27,WAS-BOS-158,HSR Layout,1,33999
2026-10-27,WAS-BOS-165,HSR Layout,1,38069
2026-10-27,WAS-LG-155,HSR Layout,1,43999
2026-10-27,WAS-WHI-164,HSR Layout,1,17099
2026-10-27,ACC-ANK-237,Indiranagar,1,2899
2026-10-27,ACC-BEL-234,Indiranagar,1,1499
2026-10-27,ACC-POR-241,Indiranagar,1,1599
2026-10-27,AIR-BLU-167,Indiranagar,1,61599
2026-10-27,AIR-BLU-173,Indiranagar,2,52629
2026-10-27,AIR-DAI-172,Indiranagar,2,52919
2026-10-27,AIR-LG-169,Indiranagar,2,32099
2026-10-27,AIR-VOL-174,Indiranagar,1,33569
2026-10-27,CAM-CAN-213,Indiranagar,1,59599
2026-10-27,CAM-SON-208,Indiranagar,1,107499
2026-10-27,GAM-NIN-229,Indiranagar,1,50199
2026-10-27,GAM-SON-222,Indiranagar,1,49229
2026-10-27,HEA-BOA-183,Indiranagar,1,4654
2026-10-27,HEA-BOA-189,Indiranagar,3,21299
2026-10-27,HEA-BOS-181,Indiranagar,2,9404
2026-10-27,HEA-BOS-190,Indiranagar,1,28799
2026-10-27,HEA-JBL-180,Indiranagar,1,19094
2026-10-27,HEA-JBL-185,Indiranagar,2,12599
2026-10-27,HEA-JBL-187,Indiranagar,1,23899
2026-10-27,HP-ANC-700,Indiranagar,2,19990
2026-10-27,LAP-ACE-118,Indiranagar,2,52199
2026-10-27,LAP-DEL-124,Indiranagar,1,74954
2026-10-27,LAP-LEN-126,Indiranagar,2,104784
2026-10-27,REF-LG-152,Indiranagar,1,68219
2026-10-27,SMA-NOI-200,Indiranagar,1,30299
2026-10-27,SMA-ONE-103,Indiranagar,1,28499
2026-10-27,SMA-SAM-101,Indiranagar,1,46599
2026-10-27,SMA-SAM-201,Indiranagar,2,5099
2026-10-27,SMA-XIA-111,Indiranagar,2,62319
2026-10-27,TEL-XIA-136,Indiranagar,2,54899
2026-10-27,WAS-BOS-158,Indiranagar,1,33999
2026-10-27,WAS-SAM-156,Indiranagar,1,24479
2026-10-27,ACC-ANK-232,Jayanagar,3,2599
2026-10-27,ACC-ANK-237,Jayanagar,1,2899
2026-10-27,ACC-BEL-238,Jayanagar,1,3039
2026-10-27,ACC-POR-241,Jayanagar,1,1439
2026-10-27,AIR-DAI-176,Jayanagar,1,44649
2026-10-27,AIR-LG-169,Jayanagar,1,28889
2026-10-27,AIR-VOL-177,Jayanagar,2,34099
2026-10-27,CAM-NIK-217,Jayanagar,1,59199
2026-10-27,CAM-SON-205,Jayanagar,1,57599
2026-10-27,CAM-SON-208,Jayanagar,1,107499
2026-10-27,GAM-SON-222,Jayanagar,2,54699
2026-10-27,HEA-BOA-189,Jayanagar,1,21299
2026-10-27,HEA-BOS-186,Jayanagar,1,15294
2026-10-27,LAP-DEL-124,Jayanagar,1,78899
2026-10-27,LAP-I5-G13,Jayanagar,1,53991
2026-10-27,LAP-LEN-116,Jayanagar,1,81359
2026-10-27,REF-GOD-140,Jayanagar,1,30099
2026-10-27,REF-GOD-146,Jayanagar,1,34399
2026-10-27,REF-LG-141,Jayanagar,1,84899
2026-10-27,REF-LG-150,Jayanagar,1,49399
2026-10-27,REF-LG-152,Jayanagar,3,68219
2026-10-27,REF-WHI-145,Jayanagar,1,56999
2026-10-27,SMA-APP-204,Jayanagar,1,38249
2026-10-27,SMA-ONE-107,Jayanagar,1,66499
2026-10-27,SMA-SAM-108,Jayanagar,1,55199
2026-10-27,SMA-SAM-112,Jayanagar,1,55099
2026-10-27,SMA-SAM-193,Jayanagar,2,11499
2026-10-27,SMA-XIA-111,Jayanagar,1,59039
2026-10-27,SW-FIT-3,Jayanagar,2,8549
2026-10-27,TEL-SAM-128,Jayanagar,1,119499
2026-10-27,TEL-SAM-133,Jayanagar,1,44009
2026-10-27,TEL-SON-139,Jayanagar,1,65969
2026-10-27,TEL-TCL-129,Jayanagar,1,116999
2026-10-27,TEL-XIA-127,Jayanagar,1,16559
2026-10-27,WAS-BOS-165,Jayanagar,1,42299
2026-10-27,WAS-IFB-153,Jayanagar,3,21374
2026-10-27,WAS-IFB-162,Jayanagar,2,15029
2026-10-27,WAS-SAM-163,Jayanagar,1,37709
2026-10-27,WAS-WHI-164,Jayanagar,1,16244
2026-10-27,WM-FL-8KG,Jayanagar,4,35140
2026-10-27,ACC-ANK-239,Koramangala,1,1199
2026-10-27,ACC-BEL-238,Koramangala,1,3199
2026-10-27,ACC-MI-240,Koramangala,1,3509
2026-10-27,ACC-POR-236,Koramangala,1,499
2026-10-27,AIR-BLU-167,Koramangala,3,61599
2026-10-27,AIR-DAI-172,Koramangala,1,58799
2026-10-27,CAM-CAN-213,Koramangala,2,59599
2026-10-27,CAM-NIK-215,Koramangala,2,42799
2026-10-27,CAM-NIK-217,Koramangala,1,56239
2026-10-27,GAM-MIC-218,Koramangala,1,45899
2026-10-27,GAM-MIC-225,Koramangala,1,52399
2026-10-27,GAM-NIN-226,Koramangala,1,34099
2026-10-27,HEA-BOA-189,Koramangala,2,21299
2026-10-27,HEA-SON-188,Koramangala,2,4139
2026-10-27,LAP-ACE-118,Koramangala,1,52199
2026-10-27,LAP-DEL-121,Koramangala,1,57869
2026-10-27,LAP-DEL-122,Koramangala,1,94399
2026-10-27,LAP-DEL-123,Koramangala,2,99899
2026-10-27,LAP-DEL-124,Koramangala,2,74954
2026-10-27,LAP-HP-114,Koramangala,1,43604
2026-10-27,REF-GOD-142,Koramangala,1,37979
2026-10-27,REF-LG-144,Koramangala,1,30969
2026-10-27,REF-LG-149,Koramangala,1,26314
2026-10-27,REF-SAM-147,Koramangala,1,42939
2026-10-27,REF-WHI-145,Koramangala,1,56999
2026-10-27,SMA-NOI-194,Koramangala,1,3419
2026-10-27,SMA-NOI-197,Koramangala,1,7979
2026-10-27,SMA-ONE-103,Koramangala,1,28499
2026-10-27,SMA-ONE-106,Koramangala,1,84299
2026-10-27,SMA-SAM-101,Koramangala,2,46599
2026-10-27,SMA-SAM-193,Koramangala,4,11499
2026-10-27,TEL-LG-138,Koramangala,1,81629
2026-10-27,TEL-SON-135,Koramangala,1,46499
2026-10-27,TEL-TCL-131,Koramangala,1,38799
2026-10-27,TEL-XIA-127,Koramangala,1,18399
2026-10-27,TEL-XIA-132,Koramangala,4,107599
2026-10-27,TV-55Q7,Koramangala,1,53091
2026-10-27,WAS-BOS-165,Koramangala,1,38069
2026-10-27,WAS-IFB-157,Koramangala,1,33499
2026-10-27,WAS-SAM-156,Koramangala,1,24479
2026-10-27,WAS-WHI-154,Koramangala,1,43559
2026-10-27,WAS-WHI-161,Koramangala,1,17599
2026-10-27,WM-FL-8KG,Koramangala,2,36990
2026-10-27,ACC-ANK-233,Malleshwaram,1,3059
2026-10-27,ACC-ANK-239,Malleshwaram,1,1199
2026-10-27,ACC-BEL-238,Malleshwaram,1,2879
2026-10-27,ACC-MI-243,Malleshwaram,1,2599
2026-10-27,ACC-POR-242,Malleshwaram,1,1349
2026-10-27,AIR-LG-170,Malleshwaram,2,32399
2026-10-27,AIR-VOL-174,Malleshwaram,2,37299
2026-10-27,AIR-VOL-177,Malleshwaram,1,34099
2026-10-27,CAM-CAN-206,Malleshwaram,4,60479
2026-10-27,CAM-CAN-210,Malleshwaram,1,83899
2026-10-27,CAM-NIK-215,Malleshwaram,1,42799
2026-10-27,CAM-NIK-216,Malleshwaram,2,86199
2026-10-27,CAM-SON-205,Malleshwaram,1,57599
2026-10-27,GAM-MIC-225,Malleshwaram,1,52399
2026-10-27,GAM-NIN-226,Malleshwaram,1,30689
2026-10-27,GAM-NIN-229,Malleshwaram,1,50199
2026-10-27,HEA-BOA-183,Malleshwaram,1,4409
2026-10-27,HEA-BOS-186,Malleshwaram,1,14489
2026-10-27,HEA-JBL-180,Malleshwaram,2,18089
2026-10-27,HEA-JBL-185,Malleshwaram,1,11339
2026-10-27,HEA-JBL-187,Malleshwaram,2,23899
2026-10-27,HEA-SON-179,Malleshwaram,1,6269
2026-10-27,HP-ANC-700,Malleshwaram,3,19990
2026-10-27,LAP-ASU-120,Malleshwaram,2,73979
2026-10-27,LAP-DEL-123,Malleshwaram,2,99899
2026-10-27,LAP-HP-119,Malleshwaram,1,70399
2026-10-27,LAP-I5-G13,Malleshwaram,1,59990
2026-10-27,LAP-LEN-126,Malleshwaram,1,99269
2026-10-27,REF-GOD-148,Malleshwaram,1,65799
2026-10-27,REF-LG-152,Malleshwaram,2,75799
2026-10-27,REF-WHI-145,Malleshwaram,1,56999
2026-10-27,SMA-APP-110,Malleshwaram,1,25399
2026-10-27,SMA-APP-202,Malleshwaram,2,26199
2026-10-27,SMA-ONE-106,Malleshwaram,1,84299
2026-10-27,SMA-ONE-107,Malleshwaram,1,63174
2026-10-27,SMA-SAM-108,Malleshwaram,1,52439
2026-10-27,SMA-SAM-201,Malleshwaram,3,4844
2026-10-27,SMA-VIV-102,Malleshwaram,1,35399
2026-10-27,TEL-SAM-128,Malleshwaram,1,107549
2026-10-27,TEL-SAM-133,Malleshwaram,1,44009
2026-10-27,TV-55Q7,Malleshwaram,1,53091
2026-10-27,TV-65U8,Malleshwaram,1,61740
2026-10-27,WAS-BOS-165,Malleshwaram,2,42299
2026-10-27,WAS-IFB-153,Malleshwaram,1,22499
2026-10-27,WAS-IFB-159,Malleshwaram,1,34699
2026-10-27,WAS-LG-160,Malleshwaram,1,40199
2026-10-27,WAS-SAM-156,Malleshwaram,2,27199
2026-10-27,WAS-WHI-161,Malleshwaram,2,16719
2026-10-27,ACC-ANK-233,Whitefield,1,3399
2026-10-27,ACC-BEL-234,Whitefield,1,1499
2026-10-27,ACC-POR-241,Whitefield,2,1439
2026-10-27,AIR-LG-169,Whitefield,1,32099
2026-10-27,CAM-CAN-206,Whitefield,1,67199
2026-10-27,CAM-CAN-214,Whitefield,1,54434
2026-10-27,CAM-NIK-215,Whitefield,1,42799
2026-10-27,CAM-SON-205,Whitefield,1,51839
2026-10-27,GAM-MIC-223,Whitefield,1,45979
2026-10-27,GAM-NIN-228,Whitefield,1,49799
2026-10-27,GAM-SON-219,Whitefield,1,51399
2026-10-27,HEA-BOA-189,Whitefield,2,21299
2026-10-27,HEA-BOS-181,Whitefield,2,9899
2026-10-27,HEA-JBL-180,Whitefield,3,19094
2026-10-27,HEA-SON-188,Whitefield,1,4369
2026-10-27,HP-ANC-700,Whitefield,1,18990
2026-10-27,LAP-DEL-121,Whitefield,1,64299
2026-10-27,LAP-DEL-124,Whitefield,1,78899
2026-10-27,LAP-I5-G12,Whitefield,1,51291
2026-10-27,LAP-LEN-125,Whitefield,1,75714
2026-10-27,REF-GOD-146,Whitefield,1,30959
2026-10-27,REF-LG-152,Whitefield,1,75799
2026-10-27,SMA-APP-109,Whitefield,3,43399
2026-10-27,SMA-APP-110,Whitefield,1,25399
2026-10-27,SMA-APP-198,Whitefield,1,23489
2026-10-27,SMA-APP-199,Whitefield,1,38999
2026-10-27,SMA-APP-202,Whitefield,1,23579
2026-10-27,SMA-APP-204,Whitefield,1,38249
2026-10-27,SMA-SAM-113,Whitefield,3,51199
2026-10-27,SMA-XIA-104,Whitefield,1,65429
2026-10-27,TEL-LG-138,Whitefield,2,81629
2026-10-27,TEL-SON-139,Whitefield,1,65969
2026-10-27,TV-55Q7,Whitefield,1,58990
2026-10-27,WAS-IFB-153,Whitefield,1,20249
2026-10-27,WAS-WHI-154,Whitefield,2,45979
2026-10-28,ACC-BEL-231,HSR Layout,1,499
2026-10-28,AIR-LG-166,HSR Layout,1,50499
2026-10-28,AIR-LG-168,HSR Layout,1,32999
2026-10-28,AIR-LG-175,HSR Layout,1,45799
2026-10-28,CAM-NIK-209,HSR Layout,1,61739
2026-10-28,CAM-NIK-215,HSR Layout,3,40659
2026-10-28,CAM-NIK-216,HSR Layout,1,86199
2026-10-28,CAM-SON-205,HSR Layout,1,51839
2026-10-28,GAM-NIN-226,HSR Layout,1,34099
2026-10-28,GAM-NIN-228,HSR Layout,1,49799
2026-10-28,GAM-SON-219,HSR Layout,1,51399
2026-10-28,HEA-BOS-181,HSR Layout,2,9899
2026-10-28,HEA-BOS-186,HSR Layout,1,16099
2026-10-28,HEA-JBL-182,HSR Layout,1,24899
2026-10-28,HEA-SON-188,HSR Layout,1,4599
2026-10-28,LAP-ASU-120,HSR Layout,2,82199
2026-10-28,LAP-I5-G13,HSR Layout,1,59990
2026-10-28,LAP-LEN-125,HSR Layout,3,79699
2026-10-28,REF-GOD-140,HSR Layout,1,30099
2026-10-28,REF-GOD-146,HSR Layout,1,32679
2026-10-28,SMA-APP-109,HSR Layout,1,43399
2026-10-28,SMA-NOI-194,HSR Layout,1,3599
2026-10-28,SMA-SAM-101,HSR Layout,1,46599
2026-10-28,SMA-SAM-201,HSR Layout,1,5099
2026-10-28,SW-FIT-3,HSR Layout,1,8549
2026-10-28,TEL-SON-130,HSR Layout,1,58999
2026-10-28,WAS-BOS-158,HSR Layout,1,33999
2026-10-28,WAS-IFB-159,HSR Layout,1,32964
2026-10-28,WAS-SAM-163,HSR Layout,1,41899
2026-10-28,WAS-WHI-154,HSR Layout,1,48399
2026-10-28,ACC-MI-243,Indiranagar,1,2599
2026-10-28,ACC-POR-236,Indiranagar,1,499
2026-10-28,ACC-POR-242,Indiranagar,2,1499
2026-10-28,AIR-DAI-172,Indiranagar,1,55859
2026-10-28,AIR-LG-169,Indiranagar,2,30494
2026-10-28,AIR-LG-175,Indiranagar,2,45799
2026-10-28,CAM-CAN-207,Indiranagar,1,91389
2026-10-28,CAM-NIK-209,Indiranagar,2,68599
2026-10-28,CAM-NIK-211,Indiranagar,1,95039
2026-10-28,CAM-NIK-216,Indiranagar,1,81889
2026-10-28,GAM-MIC-225,Indiranagar,1,52399
2026-10-28,GAM-NIN-229,Indiranagar,1,50199
2026-10-28,HEA-BOA-189,Indiranagar,1,21299
2026-10-28,HEA-JBL-180,Indiranagar,1,20099
2026-10-28,HEA-JBL-187,Indiranagar,1,23899
2026-10-28,HEA-SON-179,Indiranagar,1,6599
2026-10-28,LAP-ACE-118,Indiranagar,1,52199
2026-10-28,LAP-DEL-124,Indiranagar,3,71009
2026-10-28,LAP-I5-G13,Indiranagar,2,53991
2026-10-28,REF-GOD-142,Indiranagar,1,42199
2026-10-28,REF-GOD-143,Indiranagar,1,48734
2026-10-28,REF-LG-152,Indiranagar,2,72009
2026-10-28,SMA-APP-199,Indiranagar,1,38999
2026-10-28,SMA-ONE-103,Indiranagar,1,27074
2026-10-28,SMA-ONE-105,Indiranagar,1,47309
2026-10-28,SMA-ONE-106,Indiranagar,1,84299
2026-10-28,SMA-SAM-101,Indiranagar,1,46599
2026-10-28,SMA-SAM-201,Indiranagar,2,5099
2026-10-28,SMA-XIA-111,Indiranagar,1,59039
2026-10-28,TEL-SON-135,Indiranagar,1,41849
2026-10-28,TEL-XIA-134,Indiranagar,1,107999
2026-10-28,WAS-LG-160,Indiranagar,1,36179
2026-10-28,ACC-BEL-231,Jayanagar,1,499
2026-10-28,ACC-MI-243,Jayanagar,2,2469
2026-10-28,AIR-DAI-172,Jayanagar,1,58799
2026-10-28,AIR-LG-170,Jayanagar,2,30779
2026-10-28,AIR-VOL-174,Jayanagar,1,37299
2026-10-28,CAM-NIK-217,Jayanagar,1,53279
2026-10-28,GAM-MIC-227,Jayanagar,1,44899
2026-10-28,HEA-BOA-191,Jayanagar,1,24999
2026-10-28,HEA-BOS-190,Jayanagar,2,28799
2026-10-28,HEA-JBL-182,Jayanagar,1,24899
2026-10-28,LAP-DEL-115,Jayanagar,1,112999
2026-10-28,LAP-HP-119,Jayanagar,1,70399
2026-10-28,LAP-I5-G13,Jayanagar,1,59990
2026-10-28,LAP-LEN-116,Jayanagar,1,90399
2026-10-28,LAP-LEN-125,Jayanagar,1,75714
2026-10-28,LAP-LEN-126,Jayanagar,1,99269
2026-10-28,REF-GOD-140,Jayanagar,2,30099
2026-10-28,REF-GOD-143,Jayanagar,1,51299
2026-10-28,REF-LG-141,Jayanagar,1,84899
2026-10-28,REF-LG-144,Jayanagar,1,30969
2026-10-28,REF-LG-149,Jayanagar,1,27699
2026-10-28,REF-LG-151,Jayanagar,1,51749
2026-10-28,REF-SAM-147,Jayanagar,1,45199
2026-10-28,REF-WHI-145,Jayanagar,1,56999
2026-10-28,SMA-APP-204,Jayanagar,1,38249
2026-10-28,SMA-ONE-107,Jayanagar,1,63174
2026-10-28,SMA-SAM-108,Jayanagar,1,55199
2026-10-28,SMA-SAM-201,Jayanagar,1,4589
2026-10-28,SMA-XIA-104,Jayanagar,1,72699
2026-10-28,SMA-XIA-111,Jayanagar,1,65599
2026-10-28,TEL-SAM-133,Jayanagar,3,48899
2026-10-28,TEL-SON-139,Jayanagar,1,65969
2026-10-28,TEL-XIA-132,Jayanagar,1,96839
2026-10-28,WAS-IFB-157,Jayanagar,1,30149
2026-10-28,WAS-LG-155,Jayanagar,1,43999
2026-10-28,WAS-WHI-161,Jayanagar,1,17599
2026-10-28,ACC-BEL-231,Koramangala,2,474
2026-10-28,ACC-POR-235,Koramangala,1,569
2026-10-28,AIR-BLU-167,Koramangala,1,61599
2026-10-28,CAM-NIK-215,Koramangala,2,38519
2026-10-28,GAM-MIC-218,Koramangala,1,50999
2026-10-28,GAM-MIC-223,Koramangala,3,48399
2026-10-28,GAM-NIN-220,Koramangala,1,43599
2026-10-28,HEA-JBL-184,Koramangala,1,22229
2026-10-28,LAP-ACE-118,Koramangala,1,49589
2026-10-28,LAP-DEL-123,Koramangala,1,89909
2026-10-28,LAP-I5-G13,Koramangala,1,59990
2026-10-28,REF-GOD-140,Koramangala,2,30099
2026-10-28,REF-GOD-143,Koramangala,2,51299
2026-10-28,REF-GOD-146,Koramangala,1,34399
2026-10-28,REF-LG-144,Koramangala,1,32599
2026-10-28,REF-LG-149,Koramangala,2,24929
2026-10-28,REF-LG-150,Koramangala,1,49399
2026-10-28,SMA-APP-199,Koramangala,2,38999
2026-10-28,SMA-APP-202,Koramangala,1,26199
2026-10-28,SMA-APP-204,Koramangala,1,40374
2026-10-28,SMA-NOI-194,Koramangala,2,3599
2026-10-28,SMA-NOI-195,Koramangala,1,25919
2026-10-28,SMA-ONE-106,Koramangala,1,84299
2026-10-28,SMA-SAM-108,Koramangala,1,55199
2026-10-28,SMA-SAM-112,Koramangala,1,55099
2026-10-28,SMA-SAM-113,Koramangala,1,51199
2026-10-28,SMA-SAM-193,Koramangala,1,11499
2026-10-28,TEL-LG-138,Koramangala,1,90699
2026-10-28,TEL-SON-130,Koramangala,2,58999
2026-10-28,TEL-SON-135,Koramangala,1,41849
2026-10-28,TEL-SON-139,Koramangala,1,69634
2026-10-28,TEL-TCL-129,Koramangala,1,116999
2026-10-28,TEL-TCL-131,Koramangala,1,36859
2026-10-28,TEL-XIA-127,Koramangala,2,18399
2026-10-28,TV-55Q7,Koramangala,2,58990
2026-10-28,WAS-BOS-158,Koramangala,1,33999
2026-10-28,WAS-IFB-162,Koramangala,1,16699
2026-10-28,WM-FL-8KG,Koramangala,1,36990
2026-10-28,ACC-MI-243,Malleshwaram,2,2599
2026-10-28,AIR-BLU-167,Malleshwaram,1,55439
2026-10-28,AIR-BLU-178,Malleshwaram,2,39199
2026-10-28,AIR-LG-170,Malleshwaram,1,32399
2026-10-28,AIR-VOL-174,Malleshwaram,1,33569
2026-10-28,CAM-CAN-206,Malleshwaram,2,63839
2026-10-28,CAM-NIK-212,Malleshwaram,1,99499
2026-10-28,CAM-NIK-215,Malleshwaram,1,42799
2026-10-28,CAM-NIK-216,Malleshwaram,2,81889
2026-10-28,GAM-MIC-227,Malleshwaram,1,40409
2026-10-28,GAM-NIN-224,Malleshwaram,1,31199
2026-10-28,GAM-NIN-226,Malleshwaram,1,34099
2026-10-28,GAM-NIN-229,Malleshwaram,1,50199
2026-10-28,GAM-SON-221,Malleshwaram,2,43599
2026-10-28,HEA-JBL-180,Malleshwaram,1,19094
2026-10-28,HEA-JBL-187,Malleshwaram,1,23899
2026-10-28,HP-ANC-700,Malleshwaram,1,19990
2026-10-28,LAP-ACE-118,Malleshwaram,1,52199
2026-10-28,LAP-DEL-123,Malleshwaram,1,99899
2026-10-28,LAP-HP-119,Malleshwaram,1,66879
2026-10-28,LAP-I5-G12,Malleshwaram,1,56990
2026-10-28,REF-GOD-140,Malleshwaram,1,30099
2026-10-28,REF-LG-144,Malleshwaram,1,32599
2026-10-28,REF-WHI-145,Malleshwaram,1,54149
2026-10-28,SMA-AMA-203,Malleshwaram,1,12254
2026-10-28,SMA-APP-199,Malleshwaram,1,38999
2026-10-28,SMA-ONE-103,Malleshwaram,1,28499
2026-10-28,SMA-SAM-196,Malleshwaram,1,18999
2026-10-28,SMA-SAM-201,Malleshwaram,1,5099
2026-10-28,TEL-SON-135,Malleshwaram,1,46499
2026-10-28,TEL-SON-139,Malleshwaram,1,69634
2026-10-28,TV-55Q7,Malleshwaram,1,58990
2026-10-28,WAS-IFB-153,Malleshwaram,1,22499
2026-10-28,WAS-IFB-159,Malleshwaram,1,32964
2026-10-28,WAS-WHI-161,Malleshwaram,1,17599
2026-10-28,ACC-ANK-233,Whitefield,1,3059
2026-10-28,ACC-ANK-237,Whitefield,1,2754
2026-10-28,ACC-BEL-231,Whitefield,1,499
2026-10-28,ACC-BEL-238,Whitefield,2,3039
2026-10-28,ACC-MI-243,Whitefield,2,2599
2026-10-28,ACC-POR-236,Whitefield,1,499
2026-10-28,AIR-DAI-172,Whitefield,1,52919
2026-10-28,AIR-LG-169,Whitefield,1,32099
2026-10-28,CAM-CAN-210,Whitefield,2,79704
2026-10-28,CAM-NIK-212,Whitefield,2,99499
2026-10-28,CAM-NIK-216,Whitefield,1,81889
2026-10-28,CAM-SON-208,Whitefield,1,107499
2026-10-28,GAM-MIC-223,Whitefield,1,48399
2026-10-28,GAM-MIC-227,Whitefield,1,44899
2026-10-28,GAM-NIN-229,Whitefield,2,45179
2026-10-28,GAM-SON-219,Whitefield,1,46259
2026-10-28,GAM-SON-222,Whitefield,4,54699
2026-10-28,HEA-BOA-189,Whitefield,1,21299
2026-10-28,HEA-BOS-181,Whitefield,1,9404
2026-10-28,HEA-JBL-180,Whitefield,1,20099
2026-10-28,HEA-JBL-182,Whitefield,3,24899
2026-10-28,HEA-JBL-187,Whitefield,1,22704
2026-10-28,HEA-SON-188,Whitefield,1,4599
2026-10-28,LAP-ASU-120,Whitefield,1,82199
2026-10-28,LAP-DEL-121,Whitefield,1,64299
2026-10-28,LAP-DEL-124,Whitefield,1,78899
2026-10-28,LAP-HP-119,Whitefield,1,70399
2026-10-28,LAP-LEN-116,Whitefield,1,90399
2026-10-28,REF-GOD-140,Whitefield,1,27089
2026-10-28,REF-GOD-146,Whitefield,1,34399
2026-10-28,REF-WHI-145,Whitefield,1,54149
2026-10-28,SMA-APP-109,Whitefield,2,43399
2026-10-28,SMA-APP-199,Whitefield,1,38999
2026-10-28,SMA-NOI-195,Whitefield,1,28799
2026-10-28,SMA-NOI-200,Whitefield,1,27269
2026-10-28,SMA-SAM-193,Whitefield,1,11499
2026-10-28,SMA-XIA-104,Whitefield,1,72699
2026-10-28,TEL-LG-138,Whitefield,4,90699
2026-10-28,TEL-SON-139,Whitefield,1,73299
2026-10-28,TEL-XIA-136,Whitefield,1,52154
2026-10-28,TV-55Q7,Whitefield,1,58990
2026-10-28,WAS-IFB-153,Whitefield,1,22499
2026-10-28,WAS-LG-155,Whitefield,1,39599
2026-10-29,ACC-BEL-234,HSR Layout,1,1499
2026-10-29,AIR-LG-166,HSR Layout,1,45449
2026-10-29,AIR-LG-169,HSR Layout,1,32099
2026-10-29,CAM-SON-208,HSR Layout,1,107499
2026-10-29,GAM-NIN-220,HSR Layout,1,43599
2026-10-29,GAM-NIN-224,HSR Layout,1,31199
2026-10-29,GAM-NIN-226,HSR Layout,2,32394
2026-10-29,GAM-NIN-228,HSR Layout,3,49799
2026-10-29,GAM-SON-219,HSR Layout,1,51399
2026-10-29,HEA-BOA-191,HSR Layout,1,22499
2026-10-29,HEA-BOS-186,HSR Layout,1,15294
2026-10-29,HEA-JBL-182,HSR Layout,4,24899
2026-10-29,HEA-JBL-187,HSR Layout,1,23899
2026-10-29,HP-ANC-700,HSR Layout,1,19990
2026-10-29,LAP-HP-114,HSR Layout,1,43604
2026-10-29,LAP-HP-119,HSR Layout,2,63359
2026-10-29,LAP-LEN-116,HSR Layout,1,81359
2026-10-29,LAP-LEN-117,HSR Layout,1,58999
2026-10-29,LAP-LEN-125,HSR Layout,1,79699
2026-10-29,SMA-APP-109,HSR Layout,2,39059
2026-10-29,SMA-APP-199,HSR Layout,1,38999
2026-10-29,SMA-APP-202,HSR Layout,1,26199
2026-10-29,SMA-APP-204,HSR Layout,1,42499
2026-10-29,SMA-NOI-195,HSR Layout,2,28799
2026-10-29,SMA-ONE-103,HSR Layout,1,25649
2026-10-29,SMA-XIA-111,HSR Layout,1,65599
2026-10-29,SW-FIT-3,HSR Layout,1,8099
2026-10-29,TEL-SON-135,HSR Layout,1,46499
2026-10-29,TEL-TCL-137,HSR Layout,1,91864
2026-10-29,TEL-XIA-132,HSR Layout,1,107599
2026-10-29,TEL-XIA-136,HSR Layout,2,49409
2026-10-29,TV-55Q7,HSR Layout,3,58990
2026-10-29,TV-65U8,HSR Layout,1,61740
2026-10-29,WAS-BOS-165,HSR Layout,1,40184
2026-10-29,ACC-ANK-232,Indiranagar,1,2599
2026-10-29,ACC-ANK-233,Indiranagar,1,3399
2026-10-29,ACC-ANK-237,Indiranagar,1,2754
2026-10-29,ACC-ANK-239,Indiranagar,1,1199
2026-10-29,ACC-POR-235,Indiranagar,2,539
2026-10-29,AIR-BLU-167,Indiranagar,1,61599
2026-10-29,AIR-BLU-173,Indiranagar,1,52629
2026-10-29,AIR-DAI-172,Indiranagar,1,58799
2026-10-29,AIR-LG-166,Indiranagar,1,47974
2026-10-29,AIR-LG-168,Indiranagar,1,31349
2026-10-29,AIR-VOL-174,Indiranagar,1,35434
2026-10-29,CAM-CAN-207,Indiranagar,1,96199
2026-10-29,CAM-CAN-213,Indiranagar,1,59599
2026-10-29,CAM-NIK-216,Indiranagar,1,77579
2026-10-29,GAM-MIC-227,Indiranagar,1,44899
2026-10-29,GAM-NIN-228,Indiranagar,1,49799
2026-10-29,GAM-NIN-229,Indiranagar,1,50199
2026-10-29,GAM-SON-219,Indiranagar,1,51399
2026-10-29,GAM-SON-222,Indiranagar,1,54699
2026-10-29,HEA-BOA-189,Indiranagar,2,20234
2026-10-29,HEA-BOS-181,Indiranagar,4,9899
2026-10-29,HEA-JBL-185,Indiranagar,2,12599
2026-10-29,HEA-JBL-187,Indiranagar,1,22704
2026-10-29,LAP-I5-G13,Indiranagar,1,56990
2026-10-29,REF-GOD-140,Indiranagar,2,27089
2026-10-29,REF-LG-152,Indiranagar,1,75799
2026-10-29,SMA-AMA-192,Indiranagar,1,36269
2026-10-29,SMA-APP-199,Indiranagar,1,38999
2026-10-29,SMA-NOI-197,Indiranagar,1,8399
2026-10-29,SMA-ONE-103,Indiranagar,2,28499
2026-10-29,SMA-SAM-112,Indiranagar,1,52344
2026-10-29,SMA-SAM-201,Indiranagar,2,4589
2026-10-29,TEL-TCL-131,Indiranagar,1,38799
2026-10-29,TEL-TCL-137,Indiranagar,2,96699
2026-10-29,TEL-XIA-132,Indiranagar,3,96839
2026-10-29,ACC-MI-240,Jayanagar,1,3509
2026-10-29,ACC-MI-243,Jayanagar,1,2469
2026-10-29,AIR-DAI-176,Jayanagar,4,46999
2026-10-29,AIR-LG-169,Jayanagar,1,32099
2026-10-29,CAM-NIK-217,Jayanagar,1,59199
2026-10-29,GAM-MIC-230,Jayanagar,1,27269
2026-10-29,GAM-SON-222,Jayanagar,2,49229
2026-10-29,HEA-BOA-183,Jayanagar,1,4409
2026-10-29,HEA-BOA-191,Jayanagar,1,24999
2026-10-29,HEA-JBL-182,Jayanagar,1,23654
2026-10-29,HEA-SON-188,Jayanagar,1,4369
2026-10-29,LAP-ACE-118,Jayanagar,1,52199
2026-10-29,LAP-DEL-121,Jayanagar,1,57869
2026-10-29,LAP-DEL-123,Jayanagar,1,94904
2026-10-29,REF-GOD-140,Jayanagar,2,28594
2026-10-29,REF-GOD-143,Jayanagar,2,46169
2026-10-29,REF-LG-141,Jayanagar,2,76409
2026-10-29,REF-LG-149,Jayanagar,1,27699
2026-10-29,REF-LG-150,Jayanagar,1,46929
2026-10-29,REF-WHI-145,Jayanagar,1,56999
2026-10-29,SMA-APP-204,Jayanagar,1,38249
2026-10-29,SMA-ONE-103,Jayanagar,1,28499
2026-10-29,SMA-ONE-107,Jayanagar,3,66499
2026-10-29,SMA-SAM-108,Jayanagar,1,55199
2026-10-29,TEL-SAM-133,Jayanagar,2,44009
2026-10-29,WAS-IFB-159,Jayanagar,1,32964
2026-10-29,WAS-IFB-162,Jayanagar,2,15864
2026-10-29,WAS-LG-155,Jayanagar,2,43999
2026-10-29,WAS-SAM-156,Jayanagar,1,27199
2026-10-29,WAS-SAM-163,Jayanagar,1,37709
2026-10-29,WM-FL-8KG,Jayanagar,1,36990
2026-10-29,ACC-BEL-231,Koramangala,1,499
2026-10-29,ACC-BEL-238,Koramangala,1,3199
2026-10-29,AIR-BLU-167,Koramangala,1,55439
2026-10-29,AIR-DAI-172,Koramangala,2,55859
2026-10-29,CAM-CAN-206,Koramangala,1,60479
2026-10-29,CAM-CAN-207,Koramangala,1,96199
2026-10-29,CAM-CAN-213,Koramangala,1,53639
2026-10-29,CAM-NIK-215,Koramangala,3,38519
2026-10-29,CAM-NIK-217,Koramangala,1,53279
2026-10-29,GAM-MIC-225,Koramangala,2,52399
2026-10-29,GAM-NIN-220,Koramangala,1,43599
2026-10-29,GAM-NIN-229,Koramangala,1,50199
2026-10-29,GAM-SON-219,Koramangala,2,51399
2026-10-29,GAM-SON-222,Koramangala,2,54699
2026-10-29,HEA-BOA-189,Koramangala,1,20234
2026-10-29,HEA-JBL-182,Koramangala,2,24899
2026-10-29,HEA-SON-188,Koramangala,1,4599
2026-10-29,LAP-ACE-118,Koramangala,2,52199
2026-10-29,LAP-DEL-124,Koramangala,1,78899
2026-10-29,REF-GOD-140,Koramangala,1,30099
2026-10-29,REF-GOD-143,Koramangala,1,51299
2026-10-29,REF-LG-144,Koramangala,1,32599
2026-10-29,REF-WHI-145,Koramangala,2,54149
2026-10-29,SMA-APP-202,Koramangala,1,23579
2026-10-29,SMA-NOI-194,Koramangala,1,3419
2026-10-29,SMA-ONE-106,Koramangala,2,84299
2026-10-29,SMA-ONE-107,Koramangala,1,59849
2026-10-29,SMA-SAM-193,Koramangala,1,11499
2026-10-29,SMA-SAM-201,Koramangala,1,4844
2026-10-29,TEL-LG-138,Koramangala,2,86164
2026-10-29,TEL-TCL-131,Koramangala,2,38799
2026-10-29,TEL-XIA-127,Koramangala,1,18399
2026-10-29,WAS-BOS-165,Koramangala,1,38069
2026-10-29,WAS-IFB-153,Koramangala,1,22499
2026-10-29,WAS-WHI-164,Koramangala,1,17099
2026-10-29,WM-FL-8KG,Koramangala,1,35140
2026-10-29,ACC-MI-240,Malleshwaram,1,3899
2026-10-29,ACC-POR-236,Malleshwaram,1,499
2026-10-29,AIR-LG-166,Malleshwaram,1,45449
2026-10-29,AIR-LG-170,Malleshwaram,2,29159
2026-10-29,AIR-VOL-174,Malleshwaram,1,35434
2026-10-29,CAM-CAN-206,Malleshwaram,1,60479
2026-10-29,CAM-NIK-212,Malleshwaram,1,99499
2026-10-29,CAM-NIK-215,Malleshwaram,3,42799
2026-10-29,CAM-SON-205,Malleshwaram,1,57599
2026-10-29,CAM-SON-208,Malleshwaram,1,107499
2026-10-29,GAM-MIC-223,Malleshwaram,1,43559
2026-10-29,GAM-SON-222,Malleshwaram,1,54699
2026-10-29,HEA-BOS-186,Malleshwaram,1,16099
2026-10-29,HEA-BOS-190,Malleshwaram,1,28799
2026-10-29,HEA-JBL-187,Malleshwaram,1,23899
2026-10-29,LAP-ASU-120,Malleshwaram,1,82199
2026-10-29,LAP-DEL-123,Malleshwaram,2,99899
2026-10-29,LAP-HP-114,Malleshwaram,1,45899
2026-10-29,REF-GOD-140,Malleshwaram,4,27089
2026-10-29,REF-GOD-143,Malleshwaram,1,51299
2026-10-29,REF-LG-149,Malleshwaram,1,26314
2026-10-29,REF-LG-151,Malleshwaram,1,57499
2026-10-29,REF-WHI-145,Malleshwaram,2,56999
2026-10-29,SMA-APP-110,Malleshwaram,1,24129
2026-10-29,SMA-APP-199,Malleshwaram,1,38999
2026-10-29,SMA-APP-202,Malleshwaram,2,23579
2026-10-29,SMA-NOI-194,Malleshwaram,1,3599
2026-10-29,SMA-NOI-197,Malleshwaram,1,7979
2026-10-29,SMA-ONE-105,Malleshwaram,1,44819
2026-10-29,SMA-ONE-106,Malleshwaram,2,84299
2026-10-29,SMA-SAM-113,Malleshwaram,1,51199
2026-10-29,SMA-SAM-201,Malleshwaram,1,5099
2026-10-29,SW-FIT-3,Malleshwaram,1,8549
2026-10-29,TEL-SAM-133,Malleshwaram,2,48899
2026-10-29,TEL-XIA-136,Malleshwaram,1,54899
2026-10-29,WAS-BOS-165,Malleshwaram,2,38069
2026-10-29,WAS-IFB-159,Malleshwaram,2,32964
2026-10-29,WAS-LG-160,Malleshwaram,2,38189
2026-10-29,WAS-SAM-156,Malleshwaram,1,24479
2026-10-29,WAS-SAM-163,Malleshwaram,1,41899
2026-10-29,ACC-ANK-237,Whitefield,1,2899
2026-10-29,ACC-BEL-231,Whitefield,3,499
2026-10-29,ACC-BEL-234,Whitefield,1,1424
2026-10-29,ACC-POR-241,Whitefield,2,1599
2026-10-29,AIR-BLU-167,Whitefield,1,61599
2026-10-29,AIR-DAI-172,Whitefield,1,55859
2026-10-29,AIR-LG-169,Whitefield,1,32099
2026-10-29,AIR-LG-171,Whitefield,1,57699
2026-10-29,AIR-VOL-174,Whitefield,1,37299
2026-10-29,AIR-VOL-177,Whitefield,2,34099
2026-10-29,CAM-CAN-214,Whitefield,1,57299
2026-10-29,CAM-NIK-209,Whitefield,1,68599
2026-10-29,GAM-MIC-223,Whitefield,2,48399
2026-10-29,GAM-MIC-227,Whitefield,1,44899
2026-10-29,GAM-NIN-220,Whitefield,1,43599
2026-10-29,GAM-SON-219,Whitefield,1,51399
2026-10-29,HEA-BOA-189,Whitefield,2,21299
2026-10-29,HEA-BOS-181,Whitefield,1,8909
2026-10-29,HEA-JBL-182,Whitefield,1,24899
2026-10-29,HEA-JBL-187,Whitefield,1,21509
2026-10-29,HEA-SON-179,Whitefield,1,6599
2026-10-29,HEA-SON-188,Whitefield,2,4369
2026-10-29,LAP-DEL-115,Whitefield,1,112999
2026-10-29,LAP-LEN-116,Whitefield,1,90399
2026-10-29,LAP-LEN-126,Whitefield,1,110299
2026-10-29,REF-GOD-146,Whitefield,4,32679
2026-10-29,REF-WHI-145,Whitefield,1,56999
2026-10-29,SMA-APP-109,Whitefield,1,39059
2026-10-29,SMA-APP-110,Whitefield,1,25399
2026-10-29,SMA-APP-202,Whitefield,2,26199
2026-10-29,SMA-APP-204,Whitefield,3,42499
2026-10-29,SMA-SAM-113,Whitefield,2,48639
2026-10-29,TEL-LG-138,Whitefield,1,86164
2026-10-29,TEL-SON-135,Whitefield,1,44174
2026-10-29,TEL-TCL-129,Whitefield,1,116999
2026-10-29,TEL-XIA-132,Whitefield,1,102219
2026-10-29,WAS-BOS-158,Whitefield,1,33999
2026-10-29,WAS-IFB-153,Whitefield,1,22499
2026-10-30,ACC-ANK-239,HSR Layout,3,1079
2026-10-30,AIR-LG-166,HSR Layout,1,47974
2026-10-30,AIR-LG-169,HSR Layout,1,32099
2026-10-30,AIR-LG-170,HSR Layout,1,32399
2026-10-30,AIR-LG-175,HSR Layout,1,45799
2026-10-30,CAM-CAN-207,HSR Layout,1,96199
2026-10-30,CAM-CAN-213,HSR Layout,1,53639
2026-10-30,CAM-NIK-215,HSR Layout,1,40659
2026-10-30,CAM-SON-208,HSR Layout,1,107499
2026-10-30,GAM-NIN-226,HSR Layout,1,32394
2026-10-30,GAM-NIN-228,HSR Layout,7,49799
2026-10-30,HEA-BOA-183,HSR Layout,1,4899
2026-10-30,HEA-BOA-191,HSR Layout,1,24999
2026-10-30,HEA-JBL-182,HSR Layout,2,24899
2026-10-30,HEA-JBL-187,HSR Layout,1,23899
2026-10-30,HEA-SON-179,HSR Layout,2,6599
2026-10-30,LAP-DEL-123,HSR Layout,1,99899
2026-10-30,LAP-HP-119,HSR Layout,2,66879
2026-10-30,LAP-LEN-125,HSR Layout,2,79699
2026-10-30,LAP-LEN-126,HSR Layout,1,110299
2026-10-30,REF-GOD-146,HSR Layout,1,34399
2026-10-30,REF-LG-141,HSR Layout,1,80654
2026-10-30,REF-LG-144,HSR Layout,1,30969
2026-10-30,REF-LG-150,HSR Layout,1,44459
2026-10-30,SMA-APP-199,HSR Layout,1,38999
2026-10-30,SMA-NOI-194,HSR Layout,2,3599
2026-10-30,SMA-NOI-195,HSR Layout,3,27359
2026-10-30,SMA-NOI-200,HSR Layout,1,27269
2026-10-30,SMA-ONE-106,HSR Layout,2,75869
2026-10-30,SMA-SAM-201,HSR Layout,1,5099
2026-10-30,SMA-XIA-111,HSR Layout,1,65599
2026-10-30,SW-FIT-3,HSR Layout,1,8999
2026-10-30,TEL-SON-130,HSR Layout,1,58999
2026-10-30,TEL-SON-135,HSR Layout,1,46499
2026-10-30,TEL-TCL-129,HSR Layout,2,111149
2026-10-30,TEL-XIA-132,HSR Layout,1,102219
2026-10-30,TEL-XIA-136,HSR Layout,1,54899
2026-10-30,TV-65U8,HSR Layout,2,58491
2026-10-30,WAS-LG-155,HSR Layout,1,43999
2026-10-30,WAS-SAM-163,HSR Layout,1,41899
2026-10-30,WAS-WHI-164,HSR Layout,4,17099
2026-10-30,ACC-ANK-237,Indiranagar,2,2899
2026-10-30,ACC-BEL-234,Indiranagar,1,1424
2026-10-30,ACC-MI-243,Indiranagar,1,2339
2026-10-30,ACC-POR-236,Indiranagar,3,499
2026-10-30,ACC-POR-242,Indiranagar,1,1349
2026-10-30,AIR-LG-166,Indiranagar,1,50499
2026-10-30,CAM-SON-205,Indiranagar,2,57599
2026-10-30,GAM-MIC-218,Indiranagar,1,50999
2026-10-30,GAM-MIC-225,Indiranagar,1,47159
2026-10-30,GAM-SON-222,Indiranagar,1,54699
2026-10-30,HEA-BOA-189,Indiranagar,1,19169
2026-10-30,HEA-BOS-181,Indiranagar,4,9899
2026-10-30,HEA-JBL-185,Indiranagar,1,12599
2026-10-30,HEA-SON-179,Indiranagar,1,6599
2026-10-30,HP-ANC-700,Indiranagar,6,18990
2026-10-30,LAP-ACE-118,Indiranagar,1,49589
2026-10-30,LAP-DEL-115,Indiranagar,1,112999
2026-10-30,LAP-DEL-124,Indiranagar,2,78899
2026-10-30,LAP-HP-114,Indiranagar,1,45899
2026-10-30,LAP-LEN-116,Indiranagar,1,85879
2026-10-30,REF-GOD-140,Indiranagar,1,30099
2026-10-30,REF-LG-151,Indiranagar,1,51749
2026-10-30,SMA-AMA-192,Indiranagar,1,40299
2026-10-30,SMA-AMA-203,Indiranagar,1,12899
2026-10-30,SMA-APP-204,Indiranagar,1,40374
2026-10-30,SMA-NOI-194,Indiranagar,1,3419
2026-10-30,SMA-NOI-200,Indiranagar,1,30299
2026-10-30,SMA-SAM-101,Indiranagar,1,46599
2026-10-30,TEL-SAM-128,Indiranagar,1,119499
2026-10-30,TEL-SAM-133,Indiranagar,1,48899
2026-10-30,TEL-TCL-131,Indiranagar,1,38799
2026-10-30,TEL-XIA-132,Indiranagar,2,107599
2026-10-30,WAS-BOS-158,Indiranagar,2,30599
2026-10-30,WAS-BOS-165,Indiranagar,1,42299
2026-10-30,WAS-WHI-164,Indiranagar,1,16244
2026-10-30,ACC-ANK-232,Jayanagar,1,2599
2026-10-30,ACC-BEL-238,Jayanagar,1,3199
2026-10-30,ACC-POR-235,Jayanagar,1,599
2026-10-30,AIR-DAI-176,Jayanagar,1,46999
2026-10-30,AIR-LG-175,Jayanagar,1,45799
2026-10-30,AIR-VOL-174,Jayanagar,1,37299
2026-10-30,AIR-VOL-177,Jayanagar,2,34099
2026-10-30,CAM-CAN-206,Jayanagar,1,67199
2026-10-30,CAM-NIK-216,Jayanagar,1,86199
2026-10-30,GAM-MIC-218,Jayanagar,1,50999
2026-10-30,GAM-SON-221,Jayanagar,1,43599
2026-10-30,HEA-BOA-183,Jayanagar,1,4409
2026-10-30,HEA-BOA-189,Jayanagar,1,21299
2026-10-30,HEA-BOS-181,Jayanagar,2,9404
2026-10-30,HEA-BOS-186,Jayanagar,1,14489
2026-10-30,HEA-JBL-182,Jayanagar,1,24899
2026-10-30,LAP-ACE-118,Jayanagar,2,49589
2026-10-30,LAP-ASU-120,Jayanagar,1,73979
2026-10-30,LAP-DEL-115,Jayanagar,2,107349
2026-10-30,LAP-DEL-121,Jayanagar,1,64299
2026-10-30,LAP-LEN-126,Jayanagar,1,110299
2026-10-30,REF-GOD-140,Jayanagar,2,30099
2026-10-30,REF-GOD-148,Jayanagar,1,65799
2026-10-30,REF-LG-152,Jayanagar,1,68219
2026-10-30,REF-SAM-147,Jayanagar,1,40679
2026-10-30,SMA-APP-109,Jayanagar,1,41229
2026-10-30,SMA-APP-202,Jayanagar,1,23579
2026-10-30,SMA-APP-204,Jayanagar,3,42499
2026-10-30,SMA-NOI-197,Jayanagar,1,7979
2026-10-30,SMA-NOI-200,Jayanagar,1,28784
2026-10-30,SMA-SAM-108,Jayanagar,1,55199
2026-10-30,SMA-SAM-193,Jayanagar,3,11499
2026-10-30,TEL-LG-138,Jayanagar,1,90699
2026-10-30,TEL-SON-139,Jayanagar,2,69634
2026-10-30,TV-65U8,Jayanagar,2,64990
2026-10-30,WAS-IFB-162,Jayanagar,2,15864
2026-10-30,WM-FL-8KG,Jayanagar,1,36990
2026-10-30,ACC-ANK-232,Koramangala,1,2599
2026-10-30,ACC-ANK-239,Koramangala,1,1199
2026-10-30,ACC-BEL-238,Koramangala,1,3199
2026-10-30,ACC-POR-235,Koramangala,1,539
2026-10-30,AIR-LG-166,Koramangala,1,50499
2026-10-30,AIR-LG-170,Koramangala,1,32399
2026-10-30,CAM-NIK-215,Koramangala,3,40659
2026-10-30,GAM-MIC-225,Koramangala,2,52399
2026-10-30,HEA-BOS-181,Koramangala,1,9899
2026-10-30,HEA-JBL-182,Koramangala,1,24899
2026-10-30,HEA-SON-188,Koramangala,1,4139
2026-10-30,LAP-ACE-118,Koramangala,1,52199
2026-10-30,LAP-ASU-120,Koramangala,1,82199
2026-10-30,LAP-DEL-123,Koramangala,1,99899
2026-10-30,LAP-I5-G13,Koramangala,2,59990
2026-10-30,LAP-LEN-116,Koramangala,1,81359
2026-10-30,LAP-LEN-125,Koramangala,2,79699
2026-10-30,REF-GOD-143,Koramangala,1,48734
2026-10-30,REF-GOD-146,Koramangala,2,30959
2026-10-30,REF-LG-141,Koramangala,1,84899
2026-10-30,REF-SAM-147,Koramangala,1,42939
2026-10-30,SMA-AMA-192,Koramangala,1,40299
2026-10-30,SMA-APP-202,Koramangala,1,26199
2026-10-30,SMA-ONE-103,Koramangala,1,28499
2026-10-30,SMA-SAM-101,Koramangala,2,46599
2026-10-30,SMA-SAM-112,Koramangala,1,55099
2026-10-30,SMA-SAM-193,Koramangala,3,11499
2026-10-30,SMA-SAM-201,Koramangala,2,4589
2026-10-30,SMA-XIA-111,Koramangala,1,59039
2026-10-30,SW-FIT-3,Koramangala,1,8999
2026-10-30,TEL-LG-138,Koramangala,2,90699
2026-10-30,TEL-SON-135,Koramangala,1,46499
2026-10-30,TEL-TCL-129,Koramangala,1,116999
2026-10-30,TEL-TCL-137,Koramangala,1,96699
2026-10-30,TEL-XIA-127,Koramangala,2,17479
2026-10-30,TEL-XIA-132,Koramangala,1,96839
2026-10-30,TV-55Q7,Koramangala,1,58990
2026-10-30,WAS-BOS-158,Koramangala,1,33999
2026-10-30,WAS-BOS-165,Koramangala,2,40184
2026-10-30,WAS-IFB-153,Koramangala,1,22499
2026-10-30,WAS-WHI-154,Koramangala,1,48399
2026-10-30,WAS-WHI-164,Koramangala,1,17099
2026-10-30,WM-FL-8KG,Koramangala,3,36990
2026-10-30,ACC-BEL-234,Malleshwaram,1,1499
2026-10-30,ACC-MI-243,Malleshwaram,3,2599
2026-10-30,ACC-POR-241,Malleshwaram,1,1439
2026-10-30,AIR-BLU-178,Malleshwaram,1,37239
2026-10-30,AIR-DAI-172,Malleshwaram,1,58799
2026-10-30,AIR-LG-170,Malleshwaram,4,32399
2026-10-30,AIR-LG-171,Malleshwaram,1,51929
2026-10-30,CAM-CAN-206,Malleshwaram,3,63839
2026-10-30,CAM-NIK-209,Malleshwaram,1,68599
2026-10-30,CAM-NIK-217,Malleshwaram,2,53279
2026-10-30,GAM-MIC-225,Malleshwaram,1,52399
2026-10-30,HEA-BOA-183,Malleshwaram,1,4899
2026-10-30,HEA-BOS-186,Malleshwaram,1,16099
2026-10-30,HEA-BOS-190,Malleshwaram,1,28799
2026-10-30,HEA-JBL-187,Malleshwaram,3,23899
2026-10-30,HP-ANC-700,Malleshwaram,2,18990
2026-10-30,LAP-ACE-118,Malleshwaram,1,49589
2026-10-30,LAP-ASU-120,Malleshwaram,2,82199
2026-10-30,LAP-DEL-123,Malleshwaram,1,99899
2026-10-30,LAP-HP-114,Malleshwaram,3,45899
2026-10-30,LAP-LEN-125,Malleshwaram,2,79699
2026-10-30,LAP-LEN-126,Malleshwaram,1,110299
2026-10-30,REF-GOD-140,Malleshwaram,2,30099
2026-10-30,REF-GOD-143,Malleshwaram,1,51299
2026-10-30,REF-LG-149,Malleshwaram,1,27699
2026-10-30,REF-LG-151,Malleshwaram,3,57499
2026-10-30,REF-WHI-145,Malleshwaram,1,51299
2026-10-30,SMA-AMA-203,Malleshwaram,1,12254
2026-10-30,SMA-APP-202,Malleshwaram,1,26199
2026-10-30,SMA-NOI-194,Malleshwaram,1,3419
2026-10-30,SMA-NOI-197,Malleshwaram,2,7979
2026-10-30,SMA-ONE-106,Malleshwaram,2,80084
2026-10-30,TEL-SON-139,Malleshwaram,1,73299
2026-10-30,TV-55Q7,Malleshwaram,1,58990
2026-10-30,WAS-IFB-159,Malleshwaram,1,32964
2026-10-30,WAS-LG-160,Malleshwaram,1,40199
2026-10-30,ACC-ANK-237,Whitefield,2,2754
2026-10-30,ACC-POR-236,Whitefield,1,499
2026-10-30,AIR-VOL-177,Whitefield,1,34099
2026-10-30,CAM-CAN-214,Whitefield,1,51569
2026-10-30,CAM-NIK-211,Whitefield,1,105599
2026-10-30,CAM-NIK-217,Whitefield,1,56239
2026-10-30,CAM-SON-205,Whitefield,1,51839
2026-10-30,GAM-MIC-227,Whitefield,1,44899
2026-10-30,GAM-NIN-229,Whitefield,2,50199
2026-10-30,GAM-SON-221,Whitefield,1,43599
2026-10-30,HEA-JBL-185,Whitefield,1,12599
2026-10-30,HEA-JBL-187,Whitefield,2,23899
2026-10-30,HEA-SON-188,Whitefield,3,4599
2026-10-30,HP-ANC-700,Whitefield,2,19990
2026-10-30,LAP-DEL-121,Whitefield,1,64299
2026-10-30,LAP-DEL-122,Whitefield,1,94399
2026-10-30,LAP-DEL-124,Whitefield,1,74954
2026-10-30,LAP-LEN-116,Whitefield,1,90399
2026-10-30,REF-SAM-147,Whitefield,1,45199
2026-10-30,SMA-APP-198,Whitefield,1,26099
2026-10-30,SMA-NOI-195,Whitefield,1,25919
2026-10-30,SMA-NOI-200,Whitefield,1,28784
2026-10-30,SMA-SAM-112,Whitefield,1,52344
2026-10-30,SMA-VIV-102,Whitefield,1,35399
2026-10-30,TEL-LG-138,Whitefield,1,86164
2026-10-30,TEL-SAM-128,Whitefield,2,113524
2026-10-30,TEL-XIA-136,Whitefield,3,54899
2026-10-30,TV-55Q7,Whitefield,1,58990
2026-10-30,TV-65U8,Whitefield,1,58491
2026-10-30,WAS-BOS-158,Whitefield,1,30599
2026-10-30,WAS-LG-160,Whitefield,1,36179
2026-10-31,ACC-ANK-239,HSR Layout,1,1139
2026-10-31,AIR-BLU-167,HSR Layout,1,61599
2026-10-31,AIR-LG-168,HSR Layout,1,32999
2026-10-31,AIR-LG-170,HSR Layout,1,32399
2026-10-31,CAM-CAN-213,HSR Layout,1,56619
2026-10-31,CAM-NIK-209,HSR Layout,1,65169
2026-10-31,CAM-SON-208,HSR Layout,1,107499
2026-10-31,GAM-MIC-227,HSR Layout,2,44899
2026-10-31,GAM-SON-219,HSR Layout,2,48829
2026-10-31,GAM-SON-222,HSR Layout,1,54699
2026-10-31,HEA-BOS-186,HSR Layout,2,14489
2026-10-31,HEA-JBL-182,HSR Layout,2,24899
2026-10-31,HEA-SON-179,HSR Layout,1,6599
2026-10-31,HP-ANC-700,HSR Layout,2,17991
2026-10-31,LAP-HP-119,HSR Layout,1,70399
2026-10-31,REF-LG-144,HSR Layout,2,32599
2026-10-31,SMA-APP-109,HSR Layout,2,41229
2026-10-31,SMA-APP-199,HSR Layout,1,38999
2026-10-31,SMA-NOI-195,HSR Layout,1,28799
2026-10-31,SMA-ONE-107,HSR Layout,1,66499
2026-10-31,SMA-SAM-113,HSR Layout,1,46079
2026-10-31,SMA-XIA-111,HSR Layout,3,65599
2026-10-31,TEL-SON-130,HSR Layout,1,56049
2026-10-31,TEL-SON-135,HSR Layout,1,41849
2026-10-31,TEL-XIA-136,HSR Layout,2,49409
2026-10-31,TV-55Q7,HSR Layout,1,58990
2026-10-31,WAS-IFB-159,HSR Layout,1,34699
2026-10-31,WAS-LG-155,HSR Layout,1,43999
2026-10-31,WAS-SAM-156,HSR Layout,2,24479
2026-10-31,WAS-WHI-154,HSR Layout,3,48399
2026-10-31,WAS-WHI-161,HSR Layout,1,15839
2026-10-31,WM-FL-8KG,HSR Layout,1,35140
2026-10-31,ACC-ANK-237,Indiranagar,2,2609
2026-10-31,ACC-ANK-239,Indiranagar,1,1079
2026-10-31,ACC-BEL-231,Indiranagar,2,449
2026-10-31,ACC-BEL-238,Indiranagar,1,3199
2026-10-31,ACC-MI-243,Indiranagar,3,2599
2026-10-31,ACC-POR-236,Indiranagar,1,499
2026-10-31,ACC-POR-241,Indiranagar,2,1599
2026-10-31,AIR-DAI-172,Indiranagar,3,55859
2026-10-31,CAM-CAN-207,Indiranagar,4,96199
2026-10-31,CAM-SON-205,Indiranagar,1,57599
2026-10-31,CAM-SON-208,Indiranagar,1,107499
2026-10-31,GAM-NIN-224,Indiranagar,1,28079
2026-10-31,GAM-NIN-229,Indiranagar,2,47689
2026-10-31,GAM-SON-222,Indiranagar,2,54699
2026-10-31,HEA-BOS-181,Indiranagar,1,9899
2026-10-31,HEA-JBL-184,Indiranagar,1,23399
2026-10-31,HEA-JBL-185,Indiranagar,2,11339
2026-10-31,HEA-JBL-187,Indiranagar,1,23899
2026-10-31,HP-ANC-700,Indiranagar,1,19990
2026-10-31,LAP-ACE-118,Indiranagar,1,49589
2026-10-31,REF-LG-152,Indiranagar,1,75799
2026-10-31,SMA-AMA-192,Indiranagar,1,40299
2026-10-31,SMA-AMA-203,Indiranagar,1,12899
2026-10-31,SMA-APP-199,Indiranagar,1,35099
2026-10-31,SMA-NOI-194,Indiranagar,1,3599
2026-10-31,SMA-SAM-108,Indiranagar,1,49679
2026-10-31,SMA-SAM-112,Indiranagar,1,55099
2026-10-31,SMA-SAM-201,Indiranagar,2,4589
2026-10-31,SMA-XIA-111,Indiranagar,2,65599
2026-10-31,TEL-LG-138,Indiranagar,1,81629
2026-10-31,TEL-SAM-128,Indiranagar,1,119499
2026-10-31,TEL-SON-130,Indiranagar,1,58999
2026-10-31,TEL-TCL-137,Indiranagar,2,96699
2026-10-31,WAS-LG-160,Indiranagar,1,40199
2026-10-31,WAS-SAM-163,Indiranagar,1,37709
2026-10-31,WAS-WHI-161,Indiranagar,1,17599
2026-10-31,ACC-ANK-232,Jayanagar,2,2599
2026-10-31,ACC-MI-240,Jayanagar,1,3509
2026-10-31,ACC-POR-242,Jayanagar,2,1349
2026-10-31,AIR-BLU-173,Jayanagar,2,49859
2026-10-31,AIR-BLU-178,Jayanagar,2,39199
2026-10-31,AIR-LG-175,Jayanagar,1,43509
2026-10-31,CAM-CAN-206,Jayanagar,1,60479
2026-10-31,CAM-NIK-217,Jayanagar,1,59199
2026-10-31,CAM-SON-205,Jayanagar,1,57599
2026-10-31,CAM-SON-208,Jayanagar,3,107499
2026-10-31,GAM-NIN-220,Jayanagar,1,43599
2026-10-31,GAM-NIN-226,Jayanagar,1,32394
2026-10-31,HEA-BOA-183,Jayanagar,1,4899
2026-10-31,HEA-BOA-191,Jayanagar,1,24999
2026-10-31,HEA-BOS-181,Jayanagar,2,9404
2026-10-31,HEA-BOS-190,Jayanagar,1,25919
2026-10-31,HEA-JBL-182,Jayanagar,4,22409
2026-10-31,HEA-JBL-184,Jayanagar,1,22229
2026-10-31,LAP-ACE-118,Jayanagar,2,52199
2026-10-31,LAP-DEL-121,Jayanagar,3,61084
2026-10-31,LAP-DEL-123,Jayanagar,1,99899
2026-10-31,LAP-LEN-125,Jayanagar,1,79699
2026-10-31,LAP-LEN-126,Jayanagar,1,110299
2026-10-31,REF-GOD-143,Jayanagar,1,51299
2026-10-31,REF-GOD-146,Jayanagar,1,30959
2026-10-31,REF-LG-141,Jayanagar,1,84899
2026-10-31,REF-LG-150,Jayanagar,2,49399
2026-10-31,REF-LG-151,Jayanagar,1,57499
2026-10-31,REF-LG-152,Jayanagar,1,75799
2026-10-31,REF-WHI-145,Jayanagar,2,56999
2026-10-31,SMA-APP-199,Jayanagar,1,38999
2026-10-31,SMA-APP-204,Jayanagar,1,42499
2026-10-31,SMA-NOI-197,Jayanagar,1,8399
2026-10-31,SMA-ONE-107,Jayanagar,1,59849
2026-10-31,SMA-XIA-111,Jayanagar,1,65599
2026-10-31,SW-FIT-3,Jayanagar,1,8999
2026-10-31,TEL-LG-138,Jayanagar,1,90699
2026-10-31,TEL-SAM-133,Jayanagar,3,48899
2026-10-31,TEL-SON-135,Jayanagar,1,41849
2026-10-31,TEL-TCL-131,Jayanagar,2,36859
2026-10-31,WAS-BOS-158,Jayanagar,2,30599
2026-10-31,WAS-BOS-165,Jayanagar,1,42299
2026-10-31,WAS-IFB-157,Jayanagar,1,33499
2026-10-31,WAS-LG-160,Jayanagar,1,40199
2026-10-31,WAS-SAM-156,Jayanagar,1,27199
2026-10-31,WAS-WHI-164,Jayanagar,1,17099
2026-10-31,WM-FL-8KG,Jayanagar,1,36990
2026-10-31,ACC-BEL-238,Koramangala,3,2879
2026-10-31,AIR-BLU-167,Koramangala,1,58519
2026-10-31,AIR-DAI-172,Koramangala,1,58799
2026-10-31,AIR-LG-168,Koramangala,1,31349
2026-10-31,AIR-LG-171,Koramangala,1,54814
2026-10-31,AIR-LG-175,Koramangala,1,41219
2026-10-31,AIR-VOL-177,Koramangala,1,34099
2026-10-31,CAM-CAN-213,Koramangala,1,56619
2026-10-31,CAM-CAN-214,Koramangala,1,54434
2026-10-31,CAM-NIK-212,Koramangala,1,99499
2026-10-31,CAM-NIK-215,Koramangala,2,42799
2026-10-31,CAM-NIK-217,Koramangala,1,59199
2026-10-31,CAM-SON-205,Koramangala,1,57599
2026-10-31,CAM-SON-208,Koramangala,1,102124
2026-10-31,GAM-MIC-218,Koramangala,1,50999
2026-10-31,GAM-MIC-225,Koramangala,6,52399
2026-10-31,GAM-NIN-226,Koramangala,1,34099
2026-10-31,GAM-SON-219,Koramangala,2,46259
2026-10-31,HEA-BOA-189,Koramangala,2,21299
2026-10-31,LAP-DEL-123,Koramangala,1,99899
2026-10-31,LAP-LEN-125,Koramangala,1,71729
2026-10-31,REF-GOD-142,Koramangala,1,40089
2026-10-31,REF-GOD-143,Koramangala,1,51299
2026-10-31,REF-GOD-146,Koramangala,4,32679
2026-10-31,REF-LG-141,Koramangala,2,84899
2026-10-31,REF-LG-149,Koramangala,2,27699
2026-10-31,SMA-APP-199,Koramangala,1,38999
2026-10-31,SMA-NOI-194,Koramangala,1,3599
2026-10-31,SMA-ONE-106,Koramangala,5,84299
2026-10-31,SMA-SAM-193,Koramangala,3,11499
2026-10-31,SMA-XIA-111,Koramangala,1,62319
2026-10-31,SW-FIT-3,Koramangala,2,8999
2026-10-31,TEL-LG-138,Koramangala,1,90699
2026-10-31,TEL-SAM-133,Koramangala,1,44009
2026-10-31,TEL-SON-130,Koramangala,1,58999
2026-10-31,TEL-SON-135,Koramangala,1,44174
2026-10-31,TEL-TCL-137,Koramangala,2,96699
2026-10-31,TEL-XIA-127,Koramangala,2,18399
2026-10-31,TEL-XIA-132,Koramangala,2,107599
2026-10-31,TEL-XIA-134,Koramangala,1,119999
2026-10-31,WAS-IFB-157,Koramangala,1,33499
2026-10-31,WAS-IFB-159,Koramangala,1,31229
2026-10-31,WAS-WHI-154,Koramangala,1,43559
2026-10-31,WAS-WHI-164,Koramangala,3,17099
2026-10-31,ACC-ANK-233,Malleshwaram,3,3059
2026-10-31,ACC-BEL-238,Malleshwaram,1,3199
2026-10-31,ACC-MI-243,Malleshwaram,1,2599
2026-10-31,ACC-POR-236,Malleshwaram,1,474
2026-10-31,ACC-POR-241,Malleshwaram,2,1599
2026-10-31,AIR-BLU-167,Malleshwaram,3,61599
2026-10-31,AIR-LG-170,Malleshwaram,3,32399
2026-10-31,AIR-VOL-174,Malleshwaram,1,35434
2026-10-31,AIR-VOL-177,Malleshwaram,1,34099
2026-10-31,CAM-CAN-206,Malleshwaram,3,67199
2026-10-31,CAM-NIK-209,Malleshwaram,1,68599
2026-10-31,CAM-NIK-216,Malleshwaram,2,86199
2026-10-31,CAM-NIK-217,Malleshwaram,2,56239
2026-10-31,CAM-SON-205,Malleshwaram,3,51839
2026-10-31,GAM-NIN-226,Malleshwaram,2,34099
2026-10-31,GAM-NIN-228,Malleshwaram,1,49799
2026-10-31,GAM-NIN-229,Malleshwaram,1,45179
2026-10-31,GAM-SON-221,Malleshwaram,1,39239
2026-10-31,HEA-BOS-190,Malleshwaram,1,27359
2026-10-31,HEA-JBL-182,Malleshwaram,1,24899
2026-10-31,HEA-JBL-187,Malleshwaram,1,22704
2026-10-31,LAP-ACE-118,Malleshwaram,1,46979
2026-10-31,LAP-DEL-123,Malleshwaram,3,89909
2026-10-31,LAP-HP-114,Malleshwaram,1,43604
2026-10-31,LAP-HP-119,Malleshwaram,1,70399
2026-10-31,LAP-I5-G13,Malleshwaram,1,59990
2026-10-31,LAP-LEN-125,Malleshwaram,2,71729
2026-10-31,REF-GOD-140,Malleshwaram,2,30099
2026-10-31,REF-LG-151,Malleshwaram,1,54624
2026-10-31,REF-LG-152,Malleshwaram,1,75799
2026-10-31,REF-WHI-145,Malleshwaram,3,56999
2026-10-31,SMA-APP-110,Malleshwaram,1,25399
2026-10-31,SMA-APP-202,Malleshwaram,1,24889
2026-10-31,SMA-ONE-107,Malleshwaram,1,66499
2026-10-31,SMA-SAM-108,Malleshwaram,1,55199
2026-10-31,SMA-SAM-196,Malleshwaram,1,18999
2026-10-31,SMA-SAM-201,Malleshwaram,1,4844
2026-10-31,SMA-VIV-102,Malleshwaram,2,35399
2026-10-31,SMA-XIA-111,Malleshwaram,2,65599
2026-10-31,TEL-SON-139,Malleshwaram,2,69634
2026-10-31,TEL-TCL-131,Malleshwaram,1,34919
2026-10-31,TV-55Q7,Malleshwaram,1,58990
2026-10-31,WAS-BOS-165,Malleshwaram,1,42299
2026-10-31,WAS-IFB-159,Malleshwaram,3,34699
2026-10-31,WAS-LG-160,Malleshwaram,1,36179
2026-10-31,WAS-SAM-156,Malleshwaram,1,24479
2026-10-31,WAS-WHI-154,Malleshwaram,1,45979
2026-10-31,WAS-WHI-161,Malleshwaram,2,15839
2026-10-31,ACC-ANK-237,Whitefield,1,2899
2026-10-31,ACC-BEL-231,Whitefield,1,499
2026-10-31,ACC-POR-235,Whitefield,2,569
2026-10-31,ACC-POR-236,Whitefield,1,499
2026-10-31,AIR-BLU-178,Whitefield,2,37239
2026-10-31,AIR-LG-169,Whitefield,1,30494
2026-10-31,AIR-LG-171,Whitefield,1,51929
2026-10-31,CAM-CAN-210,Whitefield,1,83899
2026-10-31,CAM-NIK-215,Whitefield,1,42799
2026-10-31,GAM-MIC-223,Whitefield,1,48399
2026-10-31,GAM-NIN-224,Whitefield,1,31199
2026-10-31,GAM-SON-219,Whitefield,2,51399
2026-10-31,GAM-SON-222,Whitefield,2,54699
2026-10-31,HEA-BOA-183,Whitefield,1,4899
2026-10-31,HEA-BOA-189,Whitefield,1,20234
2026-10-31,HEA-BOA-191,Whitefield,2,24999
2026-10-31,HEA-JBL-180,Whitefield,1,20099
2026-10-31,HEA-JBL-187,Whitefield,1,22704
2026-10-31,HEA-SON-188,Whitefield,1,4369
2026-10-31,LAP-DEL-122,Whitefield,1,94399
2026-10-31,LAP-HP-119,Whitefield,1,63359
2026-10-31,LAP-LEN-125,Whitefield,3,79699
2026-10-31,REF-GOD-146,Whitefield,3,32679
2026-10-31,REF-LG-149,Whitefield,2,24929
2026-10-31,REF-SAM-147,Whitefield,2,45199
2026-10-31,SMA-APP-109,Whitefield,3,39059
2026-10-31,SMA-APP-202,Whitefield,2,26199
2026-10-31,SMA-APP-204,Whitefield,1,38249
2026-10-31,SMA-NOI-195,Whitefield,1,28799
2026-10-31,SMA-ONE-103,Whitefield,1,27074
2026-10-31,SMA-SAM-112,Whitefield,1,55099
2026-10-31,SMA-XIA-104,Whitefield,1,72699
2026-10-31,TEL-LG-138,Whitefield,3,81629
2026-10-31,TEL-TCL-129,Whitefield,1,116999
2026-10-31,WAS-BOS-158,Whitefield,1,33999
2026-10-31,WAS-LG-160,Whitefield,2,36179
2026-10-31,WAS-WHI-154,Whitefield,4,45979
2026-10-31,WAS-WHI-164,Whitefield,1,17099
2026-11-01,ACC-POR-236,HSR Layout,1,499
2026-11-01,AIR-LG-166,HSR Layout,1,50499
2026-11-01,AIR-LG-168,HSR Layout,1,31349
2026-11-01,AIR-LG-170,HSR Layout,2,29159
2026-11-01,AIR-VOL-174,HSR Layout,2,37299
2026-11-01,CAM-NIK-209,HSR Layout,1,68599
2026-11-01,CAM-SON-205,HSR Layout,2,57599
2026-11-01,CAM-SON-208,HSR Layout,1,107499
2026-11-01,GAM-NIN-220,HSR Layout,1,41419
2026-11-01,GAM-NIN-226,HSR Layout,1,34099
2026-11-01,GAM-NIN-228,HSR Layout,1,49799
2026-11-01,GAM-NIN-229,HSR Layout,1,50199
2026-11-01,HEA-BOA-189,HSR Layout,1,20234
2026-11-01,HEA-BOA-191,HSR Layout,1,24999
2026-11-01,HEA-BOS-186,HSR Layout,2,16099
2026-11-01,HEA-JBL-182,HSR Layout,1,22409
2026-11-01,HEA-SON-179,HSR Layout,1,6269
2026-11-01,LAP-HP-114,HSR Layout,1,45899
2026-11-01,LAP-HP-119,HSR Layout,1,70399
2026-11-01,LAP-LEN-116,HSR Layout,1,90399
2026-11-01,LAP-LEN-117,HSR Layout,1,58999
2026-11-01,LAP-LEN-125,HSR Layout,2,79699
2026-11-01,REF-GOD-146,HSR Layout,2,30959
2026-11-01,REF-LG-141,HSR Layout,1,84899
2026-11-01,SMA-APP-109,HSR Layout,2,43399
2026-11-01,SMA-APP-204,HSR Layout,1,38249
2026-11-01,SMA-NOI-194,HSR Layout,1,3599
2026-11-01,SMA-NOI-195,HSR Layout,3,28799
2026-11-01,SMA-XIA-111,HSR Layout,2,65599
2026-11-01,SW-FIT-3,HSR Layout,2,8999
2026-11-01,TEL-XIA-132,HSR Layout,1,107599
2026-11-01,TEL-XIA-136,HSR Layout,4,54899
2026-11-01,TV-55Q7,HSR Layout,1,58990
2026-11-01,WAS-BOS-165,HSR Layout,2,38069
2026-11-01,WAS-IFB-159,HSR Layout,2,34699
2026-11-01,WAS-LG-155,HSR Layout,1,39599
2026-11-01,WAS-WHI-164,HSR Layout,1,17099
2026-11-01,ACC-ANK-233,Indiranagar,1,3399
2026-11-01,ACC-ANK-237,Indiranagar,2,2609
2026-11-01,ACC-ANK-239,Indiranagar,1,1199
2026-11-01,ACC-BEL-231,Indiranagar,1,499
2026-11-01,ACC-BEL-234,Indiranagar,1,1499
2026-11-01,ACC-MI-243,Indiranagar,6,2599
2026-11-01,ACC-POR-241,Indiranagar,1,1599
2026-11-01,AIR-DAI-172,Indiranagar,1,58799
2026-11-01,AIR-LG-166,Indiranagar,3,50499
2026-11-01,AIR-LG-169,Indiranagar,2,30494
2026-11-01,CAM-CAN-210,Indiranagar,1,83899
2026-11-01,CAM-SON-205,Indiranagar,3,54719
2026-11-01,GAM-MIC-230,Indiranagar,1,30299
2026-11-01,GAM-NIN-226,Indiranagar,1,34099
2026-11-01,GAM-NIN-229,Indiranagar,2,50199
2026-11-01,HEA-BOA-189,Indiranagar,1,20234
2026-11-01,HEA-BOS-190,Indiranagar,1,27359
2026-11-01,HEA-JBL-185,Indiranagar,4,11969
2026-11-01,HEA-SON-179,Indiranagar,2,6269
2026-11-01,HEA-SON-188,Indiranagar,1,4599
2026-11-01,HP-ANC-700,Indiranagar,2,19990
2026-11-01,LAP-DEL-122,Indiranagar,1,89679
2026-11-01,LAP-DEL-124,Indiranagar,1,78899
2026-11-01,LAP-LEN-125,Indiranagar,1,79699
2026-11-01,LAP-LEN-126,Indiranagar,1,110299
2026-11-01,REF-GOD-140,Indiranagar,1,30099
2026-11-01,REF-GOD-142,Indiranagar,2,37979
2026-11-01,REF-LG-149,Indiranagar,1,24929
2026-11-01,SMA-AMA-192,Indiranagar,1,38284
2026-11-01,SMA-NOI-194,Indiranagar,1,3599
2026-11-01,SMA-SAM-112,Indiranagar,1,55099
2026-11-01,SMA-SAM-201,Indiranagar,1,5099
2026-11-01,SMA-XIA-104,Indiranagar,1,69064
2026-11-01,TEL-TCL-137,Indiranagar,1,96699
2026-11-01,TEL-XIA-134,Indiranagar,1,119999
2026-11-01,WAS-IFB-157,Indiranagar,1,33499
2026-11-01,WAS-LG-160,Indiranagar,2,36179
2026-11-01,WAS-WHI-161,Indiranagar,1,17599
2026-11-01,ACC-ANK-232,Jayanagar,1,2599
2026-11-01,ACC-POR-235,Jayanagar,1,569
2026-11-01,ACC-POR-241,Jayanagar,1,1439
2026-11-01,ACC-POR-242,Jayanagar,1,1499
2026-11-01,AIR-LG-170,Jayanagar,1,32399
2026-11-01,AIR-LG-171,Jayanagar,1,57699
2026-11-01,AIR-VOL-177,Jayanagar,2,34099
2026-11-01,CAM-NIK-209,Jayanagar,1,68599
2026-11-01,CAM-NIK-215,Jayanagar,1,42799
2026-11-01,CAM-NIK-217,Jayanagar,1,59199
2026-11-01,GAM-MIC-227,Jayanagar,1,44899
2026-11-01,GAM-NIN-220,Jayanagar,4,43599
2026-11-01,GAM-SON-219,Jayanagar,2,51399
2026-11-01,GAM-SON-222,Jayanagar,2,51964
2026-11-01,HEA-BOA-191,Jayanagar,1,24999
2026-11-01,HEA-BOS-181,Jayanagar,1,9404
2026-11-01,HEA-BOS-186,Jayanagar,1,16099
2026-11-01,HEA-JBL-182,Jayanagar,2,23654
2026-11-01,LAP-DEL-124,Jayanagar,1,74954
2026-11-01,LAP-HP-114,Jayanagar,1,41309
2026-11-01,LAP-LEN-116,Jayanagar,1,81359
2026-11-01,LAP-LEN-126,Jayanagar,1,104784
2026-11-01,REF-GOD-140,Jayanagar,1,27089
2026-11-01,REF-LG-144,Jayanagar,1,32599
2026-11-01,REF-LG-151,Jayanagar,2,57499
2026-11-01,REF-LG-152,Jayanagar,1,75799
2026-11-01,REF-WHI-145,Jayanagar,1,56999
2026-11-01,SMA-NOI-194,Jayanagar,1,3599
2026-11-01,SMA-NOI-197,Jayanagar,2,8399
2026-11-01,SMA-NOI-200,Jayanagar,1,30299
2026-11-01,SMA-ONE-106,Jayanagar,1,84299
2026-11-01,SMA-SAM-108,Jayanagar,1,49679
2026-11-01,SMA-SAM-112,Jayanagar,1,55099
2026-11-01,SMA-XIA-111,Jayanagar,1,65599
2026-11-01,TEL-SAM-128,Jayanagar,1,119499
2026-11-01,TEL-SON-139,Jayanagar,3,73299
2026-11-01,TEL-XIA-132,Jayanagar,1,107599
2026-11-01,TEL-XIA-136,Jayanagar,1,54899
2026-11-01,TV-65U8,Jayanagar,1,64990
2026-11-01,WAS-IFB-162,Jayanagar,1,16699
2026-11-01,WAS-LG-155,Jayanagar,2,39599
2026-11-01,WAS-SAM-156,Jayanagar,2,27199
2026-11-01,WAS-WHI-161,Jayanagar,1,17599
2026-11-01,ACC-BEL-234,Koramangala,1,1424
2026-11-01,ACC-BEL-238,Koramangala,3,3039
2026-11-01,ACC-MI-243,Koramangala,1,2599
2026-11-01,AIR-VOL-177,Koramangala,1,34099
2026-11-01,CAM-CAN-207,Koramangala,1,96199
2026-11-01,CAM-CAN-210,Koramangala,2,83899
2026-11-01,CAM-CAN-213,Koramangala,1,56619
2026-11-01,GAM-MIC-223,Koramangala,1,48399
2026-11-01,GAM-MIC-225,Koramangala,2,47159
2026-11-01,GAM-NIN-228,Koramangala,1,49799
2026-11-01,HEA-JBL-182,Koramangala,2,24899
2026-11-01,HEA-JBL-184,Koramangala,1,23399
2026-11-01,HEA-JBL-187,Koramangala,1,21509
2026-11-01,HP-ANC-700,Koramangala,1,19990
2026-11-01,LAP-ASU-120,Koramangala,1,82199
2026-11-01,LAP-DEL-123,Koramangala,2,99899
2026-11-01,LAP-HP-114,Koramangala,2,45899
2026-11-01,LAP-LEN-116,Koramangala,2,90399
2026-11-01,LAP-LEN-125,Koramangala,1,79699
2026-11-01,REF-GOD-142,Koramangala,1,37979
2026-11-01,REF-GOD-146,Koramangala,5,34399
2026-11-01,REF-LG-141,Koramangala,1,84899
2026-11-01,REF-LG-144,Koramangala,1,32599
2026-11-01,REF-LG-149,Koramangala,2,27699
2026-11-01,SMA-APP-198,Koramangala,2,24794
2026-11-01,SMA-APP-204,Koramangala,1,42499
2026-11-01,SMA-NOI-195,Koramangala,2,28799
2026-11-01,SMA-NOI-197,Koramangala,1,8399
2026-11-01,SMA-ONE-106,Koramangala,2,84299
2026-11-01,SMA-SAM-101,Koramangala,1,46599
2026-11-01,TEL-SON-135,Koramangala,1,46499
2026-11-01,TEL-TCL-129,Koramangala,1,116999
2026-11-01,TEL-TCL-131,Koramangala,1,38799
2026-11-01,TEL-XIA-127,Koramangala,2,16559
2026-11-01,TEL-XIA-132,Koramangala,7,96839
2026-11-01,TEL-XIA-134,Koramangala,1,119999
2026-11-01,TV-55Q7,Koramangala,2,58990
2026-11-01,TV-65U8,Koramangala,1,61740
2026-11-01,WAS-WHI-154,Koramangala,1,48399
2026-11-01,WM-FL-8KG,Koramangala,1,36990
2026-11-01,ACC-ANK-233,Malleshwaram,2,3399
2026-11-01,ACC-MI-243,Malleshwaram,2,2469
2026-11-01,ACC-POR-241,Malleshwaram,3,1439
2026-11-01,AIR-BLU-173,Malleshwaram,1,55399
2026-11-01,AIR-LG-170,Malleshwaram,1,32399
2026-11-01,CAM-CAN-206,Malleshwaram,2,67199
2026-11-01,CAM-NIK-209,Malleshwaram,1,68599
2026-11-01,CAM-NIK-217,Malleshwaram,2,53279
2026-11-01,GAM-MIC-225,Malleshwaram,1,52399
2026-11-01,GAM-NIN-224,Malleshwaram,1,29639
2026-11-01,GAM-NIN-226,Malleshwaram,5,34099
2026-11-01,GAM-NIN-229,Malleshwaram,1,50199
2026-11-01,GAM-SON-219,Malleshwaram,1,48829
2026-11-01,GAM-SON-222,Malleshwaram,1,49229
2026-11-01,HEA-BOA-191,Malleshwaram,2,24999
2026-11-01,HEA-BOS-181,Malleshwaram,1,8909
2026-11-01,HEA-BOS-190,Malleshwaram,1,28799
2026-11-01,HEA-JBL-180,Malleshwaram,1,20099
2026-11-01,HEA-JBL-182,Malleshwaram,1,24899
2026-11-01,HEA-SON-179,Malleshwaram,1,6599
2026-11-01,LAP-ACE-118,Malleshwaram,1,52199
2026-11-01,LAP-ASU-120,Malleshwaram,3,82199
2026-11-01,LAP-DEL-121,Malleshwaram,1,64299
2026-11-01,LAP-DEL-123,Malleshwaram,1,94904
2026-11-01,LAP-HP-119,Malleshwaram,1,66879
2026-11-01,REF-GOD-140,Malleshwaram,2,28594
2026-11-01,REF-LG-149,Malleshwaram,2,26314
2026-11-01,REF-LG-152,Malleshwaram,1,68219
2026-11-01,REF-WHI-145,Malleshwaram,1,56999
2026-11-01,SMA-APP-109,Malleshwaram,2,43399
2026-11-01,SMA-APP-110,Malleshwaram,1,25399
2026-11-01,SMA-APP-198,Malleshwaram,1,23489
2026-11-01,SMA-APP-199,Malleshwaram,1,37049
2026-11-01,SMA-APP-202,Malleshwaram,3,26199
2026-11-01,SMA-APP-204,Malleshwaram,2,42499
2026-11-01,SMA-NOI-195,Malleshwaram,1,28799
2026-11-01,SMA-NOI-197,Malleshwaram,1,7559
2026-11-01,SMA-ONE-107,Malleshwaram,2,59849
2026-11-01,SMA-SAM-113,Malleshwaram,1,48639
2026-11-01,SMA-XIA-111,Malleshwaram,1,65599
2026-11-01,TEL-SAM-133,Malleshwaram,1,46454
2026-11-01,TEL-SON-139,Malleshwaram,1,73299
2026-11-01,TEL-TCL-131,Malleshwaram,1,38799
2026-11-01,TV-65U8,Malleshwaram,1,58491
2026-11-01,WAS-BOS-165,Malleshwaram,4,42299
2026-11-01,WAS-IFB-153,Malleshwaram,1,22499
2026-11-01,WAS-LG-160,Malleshwaram,1,38189
2026-11-01,WAS-SAM-156,Malleshwaram,1,27199
2026-11-01,WAS-WHI-164,Malleshwaram,1,15389
2026-11-01,ACC-ANK-232,Whitefield,1,2599
2026-11-01,ACC-ANK-237,Whitefield,1,2899
2026-11-01,ACC-POR-235,Whitefield,1,599
2026-11-01,ACC-POR-241,Whitefield,3,1439
2026-11-01,AIR-LG-169,Whitefield,1,30494
2026-11-01,AIR-LG-171,Whitefield,2,57699
2026-11-01,AIR-VOL-177,Whitefield,4,34099
2026-11-01,CAM-CAN-206,Whitefield,1,67199
2026-11-01,CAM-CAN-214,Whitefield,1,54434
2026-11-01,CAM-SON-208,Whitefield,1,107499
2026-11-01,GAM-NIN-228,Whitefield,1,49799
2026-11-01,GAM-SON-222,Whitefield,1,49229
2026-11-01,HEA-BOA-183,Whitefield,1,4899
2026-11-01,HEA-BOA-189,Whitefield,2,21299
2026-11-01,HEA-BOS-181,Whitefield,1,8909
2026-11-01,HEA-JBL-187,Whitefield,1,22704
2026-11-01,LAP-ACE-118,Whitefield,1,52199
2026-11-01,LAP-DEL-122,Whitefield,1,89679
2026-11-01,LAP-DEL-123,Whitefield,1,89909
2026-11-01,LAP-DEL-124,Whitefield,3,78899
2026-11-01,REF-GOD-146,Whitefield,2,34399
2026-11-01,REF-LG-149,Whitefield,1,27699
2026-11-01,REF-SAM-147,Whitefield,1,42939
2026-11-01,SMA-APP-109,Whitefield,1,43399
2026-11-01,SMA-APP-110,Whitefield,1,22859
2026-11-01,SMA-APP-198,Whitefield,1,26099
2026-11-01,SMA-NOI-195,Whitefield,1,28799
2026-11-01,SMA-ONE-103,Whitefield,1,25649
2026-11-01,SMA-SAM-101,Whitefield,2,46599
2026-11-01,SMA-SAM-112,Whitefield,1,52344
2026-11-01,SMA-SAM-113,Whitefield,2,48639
2026-11-01,SMA-XIA-104,Whitefield,2,72699
2026-11-01,SMA-XIA-111,Whitefield,1,62319
2026-11-01,TEL-LG-138,Whitefield,1,90699
2026-11-01,TEL-SON-130,Whitefield,1,58999
2026-11-01,TEL-SON-135,Whitefield,1,41849
2026-11-01,TEL-SON-139,Whitefield,1,73299
2026-11-01,TEL-TCL-129,Whitefield,1,111149
2026-11-01,TV-55Q7,Whitefield,1,58990
2026-11-01,WAS-IFB-153,Whitefield,2,21374
2026-11-01,WAS-LG-155,Whitefield,1,43999
2026-11-01,WAS-WHI-154,Whitefield,1,48399
2026-11-02,ACC-ANK-233,HSR Layout,1,3229
2026-11-02,ACC-POR-235,HSR Layout,1,569
2026-11-02,AIR-BLU-167,HSR Layout,1,58519
2026-11-02,AIR-DAI-172,HSR Layout,1,55859
2026-11-02,AIR-LG-170,HSR Layout,2,30779
2026-11-02,CAM-CAN-214,HSR Layout,1,54434
2026-11-02,CAM-NIK-212,HSR Layout,1,99499
2026-11-02,GAM-NIN-224,HSR Layout,1,28079
2026-11-02,GAM-NIN-228,HSR Layout,2,44819
2026-11-02,HEA-BOS-186,HSR Layout,1,14489
2026-11-02,HEA-BOS-190,HSR Layout,2,27359
2026-11-02,HEA-JBL-182,HSR Layout,1,24899
2026-11-02,HP-ANC-700,HSR Layout,1,17991
2026-11-02,LAP-HP-114,HSR Layout,1,45899
2026-11-02,LAP-HP-119,HSR Layout,2,63359
2026-11-02,LAP-I5-G13,HSR Layout,1,56990
2026-11-02,LAP-LEN-125,HSR Layout,1,75714
2026-11-02,REF-LG-151,HSR Layout,1,57499
2026-11-02,SMA-APP-109,HSR Layout,1,43399
2026-11-02,SMA-APP-199,HSR Layout,4,38999
2026-11-02,SMA-APP-204,HSR Layout,1,42499
2026-11-02,SMA-NOI-195,HSR Layout,3,27359
2026-11-02,SMA-ONE-106,HSR Layout,1,75869
2026-11-02,SMA-SAM-201,HSR Layout,1,4589
2026-11-02,SMA-XIA-111,HSR Layout,1,65599
2026-11-02,TEL-SON-135,HSR Layout,1,44174
2026-11-02,TEL-TCL-137,HSR Layout,1,96699
2026-11-02,TEL-XIA-136,HSR Layout,2,54899
2026-11-02,WAS-BOS-165,HSR Layout,2,42299
2026-11-02,WAS-WHI-154,HSR Layout,1,45979
2026-11-02,ACC-ANK-233,Indiranagar,1,3399
2026-11-02,ACC-ANK-237,Indiranagar,2,2899
2026-11-02,ACC-BEL-234,Indiranagar,1,1499
2026-11-02,ACC-MI-243,Indiranagar,2,2599
2026-11-02,ACC-POR-236,Indiranagar,1,449
2026-11-02,CAM-CAN-206,Indiranagar,1,67199
2026-11-02,CAM-CAN-207,Indiranagar,1,91389
2026-11-02,CAM-CAN-214,Indiranagar,1,57299
2026-11-02,CAM-NIK-211,Indiranagar,1,105599
2026-11-02,CAM-SON-205,Indiranagar,1,51839
2026-11-02,GAM-MIC-218,Indiranagar,1,50999
2026-11-02,GAM-MIC-227,Indiranagar,1,44899
2026-11-02,GAM-SON-219,Indiranagar,1,51399
2026-11-02,GAM-SON-222,Indiranagar,1,54699
2026-11-02,HEA-BOA-189,Indiranagar,1,21299
2026-11-02,HEA-BOS-181,Indiranagar,2,9404
2026-11-02,HEA-BOS-190,Indiranagar,2,28799
2026-11-02,HP-ANC-700,Indiranagar,4,19990
2026-11-02,LAP-DEL-122,Indiranagar,4,94399
2026-11-02,LAP-LEN-125,Indiranagar,1,79699
2026-11-02,LAP-LEN-126,Indiranagar,3,110299
2026-11-02,REF-GOD-146,Indiranagar,1,32679
2026-11-02,REF-LG-149,Indiranagar,1,27699
2026-11-02,REF-WHI-145,Indiranagar,1,56999
2026-11-02,SMA-APP-198,Indiranagar,2,26099
2026-11-02,SMA-APP-199,Indiranagar,1,38999
2026-11-02,SMA-NOI-200,Indiranagar,1,28784
2026-11-02,SMA-SAM-101,Indiranagar,1,46599
2026-11-02,SMA-SAM-113,Indiranagar,2,51199
2026-11-02,SMA-SAM-201,Indiranagar,1,4589
2026-11-02,TEL-SAM-128,Indiranagar,1,113524
2026-11-02,TEL-TCL-131,Indiranagar,1,38799
2026-11-02,TEL-XIA-127,Indiranagar,1,18399
2026-11-02,TEL-XIA-132,Indiranagar,1,107599
2026-11-02,WAS-WHI-164,Indiranagar,1,15389
2026-11-02,ACC-BEL-238,Jayanagar,1,3039
2026-11-02,ACC-MI-240,Jayanagar,2,3899
2026-11-02,ACC-MI-243,Jayanagar,1,2339
2026-11-02,ACC-POR-242,Jayanagar,3,1349
2026-11-02,AIR-DAI-176,Jayanagar,1,46999
2026-11-02,AIR-VOL-177,Jayanagar,1,32394
2026-11-02,CAM-CAN-206,Jayanagar,2,67199
2026-11-02,GAM-MIC-225,Jayanagar,1,49779
2026-11-02,GAM-NIN-229,Jayanagar,1,45179
2026-11-02,HEA-BOA-183,Jayanagar,1,4409
2026-11-02,HEA-BOA-191,Jayanagar,1,24999
2026-11-02,HEA-BOS-186,Jayanagar,1,16099
2026-11-02,HEA-JBL-185,Jayanagar,2,12599
2026-11-02,HP-ANC-700,Jayanagar,1,19990
2026-11-02,LAP-DEL-122,Jayanagar,1,94399
2026-11-02,LAP-DEL-123,Jayanagar,1,99899
2026-11-02,LAP-DEL-124,Jayanagar,1,78899
2026-11-02,LAP-I5-G13,Jayanagar,1,56990
2026-11-02,LAP-LEN-116,Jayanagar,1,90399
2026-11-02,LAP-LEN-126,Jayanagar,2,104784
2026-11-02,REF-GOD-140,Jayanagar,1,30099
2026-11-02,REF-GOD-143,Jayanagar,1,51299
2026-11-02,REF-LG-141,Jayanagar,1,80654
2026-11-02,REF-WHI-145,Jayanagar,1,54149
2026-11-02,SMA-SAM-108,Jayanagar,1,55199
2026-11-02,SMA-XIA-111,Jayanagar,1,65599
2026-11-02,TEL-LG-138,Jayanagar,1,81629
2026-11-02,TEL-TCL-129,Jayanagar,1,116999
2026-11-02,TEL-TCL-131,Jayanagar,1,38799
2026-11-02,TEL-XIA-127,Jayanagar,1,18399
2026-11-02,TEL-XIA-134,Jayanagar,1,119999
2026-11-02,TV-65U8,Jayanagar,1,58491
2026-11-02,WAS-BOS-165,Jayanagar,1,42299
2026-11-02,WAS-IFB-153,Jayanagar,1,22499
2026-11-02,WAS-IFB-157,Jayanagar,2,33499
2026-11-02,WAS-LG-155,Jayanagar,2,41799
2026-11-02,WAS-SAM-163,Jayanagar,1,41899
2026-11-02,WAS-WHI-164,Jayanagar,1,17099
2026-11-02,WM-FL-8KG,Jayanagar,2,36990
2026-11-02,ACC-ANK-232,Koramangala,1,2599
2026-11-02,ACC-ANK-233,Koramangala,1,3059
2026-11-02,ACC-ANK-239,Koramangala,1,1139
2026-11-02,ACC-BEL-234,Koramangala,2,1499
2026-11-02,ACC-POR-236,Koramangala,1,449
2026-11-02,ACC-POR-241,Koramangala,1,1439
2026-11-02,AIR-BLU-167,Koramangala,1,61599
2026-11-02,AIR-LG-170,Koramangala,2,32399
2026-11-02,AIR-LG-171,Koramangala,1,51929
2026-11-02,AIR-VOL-177,Koramangala,2,34099
2026-11-02,CAM-CAN-206,Koramangala,1,67199
2026-11-02,CAM-CAN-207,Koramangala,1,91389
2026-11-02,CAM-NIK-215,Koramangala,2,38519
2026-11-02,GAM-MIC-218,Koramangala,1,50999
2026-11-02,GAM-MIC-225,Koramangala,1,47159
2026-11-02,GAM-NIN-220,Koramangala,1,43599
2026-11-02,GAM-NIN-228,Koramangala,1,47309
2026-11-02,HEA-BOA-191,Koramangala,1,22499
2026-11-02,HEA-JBL-182,Koramangala,1,23654
2026-11-02,HEA-JBL-184,Koramangala,1,23399
2026-11-02,HEA-JBL-187,Koramangala,1,23899
2026-11-02,HEA-SON-188,Koramangala,2,4369
2026-11-02,LAP-ASU-120,Koramangala,1,82199
2026-11-02,LAP-DEL-122,Koramangala,1,94399
2026-11-02,REF-GOD-142,Koramangala,1,42199
2026-11-02,REF-GOD-143,Koramangala,2,51299
2026-11-02,REF-LG-141,Koramangala,1,80654
2026-11-02,REF-LG-149,Koramangala,1,27699
2026-11-02,REF-SAM-147,Koramangala,1,45199
2026-11-02,REF-WHI-145,Koramangala,2,56999
2026-11-02,SMA-APP-199,Koramangala,1,38999
2026-11-02,SMA-NOI-194,Koramangala,2,3419
2026-11-02,SMA-SAM-101,Koramangala,1,46599
2026-11-02,SMA-SAM-108,Koramangala,3,49679
2026-11-02,SMA-SAM-112,Koramangala,1,49589
2026-11-02,SMA-SAM-193,Koramangala,2,10349
2026-11-02,TEL-SON-135,Koramangala,1,44174
2026-11-02,TEL-TCL-131,Koramangala,2,36859
2026-11-02,TEL-XIA-132,Koramangala,3,107599
2026-11-02,TEL-XIA-136,Koramangala,2,54899
2026-11-02,TV-55Q7,Koramangala,2,58990
2026-11-02,WAS-BOS-158,Koramangala,1,33999
2026-11-02,WAS-IFB-153,Koramangala,1,22499
2026-11-02,WAS-IFB-159,Koramangala,1,32964
2026-11-02,WAS-IFB-162,Koramangala,1,15029
2026-11-02,WAS-WHI-161,Koramangala,1,17599
2026-11-02,WAS-WHI-164,Koramangala,1,17099
2026-11-02,ACC-ANK-233,Malleshwaram,1,3399
2026-11-02,ACC-MI-243,Malleshwaram,1,2599
2026-11-02,ACC-POR-235,Malleshwaram,1,599
2026-11-02,ACC-POR-241,Malleshwaram,2,1599
2026-11-02,AIR-BLU-178,Malleshwaram,1,39199
2026-11-02,AIR-DAI-172,Malleshwaram,1,58799
2026-11-02,AIR-DAI-176,Malleshwaram,1,42299
2026-11-02,AIR-LG-170,Malleshwaram,1,32399
2026-11-02,AIR-LG-171,Malleshwaram,1,57699
2026-11-02,AIR-VOL-174,Malleshwaram,1,35434
2026-11-02,CAM-CAN-206,Malleshwaram,2,63839
2026-11-02,CAM-SON-205,Malleshwaram,1,57599
2026-11-02,GAM-MIC-225,Malleshwaram,1,47159
2026-11-02,GAM-NIN-229,Malleshwaram,2,50199
2026-11-02,HEA-BOS-190,Malleshwaram,1,28799
2026-11-02,HEA-JBL-182,Malleshwaram,1,23654
2026-11-02,HEA-JBL-187,Malleshwaram,2,23899
2026-11-02,LAP-ACE-118,Malleshwaram,1,52199
2026-11-02,LAP-ASU-120,Malleshwaram,1,82199
2026-11-02,LAP-HP-119,Malleshwaram,1,70399
2026-11-02,REF-GOD-140,Malleshwaram,1,28594
2026-11-02,REF-GOD-146,Malleshwaram,1,34399
2026-11-02,REF-LG-151,Malleshwaram,2,57499
2026-11-02,REF-WHI-145,Malleshwaram,1,56999
2026-11-02,SMA-AMA-192,Malleshwaram,1,40299
2026-11-02,SMA-APP-109,Malleshwaram,1,43399
2026-11-02,SMA-APP-198,Malleshwaram,1,23489
2026-11-02,SMA-APP-202,Malleshwaram,1,23579
2026-11-02,SMA-NOI-194,Malleshwaram,1,3239
2026-11-02,SMA-NOI-195,Malleshwaram,1,28799
2026-11-02,SMA-SAM-108,Malleshwaram,1,55199
2026-11-02,SMA-SAM-196,Malleshwaram,1,18999
2026-11-02,TEL-SAM-133,Malleshwaram,1,48899
2026-11-02,TEL-SON-139,Malleshwaram,1,73299
2026-11-02,TEL-TCL-131,Malleshwaram,1,34919
2026-11-02,TV-55Q7,Malleshwaram,1,56040
2026-11-02,WAS-IFB-159,Malleshwaram,1,34699
2026-11-02,WAS-LG-160,Malleshwaram,5,40199
2026-11-02,WAS-WHI-154,Malleshwaram,1,45979
2026-11-02,ACC-POR-235,Whitefield,1,599
2026-11-02,ACC-POR-241,Whitefield,1,1599
2026-11-02,AIR-LG-169,Whitefield,1,32099
2026-11-02,CAM-CAN-214,Whitefield,2,51569
2026-11-02,CAM-NIK-215,Whitefield,2,42799
2026-11-02,GAM-NIN-224,Whitefield,1,31199
2026-11-02,GAM-SON-219,Whitefield,1,48829
2026-11-02,HEA-JBL-180,Whitefield,2,20099
2026-11-02,HEA-JBL-185,Whitefield,1,11339
2026-11-02,HEA-JBL-187,Whitefield,1,23899
2026-11-02,HEA-SON-188,Whitefield,1,4599
2026-11-02,LAP-DEL-121,Whitefield,1,64299
2026-11-02,LAP-DEL-124,Whitefield,1,74954
2026-11-02,LAP-I5-G13,Whitefield,2,59990
2026-11-02,LAP-LEN-116,Whitefield,1,90399
2026-11-02,LAP-LEN-126,Whitefield,1,110299
2026-11-02,REF-GOD-140,Whitefield,1,30099
2026-11-02,REF-GOD-146,Whitefield,1,34399
2026-11-02,REF-LG-151,Whitefield,1,57499
2026-11-02,SMA-APP-109,Whitefield,1,43399
2026-11-02,SMA-APP-199,Whitefield,2,35099
2026-11-02,SMA-APP-202,Whitefield,3,23579
2026-11-02,SMA-ONE-105,Whitefield,1,49799
2026-11-02,SMA-SAM-101,Whitefield,1,46599
2026-11-02,SMA-SAM-112,Whitefield,3,49589
2026-11-02,SMA-XIA-104,Whitefield,1,72699
2026-11-02,TEL-LG-138,Whitefield,2,90699
2026-11-02,TEL-SAM-128,Whitefield,1,119499
2026-11-02,TEL-SON-139,Whitefield,1,73299
2026-11-02,TEL-XIA-127,Whitefield,1,18399
2026-11-02,TV-55Q7,Whitefield,3,58990
2026-11-02,WAS-IFB-153,Whitefield,2,21374
2026-11-02,WAS-SAM-163,Whitefield,1,41899
2026-11-02,WAS-WHI-161,Whitefield,1,17599
2026-11-02,WAS-WHI-164,Whitefield,1,17099
2026-11-03,ACC-ANK-239,HSR Layout,2,1079
2026-11-03,ACC-BEL-238,HSR Layout,1,3199
2026-11-03,CAM-CAN-207,HSR Layout,1,96199
2026-11-03,CAM-CAN-214,HSR Layout,1,57299
2026-11-03,CAM-NIK-211,HSR Layout,1,100319
2026-11-03,CAM-NIK-215,HSR Layout,1,42799
2026-11-03,GAM-MIC-230,HSR Layout,1,28784
2026-11-03,GAM-NIN-228,HSR Layout,1,44819
2026-11-03,HEA-JBL-184,HSR Layout,1,23399
2026-11-03,LAP-DEL-122,HSR Layout,1,94399
2026-11-03,LAP-HP-119,HSR Layout,1,63359
2026-11-03,LAP-I5-G13,HSR Layout,1,59990
2026-11-03,LAP-LEN-116,HSR Layout,1,81359
2026-11-03,REF-LG-141,HSR Layout,2,84899
2026-11-03,REF-LG-144,HSR Layout,1,29339
2026-11-03,REF-WHI-145,HSR Layout,1,56999
2026-11-03,SMA-AMA-192,HSR Layout,2,40299
2026-11-03,SMA-APP-199,HSR Layout,1,38999
2026-11-03,SMA-NOI-195,HSR Layout,1,28799
2026-11-03,SMA-SAM-101,HSR Layout,3,46599
2026-11-03,SMA-XIA-111,HSR Layout,1,65599
2026-11-03,TEL-SON-130,HSR Layout,2,58999
2026-11-03,TEL-SON-135,HSR Layout,1,44174
2026-11-03,TEL-TCL-129,HSR Layout,2,105299
2026-11-03,TEL-TCL-137,HSR Layout,1,96699
2026-11-03,TEL-XIA-136,HSR Layout,1,49409
2026-11-03,TV-55Q7,HSR Layout,3,56040
2026-11-03,WAS-IFB-153,HSR Layout,1,20249
2026-11-03,WAS-WHI-154,HSR Layout,2,48399
2026-11-03,WAS-WHI-164,HSR Layout,1,17099
2026-11-03,ACC-ANK-233,Indiranagar,2,3399
2026-11-03,ACC-ANK-237,Indiranagar,3,2899
2026-11-03,ACC-BEL-234,Indiranagar,1,1499
2026-11-03,ACC-MI-243,Indiranagar,5,2469
2026-11-03,ACC-POR-236,Indiranagar,1,449
2026-11-03,ACC-POR-241,Indiranagar,2,1439
2026-11-03,AIR-DAI-176,Indiranagar,1,44649
2026-11-03,AIR-LG-166,Indiranagar,1,50499
2026-11-03,CAM-CAN-207,Indiranagar,1,91389
2026-11-03,CAM-CAN-213,Indiranagar,1,53639
2026-11-03,GAM-MIC-218,Indiranagar,1,50999
2026-11-03,GAM-SON-219,Indiranagar,1,51399
2026-11-03,HEA-BOA-189,Indiranagar,1,19169
2026-11-03,HEA-BOS-181,Indiranagar,2,8909
2026-11-03,HEA-BOS-190,Indiranagar,1,28799
2026-11-03,HEA-JBL-180,Indiranagar,1,20099
2026-11-03,HEA-JBL-185,Indiranagar,3,11969
2026-11-03,HEA-JBL-187,Indiranagar,1,23899
2026-11-03,HEA-SON-179,Indiranagar,1,6599
2026-11-03,HP-ANC-700,Indiranagar,5,18990
2026-11-03,LAP-ACE-118,Indiranagar,1,52199
2026-11-03,LAP-LEN-116,Indiranagar,1,85879
2026-11-03,REF-LG-152,Indiranagar,1,75799
2026-11-03,SMA-APP-109,Indiranagar,1,43399
2026-11-03,SMA-APP-110,Indiranagar,1,25399
2026-11-03,SMA-APP-198,Indiranagar,1,26099
2026-11-03,SMA-SAM-101,Indiranagar,1,46599
2026-11-03,SMA-SAM-112,Indiranagar,1,55099
2026-11-03,SMA-SAM-201,Indiranagar,2,5099
2026-11-03,TEL-SAM-128,Indiranagar,1,107549
2026-11-03,TEL-TCL-129,Indiranagar,1,116999
2026-11-03,WAS-LG-160,Indiranagar,1,38189
2026-11-03,ACC-ANK-232,Jayanagar,1,2599
2026-11-03,ACC-POR-235,Jayanagar,1,599
2026-11-03,AIR-LG-168,Jayanagar,1,32999
2026-11-03,AIR-VOL-174,Jayanagar,1,37299
2026-11-03,CAM-SON-208,Jayanagar,1,107499
2026-11-03,GAM-MIC-225,Jayanagar,1,49779
2026-11-03,GAM-NIN-228,Jayanagar,1,49799
2026-11-03,HEA-BOA-183,Jayanagar,1,4409
2026-11-03,HEA-BOA-191,Jayanagar,1,22499
2026-11-03,HEA-BOS-186,Jayanagar,1,16099
2026-11-03,HEA-JBL-185,Jayanagar,1,11339
2026-11-03,LAP-DEL-121,Jayanagar,1,57869
2026-11-03,LAP-LEN-117,Jayanagar,1,58999
2026-11-03,REF-GOD-143,Jayanagar,1,51299
2026-11-03,REF-LG-149,Jayanagar,1,27699
2026-11-03,REF-LG-150,Jayanagar,2,49399
2026-11-03,REF-LG-151,Jayanagar,1,54624
2026-11-03,SMA-AMA-192,Jayanagar,1,36269
2026-11-03,SMA-NOI-197,Jayanagar,1,8399
2026-11-03,SMA-ONE-107,Jayanagar,1,66499
2026-11-03,SMA-SAM-112,Jayanagar,1,55099
2026-11-03,SMA-SAM-113,Jayanagar,1,51199
2026-11-03,SMA-SAM-193,Jayanagar,2,11499
2026-11-03,TEL-SON-139,Jayanagar,1,73299
2026-11-03,TEL-TCL-129,Jayanagar,1,116999
2026-11-03,TEL-TCL-137,Jayanagar,1,91864
2026-11-03,TEL-XIA-136,Jayanagar,1,54899
2026-11-03,WAS-BOS-158,Jayanagar,1,33999
2026-11-03,WAS-IFB-162,Jayanagar,1,16699
2026-11-03,WAS-LG-155,Jayanagar,1,43999
2026-11-03,WAS-LG-160,Jayanagar,1,36179
2026-11-03,WAS-SAM-156,Jayanagar,1,27199
2026-11-03,WM-FL-8KG,Jayanagar,1,36990
2026-11-03,ACC-BEL-231,Koramangala,1,499
2026-11-03,ACC-BEL-234,Koramangala,1,1349
2026-11-03,ACC-MI-240,Koramangala,1,3899
2026-11-03,ACC-MI-243,Koramangala,1,2469
2026-11-03,ACC-POR-236,Koramangala,2,499
2026-11-03,AIR-BLU-167,Koramangala,3,55439
2026-11-03,AIR-DAI-172,Koramangala,1,52919
2026-11-03,AIR-LG-166,Koramangala,1,50499
2026-11-03,CAM-CAN-207,Koramangala,2,96199
2026-11-03,CAM-CAN-210,Koramangala,2,83899
2026-11-03,CAM-CAN-213,Koramangala,1,53639
2026-11-03,CAM-NIK-215,Koramangala,1,40659
2026-11-03,CAM-SON-208,Koramangala,1,107499
2026-11-03,GAM-MIC-218,Koramangala,1,50999
2026-11-03,GAM-MIC-225,Koramangala,2,52399
2026-11-03,GAM-NIN-220,Koramangala,2,41419
2026-11-03,GAM-NIN-228,Koramangala,1,49799
2026-11-03,GAM-NIN-229,Koramangala,1,47689
2026-11-03,GAM-SON-219,Koramangala,1,46259
2026-11-03,GAM-SON-222,Koramangala,1,54699
2026-11-03,HEA-SON-188,Koramangala,2,4139
2026-11-03,LAP-DEL-123,Koramangala,1,89909
2026-11-03,LAP-I5-G13,Koramangala,1,53991
2026-11-03,REF-GOD-146,Koramangala,1,30959
2026-11-03,REF-LG-141,Koramangala,1,76409
2026-11-03,REF-LG-149,Koramangala,1,27699
2026-11-03,REF-LG-152,Koramangala,1,75799
2026-11-03,REF-SAM-147,Koramangala,1,40679
2026-11-03,SMA-NOI-194,Koramangala,1,3419
2026-11-03,SMA-NOI-197,Koramangala,1,7979
2026-11-03,SMA-ONE-106,Koramangala,1,80084
2026-11-03,SMA-SAM-193,Koramangala,2,10924
2026-11-03,TEL-SON-139,Koramangala,1,69634
2026-11-03,TEL-TCL-131,Koramangala,1,38799
2026-11-03,TEL-TCL-137,Koramangala,2,96699
2026-11-03,TEL-XIA-127,Koramangala,1,16559
2026-11-03,TEL-XIA-132,Koramangala,1,107599
2026-11-03,TEL-XIA-136,Koramangala,1,54899
2026-11-03,TV-55Q7,Koramangala,2,53091
2026-11-03,WAS-WHI-154,Koramangala,2,48399
2026-11-03,WAS-WHI-164,Koramangala,1,17099
2026-11-03,ACC-ANK-233,Malleshwaram,1,3399
2026-11-03,ACC-ANK-237,Malleshwaram,1,2899
2026-11-03,ACC-MI-243,Malleshwaram,3,2599
2026-11-03,ACC-POR-241,Malleshwaram,1,1599
2026-11-03,AIR-DAI-172,Malleshwaram,1,58799
2026-11-03,AIR-LG-168,Malleshwaram,2,32999
2026-11-03,AIR-LG-170,Malleshwaram,2,29159
2026-11-03,AIR-LG-175,Malleshwaram,1,45799
2026-11-03,AIR-VOL-177,Malleshwaram,1,34099
2026-11-03,CAM-CAN-206,Malleshwaram,2,67199
2026-11-03,CAM-NIK-215,Malleshwaram,1,42799
2026-11-03,CAM-NIK-217,Malleshwaram,1,56239
2026-11-03,CAM-SON-205,Malleshwaram,1,54719
2026-11-03,GAM-NIN-220,Malleshwaram,1,43599
2026-11-03,GAM-NIN-226,Malleshwaram,1,34099
2026-11-03,GAM-NIN-229,Malleshwaram,2,50199
2026-11-03,HEA-BOA-191,Malleshwaram,1,24999
2026-11-03,HEA-BOS-181,Malleshwaram,1,9899
2026-11-03,HEA-JBL-187,Malleshwaram,2,23899
2026-11-03,HP-ANC-700,Malleshwaram,1,17991
2026-11-03,LAP-ASU-120,Malleshwaram,2,78089
2026-11-03,LAP-DEL-123,Malleshwaram,2,99899
2026-11-03,LAP-HP-119,Malleshwaram,1,63359
2026-11-03,LAP-LEN-116,Malleshwaram,1,90399
2026-11-03,LAP-LEN-117,Malleshwaram,1,58999
2026-11-03,LAP-LEN-125,Malleshwaram,1,79699
2026-11-03,REF-GOD-140,Malleshwaram,2,30099
2026-11-03,REF-GOD-143,Malleshwaram,1,51299
2026-11-03,REF-LG-149,Malleshwaram,1,26314
2026-11-03,REF-LG-151,Malleshwaram,1,51749
2026-11-03,REF-LG-152,Malleshwaram,1,75799
2026-11-03,REF-SAM-147,Malleshwaram,1,45199
2026-11-03,SMA-APP-110,Malleshwaram,1,24129
2026-11-03,SMA-NOI-195,Malleshwaram,1,27359
2026-11-03,SMA-NOI-197,Malleshwaram,1,7979
2026-11-03,SMA-ONE-107,Malleshwaram,1,63174
2026-11-03,SMA-SAM-112,Malleshwaram,1,55099
2026-11-03,SMA-XIA-111,Malleshwaram,1,65599
2026-11-03,TEL-LG-138,Malleshwaram,1,81629
2026-11-03,TEL-SON-130,Malleshwaram,1,53099
2026-11-03,TEL-SON-139,Malleshwaram,3,73299
2026-11-03,WAS-BOS-165,Malleshwaram,3,42299
2026-11-03,WAS-IFB-159,Malleshwaram,2,34699
2026-11-03,WAS-LG-155,Malleshwaram,1,43999
2026-11-03,WAS-SAM-156,Malleshwaram,3,27199
2026-11-03,WAS-SAM-163,Malleshwaram,2,41899
2026-11-03,WAS-WHI-164,Malleshwaram,1,17099
2026-11-03,ACC-POR-236,Whitefield,1,499
2026-11-03,AIR-VOL-177,Whitefield,1,32394
2026-11-03,CAM-NIK-212,Whitefield,1,99499
2026-11-03,GAM-MIC-227,Whitefield,1,44899
2026-11-03,GAM-NIN-226,Whitefield,1,34099
2026-11-03,HEA-JBL-180,Whitefield,2,18089
2026-11-03,HEA-SON-188,Whitefield,1,4599
2026-11-03,LAP-DEL-123,Whitefield,1,99899
2026-11-03,LAP-I5-G13,Whitefield,1,59990
2026-11-03,LAP-LEN-125,Whitefield,1,71729
2026-11-03,REF-GOD-146,Whitefield,1,32679
2026-11-03,REF-LG-149,Whitefield,1,24929
2026-11-03,REF-LG-152,Whitefield,1,75799
2026-11-03,REF-WHI-145,Whitefield,1,56999
2026-11-03,SMA-APP-198,Whitefield,1,26099
2026-11-03,SMA-APP-202,Whitefield,1,26199
2026-11-03,SMA-ONE-103,Whitefield,1,25649
2026-11-03,SMA-SAM-101,Whitefield,1,44269
2026-11-03,SMA-SAM-108,Whitefield,1,49679
2026-11-03,SMA-SAM-113,Whitefield,1,46079
2026-11-03,SMA-XIA-104,Whitefield,1,72699
2026-11-03,TEL-LG-138,Whitefield,2,90699
2026-11-03,TEL-SON-130,Whitefield,2,58999
2026-11-03,TEL-SON-139,Whitefield,1,69634
2026-11-03,TEL-TCL-129,Whitefield,2,105299
2026-11-03,TEL-XIA-132,Whitefield,1,107599
2026-11-03,TEL-XIA-136,Whitefield,1,49409
2026-11-03,WAS-BOS-158,Whitefield,1,33999
2026-11-03,WAS-WHI-161,Whitefield,2,17599
2026-11-04,ACC-MI-243,HSR Layout,1,2599
2026-11-04,ACC-POR-235,HSR Layout,1,599
2026-11-04,AIR-BLU-173,HSR Layout,1,49859
2026-11-04,AIR-BLU-178,HSR Layout,2,39199
2026-11-04,AIR-LG-170,HSR Layout,2,32399
2026-11-04,AIR-VOL-177,HSR Layout,2,34099
2026-11-04,CAM-CAN-206,HSR Layout,1,67199
2026-11-04,CAM-CAN-207,HSR Layout,1,96199
2026-11-04,CAM-CAN-213,HSR Layout,2,59599
2026-11-04,CAM-NIK-209,HSR Layout,1,68599
2026-11-04,CAM-NIK-215,HSR Layout,1,38519
2026-11-04,GAM-NIN-224,HSR Layout,1,29639
2026-11-04,GAM-NIN-228,HSR Layout,1,47309
2026-11-04,GAM-SON-219,HSR Layout,1,46259
2026-11-04,HEA-BOA-191,HSR Layout,1,23749
2026-11-04,HEA-BOS-190,HSR Layout,1,28799
2026-11-04,HEA-JBL-182,HSR Layout,3,22409
2026-11-04,HEA-SON-179,HSR Layout,1,6599
2026-11-04,HP-ANC-700,HSR Layout,3,19990
2026-11-04,LAP-HP-114,HSR Layout,1,45899
2026-11-04,LAP-HP-119,HSR Layout,1,63359
2026-11-04,LAP-LEN-116,HSR Layout,1,90399
2026-11-04,LAP-LEN-125,HSR Layout,1,79699
2026-11-04,REF-GOD-142,HSR Layout,1,42199
2026-11-04,REF-GOD-148,HSR Layout,1,65799
2026-11-04,REF-LG-141,HSR Layout,1,76409
2026-11-04,REF-LG-151,HSR Layout,2,57499
2026-11-04,SMA-APP-109,HSR Layout,3,43399
2026-11-04,SMA-APP-199,HSR Layout,2,35099
2026-11-04,SMA-APP-202,HSR Layout,1,26199
2026-11-04,SMA-NOI-195,HSR Layout,1,28799
2026-11-04,SMA-ONE-106,HSR Layout,2,75869
2026-11-04,SMA-ONE-107,HSR Layout,1,63174
2026-11-04,SMA-SAM-101,HSR Layout,3,46599
2026-11-04,SMA-VIV-102,HSR Layout,1,35399
2026-11-04,SMA-XIA-104,HSR Layout,1,72699
2026-11-04,SW-FIT-3,HSR Layout,2,8549
2026-11-04,TEL-TCL-131,HSR Layout,1,38799
2026-11-04,TEL-TCL-137,HSR Layout,1,96699
2026-11-04,TEL-XIA-136,HSR Layout,1,52154
2026-11-04,WAS-IFB-159,HSR Layout,1,34699
2026-11-04,ACC-ANK-233,Indiranagar,2,3399
2026-11-04,ACC-ANK-237,Indiranagar,2,2754
2026-11-04,ACC-BEL-231,Indiranagar,1,499
2026-11-04,ACC-BEL-238,Indiranagar,1,3199
2026-11-04,ACC-MI-243,Indiranagar,2,2339
2026-11-04,ACC-POR-241,Indiranagar,1,1519
2026-11-04,AIR-VOL-177,Indiranagar,1,32394
2026-11-04,CAM-CAN-207,Indiranagar,1,96199
2026-11-04,CAM-NIK-211,Indiranagar,1,105599
2026-11-04,GAM-MIC-225,Indiranagar,1,47159
2026-11-04,GAM-MIC-230,Indiranagar,1,30299
2026-11-04,GAM-NIN-226,Indiranagar,1,30689
2026-11-04,GAM-NIN-229,Indiranagar,4,47689
2026-11-04,GAM-SON-222,Indiranagar,3,51964
2026-11-04,HEA-BOA-189,Indiranagar,2,20234
2026-11-04,HEA-BOS-181,Indiranagar,1,8909
2026-11-04,HEA-JBL-180,Indiranagar,1,20099
2026-11-04,HEA-JBL-187,Indiranagar,1,21509
2026-11-04,HP-ANC-700,Indiranagar,2,19990
2026-11-04,LAP-ACE-118,Indiranagar,1,52199
2026-11-04,LAP-I5-G13,Indiranagar,1,53991
2026-11-04,LAP-LEN-116,Indiranagar,2,90399
2026-11-04,REF-GOD-140,Indiranagar,1,30099
2026-11-04,REF-LG-152,Indiranagar,1,75799
2026-11-04,SMA-AMA-192,Indiranagar,1,40299
2026-11-04,SMA-AMA-203,Indiranagar,1,12254
2026-11-04,SMA-APP-199,Indiranagar,1,37049
2026-11-04,SMA-APP-202,Indiranagar,1,26199
2026-11-04,SMA-NOI-194,Indiranagar,1,3419
2026-11-04,SMA-XIA-111,Indiranagar,1,65599
2026-11-04,TEL-SAM-128,Indiranagar,2,119499
2026-11-04,TEL-SON-130,Indiranagar,1,56049
2026-11-04,TEL-TCL-131,Indiranagar,1,36859
2026-11-04,WAS-IFB-162,Indiranagar,1,16699
2026-11-04,WAS-LG-160,Indiranagar,1,40199
2026-11-04,WAS-WHI-161,Indiranagar,3,17599
2026-11-04,ACC-BEL-234,Jayanagar,1,1349
2026-11-04,AIR-LG-170,Jayanagar,1,32399
2026-11-04,CAM-NIK-217,Jayanagar,2,53279
2026-11-04,CAM-SON-208,Jayanagar,1,102124
2026-11-04,GAM-MIC-230,Jayanagar,1,27269
2026-11-04,GAM-SON-219,Jayanagar,1,51399
2026-11-04,GAM-SON-222,Jayanagar,1,54699
2026-11-04,HEA-BOA-183,Jayanagar,1,4899
2026-11-04,HEA-BOS-186,Jayanagar,1,14489
2026-11-04,HEA-BOS-190,Jayanagar,1,28799
2026-11-04,HEA-JBL-185,Jayanagar,1,11969
2026-11-04,HEA-JBL-187,Jayanagar,1,23899
2026-11-04,LAP-ACE-118,Jayanagar,1,52199
2026-11-04,LAP-I5-G13,Jayanagar,1,56990
2026-11-04,LAP-LEN-125,Jayanagar,1,79699
2026-11-04,LAP-LEN-126,Jayanagar,1,110299
2026-11-04,REF-DD-190,Jayanagar,1,14715
2026-11-04,REF-GOD-143,Jayanagar,1,51299
2026-11-04,REF-GOD-148,Jayanagar,1,65799
2026-11-04,REF-LG-149,Jayanagar,1,26314
2026-11-04,REF-LG-152,Jayanagar,1,75799
2026-11-04,SMA-AMA-192,Jayanagar,1,40299
2026-11-04,SMA-APP-199,Jayanagar,1,38999
2026-11-04,SMA-NOI-195,Jayanagar,1,28799
2026-11-04,SMA-ONE-107,Jayanagar,1,59849
2026-11-04,SMA-SAM-108,Jayanagar,2,52439
2026-11-04,SMA-SAM-113,Jayanagar,2,51199
2026-11-04,SMA-SAM-193,Jayanagar,1,11499
2026-11-04,SMA-VIV-102,Jayanagar,1,31859
2026-11-04,SMA-XIA-111,Jayanagar,2,59039
2026-11-04,TEL-LG-138,Jayanagar,1,90699
2026-11-04,TEL-SAM-128,Jayanagar,2,107549
2026-11-04,TEL-SON-139,Jayanagar,1,73299
2026-11-04,TEL-XIA-132,Jayanagar,1,107599
2026-11-04,TEL-XIA-134,Jayanagar,1,107999
2026-11-04,TEL-XIA-136,Jayanagar,1,49409
2026-11-04,WAS-IFB-162,Jayanagar,3,16699
2026-11-04,WAS-LG-155,Jayanagar,1,43999
2026-11-04,WAS-SAM-163,Jayanagar,2,39804
2026-11-04,WAS-WHI-164,Jayanagar,1,16244
2026-11-04,WM-FL-8KG,Jayanagar,2,36990
2026-11-04,ACC-ANK-233,Koramangala,1,3399
2026-11-04,ACC-BEL-234,Koramangala,1,1349
2026-11-04,ACC-POR-235,Koramangala,1,599
2026-11-04,ACC-POR-236,Koramangala,1,499
2026-11-04,AIR-LG-170,Koramangala,1,29159
2026-11-04,CAM-CAN-207,Koramangala,1,96199
2026-11-04,CAM-CAN-210,Koramangala,2,79704
2026-11-04,CAM-CAN-213,Koramangala,2,56619
2026-11-04,CAM-NIK-215,Koramangala,1,38519
2026-11-04,GAM-MIC-223,Koramangala,1,43559
2026-11-04,GAM-MIC-225,Koramangala,1,52399
2026-11-04,GAM-NIN-226,Koramangala,1,34099
2026-11-04,HEA-BOS-181,Koramangala,1,9404
2026-11-04,HEA-JBL-182,Koramangala,1,22409
2026-11-04,HEA-SON-188,Koramangala,1,4369
2026-11-04,LAP-ASU-120,Koramangala,1,73979
2026-11-04,LAP-DEL-121,Koramangala,1,64299
2026-11-04,LAP-LEN-125,Koramangala,1,79699
2026-11-04,REF-LG-149,Koramangala,1,27699
2026-11-04,SMA-NOI-194,Koramangala,1,3599
2026-11-04,SMA-SAM-113,Koramangala,1,51199
2026-11-04,SMA-SAM-193,Koramangala,1,10924
2026-11-04,TEL-SON-135,Koramangala,1,44174
2026-11-04,TEL-TCL-131,Koramangala,1,34919
2026-11-04,TEL-XIA-127,Koramangala,2,17479
2026-11-04,TEL-XIA-132,Koramangala,7,96839
2026-11-04,TEL-XIA-134,Koramangala,1,119999
2026-11-04,TV-55Q7,Koramangala,3,58990
2026-11-04,WAS-SAM-156,Koramangala,1,27199
2026-11-04,ACC-MI-243,Malleshwaram,1,2599
2026-11-04,ACC-POR-241,Malleshwaram,1,1519
2026-11-04,AIR-DAI-172,Malleshwaram,1,58799
2026-11-04,AIR-DAI-176,Malleshwaram,1,46999
2026-11-04,AIR-LG-166,Malleshwaram,1,45449
2026-11-04,AIR-LG-168,Malleshwaram,1,32999
2026-11-04,AIR-LG-170,Malleshwaram,2,32399
2026-11-04,AIR-VOL-177,Malleshwaram,3,34099
2026-11-04,CAM-CAN-206,Malleshwaram,1,67199
2026-11-04,CAM-CAN-207,Malleshwaram,1,91389
2026-11-04,CAM-NIK-209,Malleshwaram,1,68599
2026-11-04,CAM-NIK-215,Malleshwaram,2,38519
2026-11-04,CAM-NIK-217,Malleshwaram,2,59199
2026-11-04,GAM-SON-221,Malleshwaram,1,43599
2026-11-04,GAM-SON-222,Malleshwaram,1,54699
2026-11-04,HEA-BOS-181,Malleshwaram,1,9899
2026-11-04,HEA-JBL-180,Malleshwaram,1,20099
2026-11-04,HEA-JBL-187,Malleshwaram,1,21509
2026-11-04,HP-ANC-700,Malleshwaram,1,19990
2026-11-04,LAP-ACE-118,Malleshwaram,2,52199
2026-11-04,LAP-ASU-120,Malleshwaram,2,78089
2026-11-04,LAP-DEL-123,Malleshwaram,1,99899
2026-11-04,LAP-HP-114,Malleshwaram,1,45899
2026-11-04,LAP-LEN-125,Malleshwaram,1,79699
2026-11-04,REF-GOD-140,Malleshwaram,2,30099
2026-11-04,REF-GOD-143,Malleshwaram,1,46169
2026-11-04,REF-GOD-148,Malleshwaram,2,65799
2026-11-04,REF-LG-152,Malleshwaram,2,75799
2026-11-04,REF-WHI-145,Malleshwaram,1,51299
2026-11-04,SMA-AMA-203,Malleshwaram,1,12899
2026-11-04,SMA-APP-110,Malleshwaram,1,25399
2026-11-04,SMA-NOI-200,Malleshwaram,1,30299
2026-11-04,SMA-ONE-106,Malleshwaram,1,80084
2026-11-04,SMA-SAM-108,Malleshwaram,1,55199
2026-11-04,SMA-SAM-112,Malleshwaram,1,52344
2026-11-04,SMA-SAM-196,Malleshwaram,1,18999
2026-11-04,SMA-XIA-111,Malleshwaram,1,62319
2026-11-04,TEL-SAM-133,Malleshwaram,2,48899
2026-11-04,TEL-SON-135,Malleshwaram,2,46499
2026-11-04,TEL-SON-139,Malleshwaram,1,69634
2026-11-04,TEL-XIA-127,Malleshwaram,1,16559
2026-11-04,TEL-XIA-132,Malleshwaram,1,107599
2026-11-04,TEL-XIA-136,Malleshwaram,1,49409
2026-11-04,TV-65U8,Malleshwaram,1,64990
2026-11-04,WAS-BOS-165,Malleshwaram,3,38069
2026-11-04,WAS-IFB-159,Malleshwaram,2,32964
2026-11-04,WAS-IFB-162,Malleshwaram,1,16699
2026-11-04,WAS-LG-160,Malleshwaram,2,36179
2026-11-04,WAS-SAM-163,Malleshwaram,1,37709
2026-11-04,ACC-BEL-234,Whitefield,1,1499
2026-11-04,AIR-LG-168,Whitefield,1,29699
2026-11-04,CAM-CAN-206,Whitefield,1,67199
2026-11-04,CAM-CAN-214,Whitefield,1,57299
2026-11-04,CAM-NIK-212,Whitefield,1,99499
2026-11-04,CAM-SON-205,Whitefield,1,51839
2026-11-04,GAM-MIC-227,Whitefield,2,44899
2026-11-04,GAM-NIN-229,Whitefield,1,47689
2026-11-04,GAM-SON-219,Whitefield,1,51399
2026-11-04,GAM-SON-221,Whitefield,1,43599
2026-11-04,HEA-BOS-181,Whitefield,1,9404
2026-11-04,HEA-BOS-190,Whitefield,1,27359
2026-11-04,HEA-JBL-180,Whitefield,1,18089
2026-11-04,HEA-JBL-184,Whitefield,1,23399
2026-11-04,LAP-DEL-121,Whitefield,1,64299
2026-11-04,LAP-DEL-122,Whitefield,1,84959
2026-11-04,LAP-I5-G12,Whitefield,1,56990
2026-11-04,REF-LG-149,Whitefield,3,27699
2026-11-04,REF-LG-150,Whitefield,1,49399
2026-11-04,REF-SAM-147,Whitefield,1,45199
2026-11-04,SMA-AMA-192,Whitefield,1,40299
2026-11-04,SMA-APP-109,Whitefield,1,41229
2026-11-04,SMA-APP-110,Whitefield,1,22859
2026-11-04,SMA-APP-198,Whitefield,1,26099
2026-11-04,SMA-APP-199,Whitefield,1,35099
2026-11-04,SMA-APP-202,Whitefield,1,24889
2026-11-04,SMA-NOI-195,Whitefield,1,28799
2026-11-04,SMA-NOI-197,Whitefield,1,7979
2026-11-04,SMA-ONE-103,Whitefield,1,28499
2026-11-04,SMA-ONE-105,Whitefield,1,49799
2026-11-04,SMA-SAM-108,Whitefield,1,55199
2026-11-04,SMA-XIA-104,Whitefield,3,69064
2026-11-04,TEL-SON-130,Whitefield,1,56049
2026-11-04,TEL-SON-139,Whitefield,1,73299
2026-11-04,TV-65U8,Whitefield,1,64990
2026-11-04,WAS-IFB-153,Whitefield,1,22499
2026-11-04,WAS-LG-160,Whitefield,1,36179
2026-11-04,WAS-SAM-156,Whitefield,1,25839
2026-11-04,WAS-WHI-154,Whitefield,1,48399
2026-11-05,ACC-ANK-239,HSR Layout,2,1199
2026-11-05,AIR-BLU-167,HSR Layout,1,55439
2026-11-05,AIR-DAI-172,HSR Layout,2,58799
2026-11-05,AIR-LG-170,HSR Layout,1,30779
2026-11-05,AIR-LG-175,HSR Layout,2,41219
2026-11-05,CAM-NIK-211,HSR Layout,1,105599
2026-11-05,CAM-NIK-212,HSR Layout,1,99499
2026-11-05,CAM-NIK-217,HSR Layout,1,53279
2026-11-05,CAM-SON-208,HSR Layout,1,107499
2026-11-05,GAM-NIN-228,HSR Layout,2,47309
2026-11-05,HEA-BOA-191,HSR Layout,2,24999
2026-11-05,HEA-BOS-186,HSR Layout,1,14489
2026-11-05,HEA-JBL-182,HSR Layout,2,24899
2026-11-05,HP-ANC-700,HSR Layout,1,19990
2026-11-05,LAP-HP-119,HSR Layout,1,66879
2026-11-05,LAP-LEN-125,HSR Layout,1,71729
2026-11-05,REF-LG-141,HSR Layout,1,76409
2026-11-05,REF-LG-144,HSR Layout,1,32599
2026-11-05,REF-WHI-145,HSR Layout,1,56999
2026-11-05,SMA-AMA-192,HSR Layout,1,40299
2026-11-05,SMA-APP-198,HSR Layout,1,26099
2026-11-05,SMA-NOI-195,HSR Layout,2,28799
2026-11-05,SW-FIT-3,HSR Layout,2,8999
2026-11-05,TEL-LG-138,HSR Layout,1,90699
2026-11-05,TEL-TCL-137,HSR Layout,2,91864
2026-11-05,TEL-XIA-132,HSR Layout,2,96839
2026-11-05,TEL-XIA-136,HSR Layout,2,54899
2026-11-05,TV-55Q7,HSR Layout,2,58990
2026-11-05,WAS-BOS-165,HSR Layout,1,38069
2026-11-05,WAS-IFB-159,HSR Layout,1,34699
2026-11-05,WAS-WHI-154,HSR Layout,2,48399
2026-11-05,ACC-ANK-232,Indiranagar,1,2599
2026-11-05,ACC-ANK-237,Indiranagar,1,2899
2026-11-05,ACC-ANK-239,Indiranagar,1,1079
2026-11-05,ACC-BEL-231,Indiranagar,2,499
2026-11-05,ACC-MI-243,Indiranagar,2,2339
2026-11-05,ACC-POR-236,Indiranagar,1,499
2026-11-05,AIR-BLU-173,Indiranagar,1,55399
2026-11-05,CAM-CAN-207,Indiranagar,1,86579
2026-11-05,CAM-SON-205,Indiranagar,1,57599
2026-11-05,GAM-MIC-227,Indiranagar,1,42654
2026-11-05,GAM-MIC-230,Indiranagar,1,30299
2026-11-05,HEA-BOA-189,Indiranagar,1,21299
2026-11-05,HEA-JBL-180,Indiranagar,2,20099
2026-11-05,HEA-JBL-185,Indiranagar,1,12599
2026-11-05,HP-ANC-700,Indiranagar,4,19990
2026-11-05,LAP-ACE-118,Indiranagar,1,52199
2026-11-05,REF-GOD-143,Indiranagar,1,51299
2026-11-05,REF-LG-152,Indiranagar,1,72009
2026-11-05,SMA-NOI-194,Indiranagar,1,3599
2026-11-05,SMA-SAM-196,Indiranagar,1,18999
2026-11-05,SMA-SAM-201,Indiranagar,2,4844
2026-11-05,SMA-XIA-111,Indiranagar,1,59039
2026-11-05,TEL-LG-138,Indiranagar,2,86164
2026-11-05,TEL-SAM-133,Indiranagar,1,44009
2026-11-05,TEL-TCL-137,Indiranagar,2,96699
2026-11-05,TEL-XIA-132,Indiranagar,1,96839
2026-11-05,TEL-XIA-136,Indiranagar,1,54899
2026-11-05,WAS-IFB-153,Indiranagar,1,22499
2026-11-05,WAS-IFB-157,Indiranagar,1,30149
2026-11-05,WAS-IFB-159,Indiranagar,1,31229
2026-11-05,WAS-LG-160,Indiranagar,1,36179
2026-11-05,ACC-ANK-232,Jayanagar,2,2599
2026-11-05,ACC-ANK-233,Jayanagar,1,3059
2026-11-05,ACC-POR-235,Jayanagar,2,539
2026-11-05,AIR-BLU-178,Jayanagar,2,35279
2026-11-05,AIR-DAI-176,Jayanagar,1,46999
2026-11-05,AIR-VOL-177,Jayanagar,2,32394
2026-11-05,CAM-CAN-206,Jayanagar,2,67199
2026-11-05,CAM-SON-205,Jayanagar,1,57599
2026-11-05,CAM-SON-208,Jayanagar,1,107499
2026-11-05,GAM-MIC-230,Jayanagar,1,28784
2026-11-05,HEA-BOS-181,Jayanagar,1,9404
2026-11-05,HEA-JBL-184,Jayanagar,1,23399
2026-11-05,LAP-DEL-115,Jayanagar,2,112999
2026-11-05,LAP-DEL-121,Jayanagar,1,64299
2026-11-05,LAP-DEL-122,Jayanagar,2,94399
2026-11-05,LAP-DEL-123,Jayanagar,2,89909
2026-11-05,LAP-LEN-125,Jayanagar,1,75714
2026-11-05,REF-GOD-142,Jayanagar,1,40089
2026-11-05,REF-LG-150,Jayanagar,1,44459
2026-11-05,REF-LG-152,Jayanagar,1,75799
2026-11-05,REF-WHI-145,Jayanagar,1,56999
2026-11-05,SMA-AMA-192,Jayanagar,1,40299
2026-11-05,SMA-APP-199,Jayanagar,1,38999
2026-11-05,SMA-APP-204,Jayanagar,1,40374
2026-11-05,SMA-NOI-197,Jayanagar,2,7559
2026-11-05,SMA-ONE-106,Jayanagar,1,80084
2026-11-05,SMA-SAM-108,Jayanagar,2,49679
2026-11-05,TEL-SAM-133,Jayanagar,1,44009
2026-11-05,TEL-SON-139,Jayanagar,1,69634
2026-11-05,TV-55Q7,Jayanagar,1,53091
2026-11-05,WAS-BOS-165,Jayanagar,1,38069
2026-11-05,WAS-IFB-153,Jayanagar,2,21374
2026-11-05,WAS-IFB-162,Jayanagar,1,16699
2026-11-05,WAS-WHI-161,Jayanagar,1,17599
2026-11-05,WM-FL-8KG,Jayanagar,1,36990
2026-11-05,ACC-BEL-238,Koramangala,1,3039
2026-11-05,ACC-MI-240,Koramangala,1,3899
2026-11-05,ACC-MI-243,Koramangala,1,2599
2026-11-05,ACC-POR-235,Koramangala,1,599
2026-11-05,ACC-POR-236,Koramangala,1,499
2026-11-05,AIR-BLU-167,Koramangala,1,61599
2026-11-05,AIR-DAI-172,Koramangala,1,55859
2026-11-05,AIR-LG-170,Koramangala,1,30779
2026-11-05,CAM-CAN-210,Koramangala,2,79704
2026-11-05,CAM-SON-205,Koramangala,2,57599
2026-11-05,GAM-MIC-225,Koramangala,3,47159
2026-11-05,GAM-NIN-220,Koramangala,3,43599
2026-11-05,GAM-SON-219,Koramangala,1,51399
2026-11-05,GAM-SON-222,Koramangala,1,49229
2026-11-05,HEA-BOS-181,Koramangala,2,9899
2026-11-05,HEA-BOS-186,Koramangala,1,15294
2026-11-05,HEA-SON-188,Koramangala,1,4599
2026-11-05,LAP-ACE-118,Koramangala,2,49589
2026-11-05,LAP-ASU-120,Koramangala,2,73979
2026-11-05,REF-GOD-140,Koramangala,1,27089
2026-11-05,REF-GOD-143,Koramangala,1,51299
2026-11-05,REF-GOD-146,Koramangala,3,34399
2026-11-05,REF-LG-152,Koramangala,1,75799
2026-11-05,REF-SAM-147,Koramangala,2,45199
2026-11-05,REF-WHI-145,Koramangala,1,51299
2026-11-05,SMA-NOI-194,Koramangala,1,3599
2026-11-05,SMA-NOI-195,Koramangala,1,28799
2026-11-05,SMA-ONE-106,Koramangala,1,84299
2026-11-05,SMA-SAM-101,Koramangala,1,44269
2026-11-05,SMA-SAM-112,Koramangala,1,55099
2026-11-05,SMA-SAM-193,Koramangala,3,11499
2026-11-05,SMA-XIA-111,Koramangala,2,59039
2026-11-05,TEL-LG-138,Koramangala,2,81629
2026-11-05,TEL-XIA-127,Koramangala,2,18399
2026-11-05,TEL-XIA-132,Koramangala,2,107599
2026-11-05,TEL-XIA-134,Koramangala,1,119999
2026-11-05,TV-55Q7,Koramangala,2,58990
2026-11-05,TV-65U8,Koramangala,1,61740
2026-11-05,WAS-IFB-157,Koramangala,1,33499
2026-11-05,WAS-IFB-162,Koramangala,1,16699
2026-11-05,WAS-WHI-164,Koramangala,2,15389
2026-11-05,WM-FL-8KG,Koramangala,2,35140
2026-11-05,ACC-ANK-237,Malleshwaram,1,2899
2026-11-05,ACC-MI-243,Malleshwaram,1,2599
2026-11-05,AIR-BLU-178,Malleshwaram,1,39199
2026-11-05,AIR-LG-166,Malleshwaram,2,50499
2026-11-05,AIR-LG-170,Malleshwaram,1,32399
2026-11-05,AIR-VOL-174,Malleshwaram,1,33569
2026-11-05,AIR-VOL-177,Malleshwaram,1,34099
2026-11-05,CAM-CAN-206,Malleshwaram,2,67199
2026-11-05,GAM-NIN-226,Malleshwaram,1,32394
2026-11-05,GAM-SON-219,Malleshwaram,1,51399
2026-11-05,GAM-SON-221,Malleshwaram,1,41419
2026-11-05,HEA-BOA-191,Malleshwaram,1,24999
2026-11-05,HEA-JBL-185,Malleshwaram,2,12599
2026-11-05,HEA-JBL-187,Malleshwaram,1,22704
2026-11-05,HEA-SON-179,Malleshwaram,1,6599
2026-11-05,LAP-ACE-118,Malleshwaram,2,52199
2026-11-05,LAP-DEL-121,Malleshwaram,1,61084
2026-11-05,LAP-DEL-123,Malleshwaram,1,99899
2026-11-05,REF-GOD-140,Malleshwaram,2,28594
2026-11-05,SMA-APP-202,Malleshwaram,2,26199
2026-11-05,SMA-SAM-112,Malleshwaram,1,55099
2026-11-05,SMA-SAM-113,Malleshwaram,1,51199
2026-11-05,TEL-SON-130,Malleshwaram,1,58999
2026-11-05,TEL-TCL-131,Malleshwaram,1,34919
2026-11-05,TEL-XIA-127,Malleshwaram,1,18399
2026-11-05,TEL-XIA-136,Malleshwaram,1,54899
2026-11-05,WAS-IFB-159,Malleshwaram,1,32964
2026-11-05,WAS-LG-155,Malleshwaram,2,43999
2026-11-05,WAS-SAM-156,Malleshwaram,3,27199
2026-11-05,WAS-WHI-164,Malleshwaram,1,17099
2026-11-05,ACC-BEL-234,Whitefield,1,1349
2026-11-05,ACC-MI-243,Whitefield,1,2469
2026-11-05,ACC-POR-236,Whitefield,1,499
2026-11-05,ACC-POR-241,Whitefield,2,1439
2026-11-05,AIR-BLU-178,Whitefield,1,35279
2026-11-05,AIR-DAI-172,Whitefield,2,58799
2026-11-05,AIR-LG-168,Whitefield,1,31349
2026-11-05,AIR-LG-175,Whitefield,1,45799
2026-11-05,AIR-VOL-177,Whitefield,4,34099
2026-11-05,CAM-CAN-214,Whitefield,1,57299
2026-11-05,CAM-SON-205,Whitefield,1,51839
2026-11-05,GAM-MIC-223,Whitefield,1,48399
2026-11-05,GAM-MIC-227,Whitefield,3,40409
2026-11-05,GAM-NIN-220,Whitefield,1,43599
2026-11-05,GAM-NIN-224,Whitefield,1,31199
2026-11-05,GAM-SON-219,Whitefield,1,51399
2026-11-05,GAM-SON-222,Whitefield,1,54699
2026-11-05,HEA-BOA-191,Whitefield,1,24999
2026-11-05,HEA-JBL-182,Whitefield,1,22409
2026-11-05,HEA-JBL-187,Whitefield,1,23899
2026-11-05,HEA-SON-188,Whitefield,1,4599
2026-11-05,LAP-DEL-115,Whitefield,1,112999
2026-11-05,LAP-HP-119,Whitefield,1,70399
2026-11-05,LAP-LEN-117,Whitefield,1,58999
2026-11-05,LAP-LEN-125,Whitefield,2,79699
2026-11-05,REF-GOD-140,Whitefield,1,28594
2026-11-05,REF-GOD-146,Whitefield,1,32679
2026-11-05,SMA-AMA-192,Whitefield,1,38284
2026-11-05,SMA-APP-109,Whitefield,1,43399
2026-11-05,SMA-SAM-101,Whitefield,1,46599
2026-11-05,SMA-SAM-113,Whitefield,1,51199
2026-11-05,SMA-XIA-104,Whitefield,1,72699
2026-11-05,TEL-LG-138,Whitefield,2,86164
2026-11-05,TEL-SAM-128,Whitefield,1,119499
2026-11-05,TEL-SON-135,Whitefield,1,46499
2026-11-05,TEL-XIA-132,Whitefield,1,102219
2026-11-05,TEL-XIA-136,Whitefield,3,54899
2026-11-05,TV-55Q7,Whitefield,1,58990
2026-11-05,WAS-WHI-164,Whitefield,2,17099
2026-11-06,ACC-BEL-231,HSR Layout,1,474
2026-11-06,ACC-BEL-238,HSR Layout,1,3039
2026-11-06,ACC-POR-242,HSR Layout,1,1424
2026-11-06,AIR-BLU-167,HSR Layout,1,58519
2026-11-06,AIR-LG-169,HSR Layout,1,32099
2026-11-06,AIR-LG-170,HSR Layout,1,32399
2026-11-06,AIR-VOL-174,HSR Layout,1,37299
2026-11-06,CAM-CAN-210,HSR Layout,1,75509
2026-11-06,CAM-NIK-211,HSR Layout,1,105599
2026-11-06,CAM-SON-205,HSR Layout,2,57599
2026-11-06,GAM-MIC-218,HSR Layout,1,50999
2026-11-06,GAM-MIC-230,HSR Layout,1,30299
2026-11-06,GAM-NIN-228,HSR Layout,1,49799
2026-11-06,HEA-BOS-190,HSR Layout,1,28799
2026-11-06,HEA-JBL-182,HSR Layout,1,23654
2026-11-06,HEA-SON-179,HSR Layout,1,6599
2026-11-06,HP-ANC-700,HSR Layout,2,18990
2026-11-06,LAP-HP-119,HSR Layout,3,70399
2026-11-06,LAP-I5-G12,HSR Layout,1,56990
2026-11-06,REF-GOD-140,HSR Layout,1,27089
2026-11-06,REF-GOD-142,HSR Layout,1,40089
2026-11-06,REF-LG-141,HSR Layout,2,84899
2026-11-06,REF-LG-151,HSR Layout,1,57499
2026-11-06,REF-WHI-145,HSR Layout,1,54149
2026-11-06,SMA-APP-199,HSR Layout,1,35099
2026-11-06,SMA-APP-204,HSR Layout,2,40374
2026-11-06,SMA-NOI-194,HSR Layout,1,3599
2026-11-06,SMA-NOI-195,HSR Layout,1,28799
2026-11-06,SMA-SAM-101,HSR Layout,1,44269
2026-11-06,SMA-SAM-112,HSR Layout,1,52344
2026-11-06,TEL-SON-135,HSR Layout,2,41849
2026-11-06,TEL-TCL-129,HSR Layout,1,105299
2026-11-06,TEL-TCL-131,HSR Layout,1,36859
2026-11-06,TEL-TCL-137,HSR Layout,1,87029
2026-11-06,TEL-XIA-136,HSR Layout,2,49409
2026-11-06,TV-55Q7,HSR Layout,3,58990
2026-11-06,WAS-IFB-153,HSR Layout,1,21374
2026-11-06,ACC-ANK-237,Indiranagar,1,2754
2026-11-06,AIR-LG-166,Indiranagar,1,45449
2026-11-06,CAM-CAN-207,Indiranagar,1,86579
2026-11-06,CAM-CAN-210,Indiranagar,1,79704
2026-11-06,CAM-SON-208,Indiranagar,1,107499
2026-11-06,GAM-NIN-226,Indiranagar,2,34099
2026-11-06,HEA-BOA-183,Indiranagar,1,4654
2026-11-06,HEA-BOA-189,Indiranagar,3,20234
2026-11-06,HEA-BOS-181,Indiranagar,2,9899
2026-11-06,HEA-JBL-185,Indiranagar,1,12599
2026-11-06,HP-ANC-700,Indiranagar,1,19990
2026-11-06,LAP-ACE-118,Indiranagar,3,52199
2026-11-06,LAP-DEL-124,Indiranagar,1,71009
2026-11-06,LAP-LEN-125,Indiranagar,1,75714
2026-11-06,REF-GOD-142,Indiranagar,2,40089
2026-11-06,REF-GOD-146,Indiranagar,1,32679
2026-11-06,REF-LG-152,Indiranagar,1,75799
2026-11-06,SMA-NOI-197,Indiranagar,1,8399
2026-11-06,SMA-NOI-200,Indiranagar,1,30299
2026-11-06,SMA-ONE-106,Indiranagar,1,84299
2026-11-06,SMA-SAM-101,Indiranagar,1,46599
2026-11-06,SMA-VIV-102,Indiranagar,1,35399
2026-11-06,TEL-LG-138,Indiranagar,1,90699
2026-11-06,TEL-SAM-133,Indiranagar,1,46454
2026-11-06,TEL-TCL-131,Indiranagar,2,38799
2026-11-06,TEL-XIA-136,Indiranagar,1,54899
2026-11-06,WAS-IFB-159,Indiranagar,2,34699
2026-11-06,WAS-LG-160,Indiranagar,1,38189
2026-11-06,WAS-SAM-163,Indiranagar,1,41899
2026-11-06,WAS-WHI-164,Indiranagar,1,16244
2026-11-06,ACC-BEL-238,Jayanagar,1,3039
2026-11-06,ACC-MI-240,Jayanagar,1,3899
2026-11-06,ACC-MI-243,Jayanagar,2,2339
2026-11-06,ACC-POR-235,Jayanagar,1,539
2026-11-06,AIR-LG-169,Jayanagar,1,30494
2026-11-06,AIR-VOL-174,Jayanagar,1,37299
2026-11-06,AIR-VOL-177,Jayanagar,2,34099
2026-11-06,CAM-NIK-216,Jayanagar,1,86199
2026-11-06,GAM-NIN-220,Jayanagar,1,43599
2026-11-06,HEA-BOA-191,Jayanagar,1,24999
2026-11-06,HEA-BOS-181,Jayanagar,2,8909
2026-11-06,HEA-BOS-186,Jayanagar,1,14489
2026-11-06,HEA-JBL-182,Jayanagar,2,22409
2026-11-06,HEA-JBL-187,Jayanagar,1,23899
2026-11-06,LAP-DEL-123,Jayanagar,1,99899
2026-11-06,LAP-HP-114,Jayanagar,1,45899
2026-11-06,LAP-HP-119,Jayanagar,1,63359
2026-11-06,LAP-I5-G13,Jayanagar,2,53991
2026-11-06,LAP-LEN-126,Jayanagar,1,110299
2026-11-06,REF-GOD-140,Jayanagar,2,30099
2026-11-06,REF-LG-150,Jayanagar,1,46929
2026-11-06,REF-LG-152,Jayanagar,1,68219
2026-11-06,REF-WHI-145,Jayanagar,4,54149
2026-11-06,SMA-AMA-192,Jayanagar,1,38284
2026-11-06,SMA-APP-109,Jayanagar,1,43399
2026-11-06,SMA-NOI-195,Jayanagar,1,28799
2026-11-06,SMA-SAM-108,Jayanagar,1,55199
2026-11-06,SMA-SAM-113,Jayanagar,1,51199
2026-11-06,SMA-SAM-193,Jayanagar,1,11499
2026-11-06,SMA-XIA-104,Jayanagar,1,72699
2026-11-06,SMA-XIA-111,Jayanagar,1,65599
2026-11-06,TEL-SAM-128,Jayanagar,1,119499
2026-11-06,TEL-XIA-132,Jayanagar,1,102219
2026-11-06,TEL-XIA-134,Jayanagar,1,119999
2026-11-06,TEL-XIA-136,Jayanagar,1,54899
2026-11-06,WAS-IFB-162,Jayanagar,1,16699
2026-11-06,WAS-LG-160,Jayanagar,1,36179
2026-11-06,WAS-WHI-161,Jayanagar,2,17599
2026-11-06,WM-FL-8KG,Jayanagar,3,35140
2026-11-06,ACC-BEL-231,Koramangala,1,499
2026-11-06,ACC-BEL-238,Koramangala,2,3199
2026-11-06,ACC-POR-242,Koramangala,1,1499
2026-11-06,AIR-DAI-176,Koramangala,1,44649
2026-11-06,CAM-CAN-213,Koramangala,1,56619
2026-11-06,CAM-NIK-209,Koramangala,1,68599
2026-11-06,CAM-NIK-217,Koramangala,1,59199
2026-11-06,CAM-SON-208,Koramangala,1,107499
2026-11-06,GAM-MIC-223,Koramangala,1,45979
2026-11-06,GAM-MIC-225,Koramangala,3,49779
2026-11-06,GAM-MIC-227,Koramangala,1,40409
2026-11-06,GAM-NIN-229,Koramangala,2,47689
2026-11-06,HEA-BOA-191,Koramangala,1,24999
2026-11-06,HEA-JBL-184,Koramangala,1,21059
2026-11-06,LAP-DEL-122,Koramangala,1,94399
2026-11-06,REF-GOD-143,Koramangala,1,48734
2026-11-06,REF-LG-149,Koramangala,1,27699
2026-11-06,REF-SAM-147,Koramangala,2,45199
2026-11-06,SMA-AMA-203,Koramangala,1,12254
2026-11-06,SMA-SAM-113,Koramangala,2,51199
2026-11-06,SW-FIT-3,Koramangala,1,8549
2026-11-06,TEL-SON-135,Koramangala,1,46499
2026-11-06,TEL-TCL-131,Koramangala,1,38799
2026-11-06,TEL-XIA-127,Koramangala,2,16559
2026-11-06,TEL-XIA-132,Koramangala,3,107599
2026-11-06,TV-55Q7,Koramangala,2,58990
2026-11-06,TV-65U8,Koramangala,1,64990
2026-11-06,WAS-BOS-165,Koramangala,4,42299
2026-11-06,WAS-WHI-154,Koramangala,1,48399
2026-11-06,WAS-WHI-161,Koramangala,1,17599
2026-11-06,WAS-WHI-164,Koramangala,1,17099
2026-11-06,WM-FL-8KG,Koramangala,1,33291
2026-11-06,ACC-BEL-238,Malleshwaram,2,3199
2026-11-06,AIR-BLU-173,Malleshwaram,1,49859
2026-11-06,AIR-DAI-172,Malleshwaram,1,58799
2026-11-06,AIR-DAI-176,Malleshwaram,1,46999
2026-11-06,AIR-LG-166,Malleshwaram,1,50499
2026-11-06,AIR-LG-168,Malleshwaram,1,31349
2026-11-06,AIR-LG-170,Malleshwaram,1,29159
2026-11-06,AIR-LG-171,Malleshwaram,1,57699
2026-11-06,CAM-CAN-206,Malleshwaram,2,67199
2026-11-06,CAM-NIK-209,Malleshwaram,1,65169
2026-11-06,CAM-NIK-215,Malleshwaram,2,38519
2026-11-06,CAM-NIK-216,Malleshwaram,1,86199
2026-11-06,GAM-MIC-223,Malleshwaram,1,48399
2026-11-06,GAM-MIC-225,Malleshwaram,1,47159
2026-11-06,GAM-NIN-226,Malleshwaram,1,32394
2026-11-06,GAM-SON-221,Malleshwaram,2,43599
2026-11-06,HEA-BOA-189,Malleshwaram,1,20234
2026-11-06,HEA-BOS-190,Malleshwaram,3,27359
2026-11-06,HEA-JBL-187,Malleshwaram,1,23899
2026-11-06,HEA-SON-179,Malleshwaram,1,6599
2026-11-06,LAP-ASU-120,Malleshwaram,1,73979
2026-11-06,LAP-DEL-115,Malleshwaram,1,112999
2026-11-06,LAP-DEL-123,Malleshwaram,3,99899
2026-11-06,LAP-HP-119,Malleshwaram,1,70399
2026-11-06,LAP-LEN-125,Malleshwaram,2,79699
2026-11-06,REF-LG-150,Malleshwaram,1,49399
2026-11-06,REF-LG-152,Malleshwaram,1,75799
2026-11-06,SMA-APP-109,Malleshwaram,1,43399
2026-11-06,SMA-APP-199,Malleshwaram,1,38999
2026-11-06,SMA-APP-204,Malleshwaram,1,38249
2026-11-06,SMA-NOI-197,Malleshwaram,3,8399
2026-11-06,SMA-ONE-103,Malleshwaram,1,28499
2026-11-06,SMA-ONE-105,Malleshwaram,1,47309
2026-11-06,SMA-ONE-106,Malleshwaram,1,84299
2026-11-06,SMA-ONE-107,Malleshwaram,1,66499
2026-11-06,SMA-SAM-196,Malleshwaram,1,18049
2026-11-06,SMA-XIA-111,Malleshwaram,1,65599
2026-11-06,TEL-SAM-133,Malleshwaram,1,48899
2026-11-06,TEL-SON-135,Malleshwaram,2,46499
2026-11-06,TEL-SON-139,Malleshwaram,1,73299
2026-11-06,TEL-XIA-127,Malleshwaram,2,18399
2026-11-06,WAS-BOS-165,Malleshwaram,3,42299
2026-11-06,WAS-IFB-157,Malleshwaram,1,33499
2026-11-06,WAS-IFB-159,Malleshwaram,1,34699
2026-11-06,WAS-LG-155,Malleshwaram,1,43999
2026-11-06,WAS-SAM-163,Malleshwaram,2,41899
2026-11-06,WAS-WHI-161,Malleshwaram,1,17599
2026-11-06,ACC-ANK-233,Whitefield,1,3059
2026-11-06,ACC-BEL-231,Whitefield,1,499
2026-11-06,ACC-BEL-234,Whitefield,1,1499
2026-11-06,ACC-MI-243,Whitefield,1,2469
2026-11-06,ACC-POR-236,Whitefield,1,474
2026-11-06,ACC-POR-241,Whitefield,1,1599
2026-11-06,AIR-DAI-172,Whitefield,1,58799
2026-11-06,AIR-LG-169,Whitefield,1,30494
2026-11-06,AIR-VOL-177,Whitefield,2,30689
2026-11-06,CAM-CAN-210,Whitefield,1,75509
2026-11-06,CAM-SON-208,Whitefield,1,96749
2026-11-06,GAM-MIC-227,Whitefield,1,44899
2026-11-06,HEA-BOA-191,Whitefield,1,24999
2026-11-06,HEA-JBL-180,Whitefield,1,20099
2026-11-06,HEA-SON-188,Whitefield,2,4369
2026-11-06,LAP-ASU-120,Whitefield,1,82199
2026-11-06,LAP-DEL-124,Whitefield,1,78899
2026-11-06,LAP-I5-G13,Whitefield,1,53991
2026-11-06,LAP-LEN-116,Whitefield,1,90399
2026-11-06,LAP-LEN-125,Whitefield,2,75714
2026-11-06,REF-GOD-140,Whitefield,1,30099
2026-11-06,REF-GOD-146,Whitefield,2,32679
2026-11-06,REF-LG-152,Whitefield,1,75799
2026-11-06,REF-WHI-145,Whitefield,1,51299
2026-11-06,SMA-AMA-203,Whitefield,1,12899
2026-11-06,SMA-APP-109,Whitefield,1,43399
2026-11-06,SMA-APP-110,Whitefield,1,25399
2026-11-06,SMA-APP-198,Whitefield,1,26099
2026-11-06,SMA-APP-199,Whitefield,2,38999
2026-11-06,SMA-APP-202,Whitefield,1,26199
2026-11-06,SMA-APP-204,Whitefield,1,42499
2026-11-06,SMA-NOI-195,Whitefield,1,28799
2026-11-06,SMA-ONE-103,Whitefield,1,28499
2026-11-06,SMA-VIV-102,Whitefield,1,35399
2026-11-06,TEL-LG-138,Whitefield,1,90699
2026-11-06,TEL-SON-130,Whitefield,1,58999
2026-11-06,TEL-SON-139,Whitefield,2,73299
2026-11-06,WAS-IFB-153,Whitefield,2,22499
2026-11-06,WAS-WHI-154,Whitefield,2,43559
2026-11-07,ACC-BEL-231,HSR Layout,1,474
2026-11-07,ACC-BEL-234,HSR Layout,1,1499
2026-11-07,ACC-POR-241,HSR Layout,1,1599
2026-11-07,AIR-BLU-167,HSR Layout,2,55439
2026-11-07,AIR-BLU-173,HSR Layout,1,55399
2026-11-07,AIR-LG-168,HSR Layout,1,32999
2026-11-07,CAM-CAN-207,HSR Layout,1,96199
2026-11-07,CAM-CAN-213,HSR Layout,1,56619
2026-11-07,CAM-NIK-209,HSR Layout,1,68599
2026-11-07,CAM-NIK-215,HSR Layout,1,42799
2026-11-07,CAM-SON-205,HSR Layout,4,57599
2026-11-07,CAM-SON-208,HSR Layout,1,102124
2026-11-07,GAM-MIC-223,HSR Layout,1,48399
2026-11-07,GAM-NIN-224,HSR Layout,1,31199
2026-11-07,GAM-NIN-228,HSR Layout,2,49799
2026-11-07,GAM-SON-222,HSR Layout,1,54699
2026-11-07,HEA-BOA-183,HSR Layout,1,4409
2026-11-07,HEA-BOA-189,HSR Layout,1,20234
2026-11-07,HEA-BOA-191,HSR Layout,2,23749
2026-11-07,HEA-BOS-190,HSR Layout,1,28799
2026-11-07,HEA-JBL-182,HSR Layout,2,24899
2026-11-07,HEA-SON-179,HSR Layout,2,6599
2026-11-07,HP-ANC-700,HSR Layout,1,19990
2026-11-07,LAP-HP-114,HSR Layout,1,43604
2026-11-07,LAP-HP-119,HSR Layout,2,70399
2026-11-07,LAP-LEN-116,HSR Layout,1,85879
2026-11-07,LAP-LEN-125,HSR Layout,1,71729
2026-11-07,REF-GOD-142,HSR Layout,1,42199
2026-11-07,REF-LG-141,HSR Layout,1,84899
2026-11-07,REF-LG-144,HSR Layout,2,32599
2026-11-07,REF-LG-150,HSR Layout,1,49399
2026-11-07,SMA-AMA-192,HSR Layout,2,40299
2026-11-07,SMA-APP-109,HSR Layout,1,43399
2026-11-07,SMA-APP-202,HSR Layout,1,26199
2026-11-07,SMA-NOI-194,HSR Layout,1,3419
2026-11-07,SMA-NOI-195,HSR Layout,5,25919
2026-11-07,SMA-ONE-107,HSR Layout,1,66499
2026-11-07,SMA-SAM-101,HSR Layout,3,46599
2026-11-07,SMA-SAM-112,HSR Layout,1,55099
2026-11-07,SMA-XIA-104,HSR Layout,2,72699
2026-11-07,SW-FIT-3,HSR Layout,2,8999
2026-11-07,TEL-SON-130,HSR Layout,3,58999
2026-11-07,TEL-TCL-131,HSR Layout,1,38799
2026-11-07,TEL-TCL-137,HSR Layout,3,96699
2026-11-07,TEL-XIA-127,HSR Layout,2,18399
2026-11-07,TEL-XIA-132,HSR Layout,2,107599
2026-11-07,TEL-XIA-134,HSR Layout,1,119999
2026-11-07,TV-65U8,HSR Layout,1,58491
2026-11-07,WAS-BOS-165,HSR Layout,1,40184
2026-11-07,WAS-IFB-153,HSR Layout,1,22499
2026-11-07,WAS-IFB-157,HSR Layout,1,33499
2026-11-07,WAS-IFB-159,HSR Layout,1,34699
2026-11-07,WAS-WHI-154,HSR Layout,3,48399
2026-11-07,WAS-WHI-164,HSR Layout,1,15389
2026-11-07,ACC-ANK-239,Indiranagar,1,1079
2026-11-07,ACC-MI-243,Indiranagar,3,2469
2026-11-07,ACC-POR-241,Indiranagar,2,1439
2026-11-07,ACC-POR-242,Indiranagar,1,1424
2026-11-07,AIR-BLU-173,Indiranagar,1,49859
2026-11-07,AIR-DAI-172,Indiranagar,1,58799
2026-11-07,CAM-CAN-206,Indiranagar,1,63839
2026-11-07,CAM-CAN-207,Indiranagar,3,91389
2026-11-07,CAM-CAN-213,Indiranagar,2,59599
2026-11-07,CAM-SON-205,Indiranagar,3,51839
2026-11-07,CAM-SON-208,Indiranagar,1,107499
2026-11-07,GAM-MIC-218,Indiranagar,1,45899
2026-11-07,GAM-MIC-227,Indiranagar,1,42654
2026-11-07,GAM-NIN-220,Indiranagar,2,43599
2026-11-07,GAM-NIN-226,Indiranagar,1,34099
2026-11-07,GAM-NIN-229,Indiranagar,2,47689
2026-11-07,HEA-BOA-189,Indiranagar,1,21299
2026-11-07,HEA-BOS-181,Indiranagar,2,8909
2026-11-07,HEA-BOS-190,Indiranagar,2,28799
2026-11-07,HEA-JBL-180,Indiranagar,2,20099
2026-11-07,HEA-JBL-185,Indiranagar,4,12599
2026-11-07,HEA-SON-179,Indiranagar,1,5939
2026-11-07,HEA-SON-188,Indiranagar,2,4599
2026-11-07,HP-ANC-700,Indiranagar,2,19990
2026-11-07,LAP-ACE-118,Indiranagar,1,52199
2026-11-07,LAP-DEL-122,Indiranagar,1,94399
2026-11-07,LAP-DEL-123,Indiranagar,1,94904
2026-11-07,LAP-HP-114,Indiranagar,1,45899
2026-11-07,LAP-I5-G13,Indiranagar,1,53991
2026-11-07,LAP-LEN-116,Indiranagar,1,90399
2026-11-07,LAP-LEN-126,Indiranagar,1,104784
2026-11-07,REF-GOD-146,Indiranagar,1,34399
2026-11-07,REF-LG-149,Indiranagar,1,24929
2026-11-07,REF-LG-152,Indiranagar,2,72009
2026-11-07,SMA-AMA-192,Indiranagar,1,36269
2026-11-07,SMA-APP-199,Indiranagar,2,38999
2026-11-07,SMA-NOI-200,Indiranagar,1,30299
2026-11-07,SMA-ONE-106,Indiranagar,1,80084
2026-11-07,SMA-SAM-113,Indiranagar,1,48639
2026-11-07,SMA-SAM-201,Indiranagar,1,5099
2026-11-07,TEL-SON-130,Indiranagar,1,58999
2026-11-07,TEL-TCL-137,Indiranagar,1,96699
2026-11-07,TEL-XIA-127,Indiranagar,1,18399
2026-11-07,TEL-XIA-132,Indiranagar,2,102219
2026-11-07,TEL-XIA-136,Indiranagar,1,49409
2026-11-07,TV-55Q7,Indiranagar,1,58990
2026-11-07,TV-65U8,Indiranagar,2,64990
2026-11-07,WAS-IFB-157,Indiranagar,1,33499
2026-11-07,WAS-LG-160,Indiranagar,1,40199
2026-11-07,ACC-ANK-232,Jayanagar,1,2599
2026-11-07,ACC-BEL-231,Jayanagar,1,449
2026-11-07,ACC-BEL-238,Jayanagar,1,3039
2026-11-07,ACC-MI-240,Jayanagar,1,3509
2026-11-07,ACC-MI-243,Jayanagar,1,2599
2026-11-07,AIR-LG-169,Jayanagar,1,30494
2026-11-07,AIR-LG-170,Jayanagar,2,32399
2026-11-07,AIR-LG-175,Jayanagar,1,45799
2026-11-07,CAM-CAN-207,Jayanagar,1,96199
2026-11-07,CAM-NIK-217,Jayanagar,2,59199
2026-11-07,GAM-NIN-220,Jayanagar,2,43599
2026-11-07,GAM-SON-222,Jayanagar,2,54699
2026-11-07,HEA-BOA-183,Jayanagar,2,4899
2026-11-07,HEA-BOA-189,Jayanagar,1,21299
2026-11-07,HEA-BOA-191,Jayanagar,1,23749
2026-11-07,HEA-BOS-181,Jayanagar,1,9899
2026-11-07,LAP-ACE-118,Jayanagar,1,49589
2026-11-07,LAP-ASU-120,Jayanagar,1,73979
2026-11-07,LAP-DEL-115,Jayanagar,1,112999
2026-11-07,LAP-DEL-122,Jayanagar,1,94399
2026-11-07,LAP-DEL-124,Jayanagar,1,78899
2026-11-07,REF-LG-149,Jayanagar,1,24929
2026-11-07,REF-LG-150,Jayanagar,1,49399
2026-11-07,REF-LG-151,Jayanagar,4,57499
2026-11-07,SMA-AMA-192,Jayanagar,3,40299
2026-11-07,SMA-APP-199,Jayanagar,2,38999
2026-11-07,SMA-APP-204,Jayanagar,1,42499
2026-11-07,SMA-ONE-106,Jayanagar,1,75869
2026-11-07,SMA-ONE-107,Jayanagar,1,66499
2026-11-07,SMA-SAM-101,Jayanagar,1,44269
2026-11-07,SMA-SAM-193,Jayanagar,2,11499
2026-11-07,SMA-XIA-111,Jayanagar,1,65599
2026-11-07,TEL-SON-139,Jayanagar,1,73299
2026-11-07,TEL-XIA-134,Jayanagar,1,113999
2026-11-07,TEL-XIA-136,Jayanagar,1,52154
2026-11-07,WAS-BOS-165,Jayanagar,1,40184
2026-11-07,WAS-IFB-153,Jayanagar,2,22499
2026-11-07,WAS-IFB-157,Jayanagar,1,33499
2026-11-07,WAS-IFB-162,Jayanagar,1,16699
2026-11-07,WAS-LG-155,Jayanagar,1,41799
2026-11-07,WAS-LG-160,Jayanagar,3,40199
2026-11-07,ACC-BEL-231,Koramangala,1,474
2026-11-07,ACC-BEL-238,Koramangala,1,2879
2026-11-07,ACC-POR-235,Koramangala,1,599
2026-11-07,ACC-POR-236,Koramangala,1,449
2026-11-07,ACC-POR-242,Koramangala,1,1499
2026-11-07,AIR-BLU-167,Koramangala,2,55439
2026-11-07,AIR-DAI-172,Koramangala,1,55859
2026-11-07,AIR-LG-166,Koramangala,1,47974
2026-11-07,AIR-LG-170,Koramangala,2,32399
2026-11-07,AIR-LG-171,Koramangala,1,57699
2026-11-07,CAM-CAN-206,Koramangala,1,67199
2026-11-07,CAM-CAN-207,Koramangala,1,96199
2026-11-07,CAM-CAN-210,Koramangala,1,83899
2026-11-07,CAM-CAN-213,Koramangala,1,53639
2026-11-07,CAM-NIK-215,Koramangala,1,38519
2026-11-07,GAM-MIC-225,Koramangala,1,47159
2026-11-07,GAM-NIN-228,Koramangala,1,47309
2026-11-07,GAM-SON-221,Koramangala,1,41419
2026-11-07,GAM-SON-222,Koramangala,2,49229
2026-11-07,HEA-BOS-181,Koramangala,1,8909
2026-11-07,HEA-JBL-184,Koramangala,1,21059
2026-11-07,HEA-JBL-185,Koramangala,1,11339
2026-11-07,HEA-SON-179,Koramangala,1,6599
2026-11-07,HEA-SON-188,Koramangala,1,4599
2026-11-07,HP-ANC-700,Koramangala,1,19990
2026-11-07,LAP-ACE-118,Koramangala,2,52199
2026-11-07,LAP-DEL-121,Koramangala,1,64299
2026-11-07,LAP-DEL-123,Koramangala,1,99899
2026-11-07,LAP-LEN-116,Koramangala,1,90399
2026-11-07,REF-GOD-148,Koramangala,1,65799
2026-11-07,REF-LG-149,Koramangala,2,27699
2026-11-07,REF-LG-152,Koramangala,1,75799
2026-11-07,REF-SAM-147,Koramangala,1,45199
2026-11-07,REF-WHI-145,Koramangala,3,56999
2026-11-07,SMA-APP-198,Koramangala,1,23489
2026-11-07,SMA-APP-199,Koramangala,2,38999
2026-11-07,SMA-APP-202,Koramangala,1,24889
2026-11-07,SMA-NOI-194,Koramangala,2,3599
2026-11-07,SMA-NOI-197,Koramangala,2,7559
2026-11-07,SMA-SAM-101,Koramangala,1,41939
2026-11-07,SMA-SAM-193,Koramangala,6,11499
2026-11-07,TEL-LG-138,Koramangala,1,90699
2026-11-07,TEL-SAM-133,Koramangala,1,46454
2026-11-07,TEL-SON-130,Koramangala,1,56049
2026-11-07,TEL-SON-135,Koramangala,1,46499
2026-11-07,TEL-TCL-137,Koramangala,1,96699
2026-11-07,TEL-XIA-127,Koramangala,1,18399
2026-11-07,TEL-XIA-132,Koramangala,1,107599
2026-11-07,TEL-XIA-134,Koramangala,1,119999
2026-11-07,TEL-XIA-136,Koramangala,1,54899
2026-11-07,TV-55Q7,Koramangala,2,56040
2026-11-07,WAS-WHI-154,Koramangala,1,48399
2026-11-07,WAS-WHI-164,Koramangala,1,17099
2026-11-07,WM-FL-8KG,Koramangala,1,33291
2026-11-07,ACC-ANK-233,Malleshwaram,2,3059
2026-11-07,ACC-MI-243,Malleshwaram,1,2469
2026-11-07,ACC-POR-236,Malleshwaram,1,499
2026-11-07,ACC-POR-241,Malleshwaram,2,1519
2026-11-07,ACC-POR-242,Malleshwaram,1,1499
2026-11-07,AIR-DAI-172,Malleshwaram,1,55859
2026-11-07,AIR-LG-170,Malleshwaram,1,32399
2026-11-07,CAM-NIK-212,Malleshwaram,3,89549
2026-11-07,CAM-NIK-215,Malleshwaram,3,42799
2026-11-07,CAM-NIK-216,Malleshwaram,1,81889
2026-11-07,CAM-NIK-217,Malleshwaram,1,59199
2026-11-07,GAM-MIC-227,Malleshwaram,1,44899
2026-11-07,GAM-NIN-224,Malleshwaram,1,31199
2026-11-07,GAM-NIN-226,Malleshwaram,1,34099
2026-11-07,GAM-NIN-229,Malleshwaram,1,47689
2026-11-07,GAM-SON-219,Malleshwaram,1,46259
2026-11-07,GAM-SON-222,Malleshwaram,2,54699
2026-11-07,HEA-BOA-183,Malleshwaram,1,4899
2026-11-07,HEA-BOA-191,Malleshwaram,1,24999
2026-11-07,HEA-JBL-184,Malleshwaram,1,23399
2026-11-07,HEA-JBL-187,Malleshwaram,2,23899
2026-11-07,LAP-ACE-118,Malleshwaram,1,46979
2026-11-07,LAP-ASU-120,Malleshwaram,1,82199
2026-11-07,LAP-DEL-115,Malleshwaram,1,112999
2026-11-07,LAP-DEL-124,Malleshwaram,1,78899
2026-11-07,LAP-HP-119,Malleshwaram,1,70399
2026-11-07,LAP-LEN-125,Malleshwaram,1,75714
2026-11-07,REF-GOD-140,Malleshwaram,1,30099
2026-11-07,REF-GOD-143,Malleshwaram,2,51299
2026-11-07,REF-LG-150,Malleshwaram,1,49399
2026-11-07,REF-LG-152,Malleshwaram,1,75799
2026-11-07,REF-WHI-145,Malleshwaram,2,56999
2026-11-07,SMA-APP-198,Malleshwaram,1,26099
2026-11-07,SMA-APP-202,Malleshwaram,1,24889
2026-11-07,SMA-NOI-197,Malleshwaram,1,8399
2026-11-07,SMA-SAM-112,Malleshwaram,1,52344
2026-11-07,SMA-SAM-201,Malleshwaram,1,4589
2026-11-07,SMA-VIV-102,Malleshwaram,1,35399
2026-11-07,TEL-SON-135,Malleshwaram,1,46499
2026-11-07,TEL-SON-139,Malleshwaram,1,73299
2026-11-07,TEL-XIA-136,Malleshwaram,1,54899
2026-11-07,TV-65U8,Malleshwaram,1,58491
2026-11-07,WAS-BOS-165,Malleshwaram,2,42299
2026-11-07,WAS-LG-160,Malleshwaram,2,40199
2026-11-07,WAS-SAM-156,Malleshwaram,2,25839
2026-11-07,WAS-SAM-163,Malleshwaram,2,41899
2026-11-07,ACC-ANK-232,Whitefield,1,2599
2026-11-07,ACC-ANK-237,Whitefield,2,2754
2026-11-07,ACC-BEL-231,Whitefield,2,499
2026-11-07,ACC-BEL-238,Whitefield,1,3039
2026-11-07,ACC-POR-235,Whitefield,1,599
2026-11-07,ACC-POR-242,Whitefield,1,1349
2026-11-07,AIR-LG-166,Whitefield,1,50499
2026-11-07,AIR-LG-170,Whitefield,2,29159
2026-11-07,AIR-VOL-174,Whitefield,1,37299
2026-11-07,AIR-VOL-177,Whitefield,3,34099
2026-11-07,CAM-CAN-214,Whitefield,2,54434
2026-11-07,CAM-NIK-211,Whitefield,1,105599
2026-11-07,CAM-NIK-212,Whitefield,1,99499
2026-11-07,CAM-SON-208,Whitefield,1,96749
2026-11-07,GAM-MIC-223,Whitefield,1,43559
2026-11-07,GAM-NIN-220,Whitefield,1,39239
2026-11-07,GAM-NIN-228,Whitefield,1,49799
2026-11-07,GAM-SON-219,Whitefield,2,51399
2026-11-07,GAM-SON-222,Whitefield,1,54699
2026-11-07,HEA-BOS-181,Whitefield,1,9404
2026-11-07,HEA-JBL-180,Whitefield,1,20099
2026-11-07,HEA-JBL-185,Whitefield,1,12599
2026-11-07,HEA-JBL-187,Whitefield,2,22704
2026-11-07,HEA-SON-188,Whitefield,3,4599
2026-11-07,HP-ANC-700,Whitefield,2,18990
2026-11-07,LAP-ASU-120,Whitefield,1,78089
2026-11-07,LAP-DEL-123,Whitefield,1,99899
2026-11-07,LAP-LEN-125,Whitefield,1,71729
2026-11-07,LAP-LEN-126,Whitefield,1,104784
2026-11-07,REF-GOD-140,Whitefield,3,30099
2026-11-07,REF-GOD-146,Whitefield,1,34399
2026-11-07,REF-LG-149,Whitefield,3,26314
2026-11-07,REF-SAM-147,Whitefield,1,42939
2026-11-07,SMA-APP-109,Whitefield,1,43399
2026-11-07,SMA-APP-198,Whitefield,3,26099
2026-11-07,SMA-APP-199,Whitefield,1,35099
2026-11-07,SMA-APP-204,Whitefield,1,42499
2026-11-07,SMA-NOI-195,Whitefield,2,27359
2026-11-07,SMA-SAM-101,Whitefield,2,46599
2026-11-07,SMA-SAM-108,Whitefield,1,55199
2026-11-07,SMA-SAM-112,Whitefield,1,52344
2026-11-07,SMA-XIA-104,Whitefield,2,72699
2026-11-07,TEL-LG-138,Whitefield,1,90699
2026-11-07,TEL-SON-135,Whitefield,3,46499
2026-11-07,TEL-SON-139,Whitefield,1,65969
2026-11-07,TEL-TCL-129,Whitefield,1,105299
2026-11-07,TEL-XIA-132,Whitefield,2,107599
2026-11-07,WAS-BOS-165,Whitefield,1,42299
2026-11-07,WAS-LG-155,Whitefield,1,41799
2026-11-07,WAS-LG-160,Whitefield,1,40199
2026-11-07,WAS-WHI-161,Whitefield,1,15839
2026-11-08,ACC-BEL-234,HSR Layout,2,1499
2026-11-08,ACC-MI-243,HSR Layout,1,2599
2026-11-08,ACC-POR-236,HSR Layout,1,474
2026-11-08,ACC-POR-242,HSR Layout,1,1424
2026-11-08,AIR-LG-168,HSR Layout,1,32999
2026-11-08,AIR-LG-170,HSR Layout,1,32399
2026-11-08,AIR-LG-175,HSR Layout,1,45799
2026-11-08,CAM-CAN-213,HSR Layout,1,59599
2026-11-08,CAM-NIK-215,HSR Layout,2,42799
2026-11-08,GAM-NIN-226,HSR Layout,1,34099
2026-11-08,HEA-BOA-183,HSR Layout,1,4899
2026-11-08,HEA-BOA-191,HSR Layout,4,24999
2026-11-08,HEA-BOS-186,HSR Layout,2,15294
2026-11-08,HEA-JBL-182,HSR Layout,1,24899
2026-11-08,HEA-SON-179,HSR Layout,1,5939
2026-11-08,LAP-HP-119,HSR Layout,1,63359
2026-11-08,LAP-I5-G13,HSR Layout,1,59990
2026-11-08,LAP-LEN-116,HSR Layout,1,90399
2026-11-08,REF-GOD-148,HSR Layout,1,65799
2026-11-08,REF-LG-141,HSR Layout,1,84899
2026-11-08,REF-LG-144,HSR Layout,1,32599
2026-11-08,REF-LG-151,HSR Layout,2,54624
2026-11-08,SMA-APP-109,HSR Layout,2,39059
2026-11-08,SMA-APP-199,HSR Layout,2,38999
2026-11-08,SMA-APP-202,HSR Layout,1,26199
2026-11-08,SMA-NOI-194,HSR Layout,2,3419
2026-11-08,SMA-NOI-195,HSR Layout,3,28799
2026-11-08,SMA-ONE-103,HSR Layout,1,28499
2026-11-08,SMA-ONE-105,HSR Layout,1,44819
2026-11-08,SMA-SAM-101,HSR Layout,2,46599
2026-11-08,SMA-SAM-113,HSR Layout,1,46079
2026-11-08,SMA-XIA-104,HSR Layout,1,69064
2026-11-08,SMA-XIA-111,HSR Layout,1,59039
2026-11-08,SW-FIT-3,HSR Layout,1,8999
2026-11-08,TEL-LG-138,HSR Layout,1,90699
2026-11-08,TEL-XIA-132,HSR Layout,1,107599
2026-11-08,TEL-XIA-134,HSR Layout,1,119999
2026-11-08,TEL-XIA-136,HSR Layout,1,54899
2026-11-08,TV-55Q7,HSR Layout,2,53091
2026-11-08,WAS-BOS-158,HSR Layout,1,32299
2026-11-08,WAS-BOS-165,HSR Layout,1,42299
2026-11-08,WAS-IFB-153,HSR Layout,2,21374
2026-11-08,WAS-IFB-159,HSR Layout,1,32964
2026-11-08,WAS-SAM-163,HSR Layout,1,41899
2026-11-08,WAS-WHI-154,HSR Layout,2,48399
2026-11-08,WAS-WHI-164,HSR Layout,1,16244
2026-11-08,ACC-ANK-232,Indiranagar,2,2339
2026-11-08,ACC-BEL-231,Indiranagar,1,474
2026-11-08,ACC-BEL-234,Indiranagar,1,1349
2026-11-08,ACC-MI-243,Indiranagar,1,2599
2026-11-08,AIR-BLU-167,Indiranagar,1,61599
2026-11-08,AIR-DAI-172,Indiranagar,1,52919
2026-11-08,CAM-CAN-207,Indiranagar,2,91389
2026-11-08,CAM-CAN-213,Indiranagar,2,56619
2026-11-08,CAM-NIK-211,Indiranagar,1,100319
2026-11-08,CAM-SON-205,Indiranagar,1,54719
2026-11-08,GAM-MIC-223,Indiranagar,1,48399
2026-11-08,GAM-MIC-225,Indiranagar,1,52399
2026-11-08,GAM-NIN-220,Indiranagar,1,39239
2026-11-08,GAM-NIN-224,Indiranagar,1,31199
2026-11-08,GAM-NIN-229,Indiranagar,1,50199
2026-11-08,GAM-SON-222,Indiranagar,3,54699
2026-11-08,HEA-BOA-189,Indiranagar,2,21299
2026-11-08,HEA-BOS-181,Indiranagar,2,9899
2026-11-08,HEA-BOS-190,Indiranagar,1,25919
2026-11-08,HEA-JBL-180,Indiranagar,1,20099
2026-11-08,HEA-JBL-185,Indiranagar,2,12599
2026-11-08,HEA-JBL-187,Indiranagar,2,21509
2026-11-08,HP-ANC-700,Indiranagar,3,18990
2026-11-08,LAP-ACE-118,Indiranagar,3,49589
2026-11-08,LAP-DEL-122,Indiranagar,1,94399
2026-11-08,LAP-LEN-116,Indiranagar,1,90399
2026-11-08,LAP-LEN-126,Indiranagar,1,110299
2026-11-08,REF-GOD-140,Indiranagar,1,30099
2026-11-08,REF-GOD-142,Indiranagar,1,37979
2026-11-08,REF-GOD-143,Indiranagar,1,46169
2026-11-08,REF-GOD-146,Indiranagar,1,30959
2026-11-08,REF-LG-152,Indiranagar,1,68219
2026-11-08,SMA-APP-198,Indiranagar,1,26099
2026-11-08,SMA-NOI-194,Indiranagar,1,3599
2026-11-08,SMA-NOI-197,Indiranagar,1,8399
2026-11-08,SMA-NOI-200,Indiranagar,1,30299
2026-11-08,SMA-ONE-106,Indiranagar,1,84299
2026-11-08,SMA-SAM-196,Indiranagar,1,17099
2026-11-08,SMA-SAM-201,Indiranagar,1,5099
2026-11-08,SMA-XIA-111,Indiranagar,1,62319
2026-11-08,TEL-LG-138,Indiranagar,2,81629
2026-11-08,TEL-SAM-128,Indiranagar,2,113524
2026-11-08,TEL-SON-130,Indiranagar,1,58999
2026-11-08,TEL-SON-139,Indiranagar,1,73299
2026-11-08,TEL-TCL-131,Indiranagar,1,34919
2026-11-08,WAS-BOS-158,Indiranagar,1,33999
2026-11-08,WAS-IFB-153,Indiranagar,1,20249
2026-11-08,WAS-IFB-159,Indiranagar,1,34699
2026-11-08,WAS-LG-160,Indiranagar,1,40199
2026-11-08,WAS-WHI-161,Indiranagar,1,17599
2026-11-08,ACC-ANK-232,Jayanagar,1,2599
2026-11-08,ACC-POR-242,Jayanagar,1,1499
2026-11-08,AIR-LG-168,Jayanagar,1,29699
2026-11-08,AIR-LG-169,Jayanagar,1,32099
2026-11-08,AIR-VOL-177,Jayanagar,1,34099
2026-11-08,CAM-NIK-216,Jayanagar,2,86199
2026-11-08,CAM-SON-205,Jayanagar,1,54719
2026-11-08,GAM-MIC-230,Jayanagar,1,30299
2026-11-08,GAM-NIN-228,Jayanagar,4,49799
2026-11-08,HEA-BOA-183,Jayanagar,1,4899
2026-11-08,HEA-BOS-181,Jayanagar,1,9899
2026-11-08,HEA-JBL-182,Jayanagar,2,23654
2026-11-08,HEA-JBL-184,Jayanagar,1,23399
2026-11-08,LAP-DEL-123,Jayanagar,1,94904
2026-11-08,LAP-I5-G13,Jayanagar,1,56990
2026-11-08,LAP-LEN-125,Jayanagar,2,79699
2026-11-08,LAP-LEN-126,Jayanagar,1,110299
2026-11-08,REF-GOD-143,Jayanagar,1,51299
2026-11-08,REF-LG-141,Jayanagar,2,84899
2026-11-08,REF-LG-150,Jayanagar,1,49399
2026-11-08,REF-LG-152,Jayanagar,2,72009
2026-11-08,SMA-APP-202,Jayanagar,1,26199
2026-11-08,SMA-NOI-197,Jayanagar,1,8399
2026-11-08,SMA-VIV-102,Jayanagar,1,35399
2026-11-08,SW-FIT-3,Jayanagar,2,8999
2026-11-08,TEL-LG-138,Jayanagar,1,90699
2026-11-08,TEL-SAM-133,Jayanagar,1,48899
2026-11-08,TEL-TCL-131,Jayanagar,1,38799
2026-11-08,TEL-XIA-136,Jayanagar,2,52154
2026-11-08,TV-55Q7,Jayanagar,1,58990
2026-11-08,WAS-IFB-157,Jayanagar,2,33499
2026-11-08,WAS-IFB-162,Jayanagar,1,15029
2026-11-08,WAS-LG-160,Jayanagar,1,38189
2026-11-08,WM-FL-8KG,Jayanagar,1,36990
2026-11-08,ACC-BEL-234,Koramangala,1,1499
2026-11-08,ACC-POR-242,Koramangala,1,1349
2026-11-08,AIR-DAI-172,Koramangala,1,58799
2026-11-08,AIR-VOL-177,Koramangala,1,32394
2026-11-08,CAM-CAN-207,Koramangala,2,96199
2026-11-08,CAM-NIK-215,Koramangala,1,42799
2026-11-08,GAM-MIC-223,Koramangala,1,48399
2026-11-08,GAM-MIC-225,Koramangala,2,52399
2026-11-08,GAM-SON-219,Koramangala,1,51399
2026-11-08,HEA-SON-179,Koramangala,1,5939
2026-11-08,HEA-SON-188,Koramangala,1,4139
2026-11-08,LAP-ACE-118,Koramangala,1,46979
2026-11-08,LAP-DEL-121,Koramangala,1,64299
2026-11-08,LAP-HP-114,Koramangala,2,45899
2026-11-08,LAP-LEN-116,Koramangala,1,85879
2026-11-08,REF-GOD-140,Koramangala,1,30099
2026-11-08,REF-GOD-143,Koramangala,2,51299
2026-11-08,REF-GOD-146,Koramangala,1,34399
2026-11-08,REF-LG-141,Koramangala,1,76409
2026-11-08,SMA-AMA-203,Koramangala,1,12899
2026-11-08,SMA-APP-199,Koramangala,1,38999
2026-11-08,SMA-ONE-106,Koramangala,1,84299
2026-11-08,SMA-SAM-108,Koramangala,1,52439
2026-11-08,TEL-LG-138,Koramangala,2,81629
2026-11-08,TEL-SON-135,Koramangala,1,41849
2026-11-08,TEL-TCL-129,Koramangala,1,105299
2026-11-08,TEL-TCL-131,Koramangala,2,34919
2026-11-08,TEL-XIA-127,Koramangala,1,16559
2026-11-08,TEL-XIA-132,Koramangala,4,107599
2026-11-08,TEL-XIA-136,Koramangala,1,52154
2026-11-08,TV-55Q7,Koramangala,2,58990
2026-11-08,WAS-IFB-159,Koramangala,1,34699
2026-11-08,WAS-IFB-162,Koramangala,1,16699
2026-11-08,WAS-SAM-156,Koramangala,2,27199
2026-11-08,WAS-WHI-154,Koramangala,1,45979
2026-11-08,WM-FL-8KG,Koramangala,1,35140
2026-11-08,ACC-POR-236,Malleshwaram,1,499
2026-11-08,ACC-POR-241,Malleshwaram,1,1439
2026-11-08,AIR-BLU-173,Malleshwaram,2,55399
2026-11-08,AIR-DAI-176,Malleshwaram,1,44649
2026-11-08,AIR-LG-170,Malleshwaram,3,32399
2026-11-08,AIR-VOL-174,Malleshwaram,1,35434
2026-11-08,AIR-VOL-177,Malleshwaram,1,34099
2026-11-08,CAM-CAN-206,Malleshwaram,3,67199
2026-11-08,CAM-NIK-212,Malleshwaram,2,89549
2026-11-08,CAM-NIK-215,Malleshwaram,1,40659
2026-11-08,CAM-NIK-217,Malleshwaram,2,59199
2026-11-08,CAM-SON-205,Malleshwaram,1,57599
2026-11-08,GAM-MIC-225,Malleshwaram,3,52399
2026-11-08,GAM-NIN-224,Malleshwaram,1,31199
2026-11-08,GAM-NIN-229,Malleshwaram,2,47689
2026-11-08,GAM-SON-219,Malleshwaram,2,51399
2026-11-08,HEA-BOA-191,Malleshwaram,1,24999
2026-11-08,HEA-JBL-180,Malleshwaram,1,20099
2026-11-08,HP-ANC-700,Malleshwaram,2,17991
2026-11-08,LAP-ASU-120,Malleshwaram,2,82199
2026-11-08,LAP-DEL-121,Malleshwaram,1,64299
2026-11-08,LAP-DEL-123,Malleshwaram,4,94904
2026-11-08,LAP-I5-G13,Malleshwaram,1,59990
2026-11-08,REF-GOD-140,Malleshwaram,3,30099
2026-11-08,REF-GOD-143,Malleshwaram,1,51299
2026-11-08,REF-LG-144,Malleshwaram,1,30969
2026-11-08,REF-WHI-145,Malleshwaram,2,56999
2026-11-08,SMA-APP-110,Malleshwaram,2,25399
2026-11-08,SMA-APP-198,Malleshwaram,1,24794
2026-11-08,SMA-NOI-195,Malleshwaram,1,28799
2026-11-08,SMA-NOI-197,Malleshwaram,1,7979
2026-11-08,SMA-ONE-105,Malleshwaram,1,44819
2026-11-08,SMA-ONE-106,Malleshwaram,1,75869
2026-11-08,SMA-ONE-107,Malleshwaram,1,66499
2026-11-08,TEL-SON-139,Malleshwaram,1,73299
2026-11-08,TEL-XIA-136,Malleshwaram,1,52154
2026-11-08,TV-55Q7,Malleshwaram,1,56040
2026-11-08,TV-65U8,Malleshwaram,1,64990
2026-11-08,WAS-BOS-165,Malleshwaram,1,42299
2026-11-08,WAS-IFB-157,Malleshwaram,1,33499
2026-11-08,WAS-LG-155,Malleshwaram,1,39599
2026-11-08,WAS-LG-160,Malleshwaram,1,40199
2026-11-08,WAS-SAM-156,Malleshwaram,3,24479
2026-11-08,WAS-SAM-163,Malleshwaram,1,41899
2026-11-08,WAS-WHI-161,Malleshwaram,3,16719
2026-11-08,ACC-ANK-232,Whitefield,1,2599
2026-11-08,ACC-ANK-237,Whitefield,1,2899
2026-11-08,ACC-BEL-238,Whitefield,2,3199
2026-11-08,ACC-POR-235,Whitefield,1,599
2026-11-08,ACC-POR-236,Whitefield,3,499
2026-11-08,ACC-POR-241,Whitefield,1,1599
2026-11-08,AIR-VOL-174,Whitefield,1,35434
2026-11-08,CAM-CAN-206,Whitefield,1,67199
2026-11-08,CAM-CAN-214,Whitefield,1,57299
2026-11-08,GAM-MIC-227,Whitefield,2,44899
2026-11-08,GAM-SON-219,Whitefield,1,51399
2026-11-08,HEA-JBL-180,Whitefield,1,18089
2026-11-08,HEA-SON-188,Whitefield,4,4139
2026-11-08,LAP-ASU-120,Whitefield,1,78089
2026-11-08,LAP-DEL-121,Whitefield,1,57869
2026-11-08,LAP-HP-119,Whitefield,1,63359
2026-11-08,LAP-LEN-117,Whitefield,1,53099
2026-11-08,LAP-LEN-125,Whitefield,2,79699
2026-11-08,REF-GOD-142,Whitefield,1,42199
2026-11-08,REF-GOD-146,Whitefield,5,34399
2026-11-08,REF-LG-149,Whitefield,3,26314
2026-11-08,SMA-APP-109,Whitefield,1,43399
2026-11-08,SMA-APP-198,Whitefield,1,26099
2026-11-08,SMA-APP-202,Whitefield,3,26199
2026-11-08,SMA-NOI-197,Whitefield,1,8399
2026-11-08,SMA-NOI-200,Whitefield,1,30299
2026-11-08,SMA-SAM-101,Whitefield,2,44269
2026-11-08,SMA-SAM-112,Whitefield,1,52344
2026-11-08,SMA-XIA-104,Whitefield,1,72699
2026-11-08,TEL-LG-138,Whitefield,2,90699
2026-11-08,TEL-SAM-128,Whitefield,1,113524
2026-11-08,TEL-SON-135,Whitefield,1,46499
2026-11-08,TEL-SON-139,Whitefield,1,73299
2026-11-08,TEL-XIA-132,Whitefield,2,107599
2026-11-08,WAS-LG-160,Whitefield,2,38189
2026-11-08,WAS-WHI-154,Whitefield,2,43559
2026-11-08,WAS-WHI-161,Whitefield,1,17599
2026-11-08,WAS-WHI-164,Whitefield,2,16244
2026-11-08,WM-FL-8KG,Whitefield,1,33291
2026-11-09,ACC-ANK-239,HSR Layout,1,1199
2026-11-09,CAM-CAN-207,HSR Layout,1,91389
2026-11-09,CAM-CAN-213,HSR Layout,1,53639
2026-11-09,CAM-NIK-215,HSR Layout,1,40659
2026-11-09,GAM-NIN-228,HSR Layout,3,49799
2026-11-09,GAM-NIN-229,HSR Layout,1,50199
2026-11-09,GAM-SON-219,HSR Layout,1,48829
2026-11-09,HEA-BOS-186,HSR Layout,1,16099
2026-11-09,HEA-JBL-182,HSR Layout,4,23654
2026-11-09,LAP-DEL-124,HSR Layout,1,78899
2026-11-09,LAP-HP-119,HSR Layout,2,63359
2026-11-09,LAP-I5-G13,HSR Layout,1,56990
2026-11-09,LAP-LEN-125,HSR Layout,1,79699
2026-11-09,REF-LG-152,HSR Layout,1,75799
2026-11-09,REF-WHI-145,HSR Layout,1,54149
2026-11-09,SMA-APP-109,HSR Layout,1,39059
2026-11-09,SMA-APP-199,HSR Layout,1,38999
2026-11-09,SMA-APP-202,HSR Layout,1,26199
2026-11-09,SMA-APP-204,HSR Layout,1,40374
2026-11-09,SMA-SAM-101,HSR Layout,1,46599
2026-11-09,SW-FIT-3,HSR Layout,1,8099
2026-11-09,TEL-SON-135,HSR Layout,1,46499
2026-11-09,TEL-TCL-137,HSR Layout,1,96699
2026-11-09,TEL-XIA-132,HSR Layout,2,96839
2026-11-09,TEL-XIA-134,HSR Layout,2,107999
2026-11-09,TEL-XIA-136,HSR Layout,1,54899
2026-11-09,TV-55Q7,HSR Layout,4,53091
2026-11-09,WAS-BOS-158,HSR Layout,1,30599
2026-11-09,WAS-WHI-154,HSR Layout,2,45979
2026-11-09,ACC-ANK-237,Indiranagar,3,2899
2026-11-09,ACC-ANK-239,Indiranagar,1,1199
2026-11-09,ACC-BEL-231,Indiranagar,1,449
2026-11-09,ACC-BEL-234,Indiranagar,1,1499
2026-11-09,ACC-BEL-238,Indiranagar,1,3199
2026-11-09,ACC-MI-243,Indiranagar,1,2469
2026-11-09,AIR-BLU-173,Indiranagar,1,52629
2026-11-09,AIR-LG-166,Indiranagar,1,45449
2026-11-09,AIR-LG-169,Indiranagar,1,28889
2026-11-09,AIR-LG-170,Indiranagar,1,32399
2026-11-09,AIR-LG-175,Indiranagar,1,45799
2026-11-09,CAM-CAN-213,Indiranagar,1,56619
2026-11-09,CAM-NIK-209,Indiranagar,1,68599
2026-11-09,CAM-SON-205,Indiranagar,1,54719
2026-11-09,GAM-NIN-220,Indiranagar,1,41419
2026-11-09,GAM-NIN-229,Indiranagar,1,50199
2026-11-09,GAM-SON-222,Indiranagar,1,54699
2026-11-09,HEA-BOA-189,Indiranagar,1,21299
2026-11-09,HEA-BOS-181,Indiranagar,1,9404
2026-11-09,HEA-JBL-185,Indiranagar,2,12599
2026-11-09,HP-ANC-700,Indiranagar,4,18990
2026-11-09,LAP-HP-114,Indiranagar,1,45899
2026-11-09,SMA-APP-199,Indiranagar,2,38999
2026-11-09,SMA-APP-204,Indiranagar,1,42499
2026-11-09,SMA-NOI-194,Indiranagar,1,3599
2026-11-09,SMA-ONE-105,Indiranagar,1,49799
2026-11-09,SMA-SAM-196,Indiranagar,1,18999
2026-11-09,TEL-TCL-137,Indiranagar,1,96699
2026-11-09,TEL-XIA-132,Indiranagar,1,107599
2026-11-09,TEL-XIA-136,Indiranagar,1,52154
2026-11-09,WAS-IFB-159,Indiranagar,1,34699
2026-11-09,WAS-LG-155,Indiranagar,1,43999
2026-11-09,WAS-WHI-164,Indiranagar,1,17099
2026-11-09,ACC-MI-240,Jayanagar,1,3899
2026-11-09,ACC-POR-235,Jayanagar,1,599
2026-11-09,ACC-POR-242,Jayanagar,1,1499
2026-11-09,AIR-DAI-176,Jayanagar,1,46999
2026-11-09,AIR-LG-169,Jayanagar,2,32099
2026-11-09,AIR-LG-170,Jayanagar,5,32399
2026-11-09,CAM-CAN-206,Jayanagar,1,67199
2026-11-09,CAM-NIK-216,Jayanagar,1,77579
2026-11-09,CAM-SON-205,Jayanagar,1,57599
2026-11-09,CAM-SON-208,Jayanagar,1,107499
2026-11-09,GAM-NIN-226,Jayanagar,1,32394
2026-11-09,GAM-NIN-229,Jayanagar,2,50199
2026-11-09,HEA-BOS-181,Jayanagar,2,9899
2026-11-09,HEA-BOS-190,Jayanagar,1,28799
2026-11-09,LAP-DEL-123,Jayanagar,1,99899
2026-11-09,LAP-LEN-126,Jayanagar,2,110299
2026-11-09,REF-LG-141,Jayanagar,1,84899
2026-11-09,REF-LG-149,Jayanagar,1,24929
2026-11-09,REF-LG-151,Jayanagar,1,57499
2026-11-09,REF-LG-152,Jayanagar,1,75799
2026-11-09,REF-WHI-145,Jayanagar,2,54149
2026-11-09,SW-FIT-3,Jayanagar,1,8099
2026-11-09,TEL-SON-135,Jayanagar,1,46499
2026-11-09,TEL-TCL-131,Jayanagar,1,34919
2026-11-09,TEL-TCL-137,Jayanagar,1,91864
2026-11-09,TEL-XIA-132,Jayanagar,2,96839
2026-11-09,TV-55Q7,Jayanagar,1,58990
2026-11-09,WAS-IFB-157,Jayanagar,1,33499
2026-11-09,WAS-LG-155,Jayanagar,2,43999
2026-11-09,WAS-SAM-156,Jayanagar,1,25839
2026-11-09,WAS-SAM-163,Jayanagar,2,41899
2026-11-09,WAS-WHI-164,Jayanagar,1,17099
2026-11-09,ACC-ANK-232,Koramangala,1,2469
2026-11-09,ACC-ANK-233,Koramangala,1,3229
2026-11-09,ACC-ANK-239,Koramangala,1,1199
2026-11-09,ACC-BEL-231,Koramangala,4,474
2026-11-09,ACC-POR-236,Koramangala,1,449
2026-11-09,AIR-LG-171,Koramangala,1,57699
2026-11-09,CAM-CAN-207,Koramangala,1,96199
2026-11-09,CAM-CAN-213,Koramangala,1,56619
2026-11-09,CAM-NIK-217,Koramangala,1,59199
2026-11-09,CAM-SON-205,Koramangala,1,57599
2026-11-09,GAM-MIC-225,Koramangala,2,47159
2026-11-09,GAM-MIC-230,Koramangala,1,27269
2026-11-09,GAM-NIN-220,Koramangala,1,39239
2026-11-09,GAM-SON-219,Koramangala,1,51399
2026-11-09,HEA-BOA-189,Koramangala,1,21299
2026-11-09,HEA-JBL-184,Koramangala,1,21059
2026-11-09,HEA-JBL-185,Koramangala,1,11969
2026-11-09,HEA-SON-179,Koramangala,1,5939
2026-11-09,HEA-SON-188,Koramangala,1,4369
2026-11-09,LAP-ACE-118,Koramangala,2,46979
2026-11-09,LAP-DEL-123,Koramangala,1,99899
2026-11-09,REF-GOD-143,Koramangala,2,48734
2026-11-09,REF-GOD-146,Koramangala,1,30959
2026-11-09,REF-LG-141,Koramangala,2,84899
2026-11-09,REF-LG-144,Koramangala,1,32599
2026-11-09,REF-WHI-145,Koramangala,2,56999
2026-11-09,SMA-APP-204,Koramangala,1,42499
2026-11-09,SMA-NOI-194,Koramangala,1,3599
2026-11-09,SMA-SAM-112,Koramangala,1,55099
2026-11-09,SMA-SAM-193,Koramangala,2,11499
2026-11-09,TEL-LG-138,Koramangala,1,90699
2026-11-09,TEL-TCL-131,Koramangala,3,38799
2026-11-09,TEL-XIA-136,Koramangala,1,52154
2026-11-09,TV-55Q7,Koramangala,2,58990
2026-11-09,WAS-BOS-165,Koramangala,1,42299
2026-11-09,WAS-IFB-157,Koramangala,1,33499
2026-11-09,WAS-IFB-159,Koramangala,1,34699
2026-11-09,WAS-SAM-156,Koramangala,1,24479
2026-11-09,WM-FL-8KG,Koramangala,1,35140
2026-11-09,ACC-MI-243,Malleshwaram,1,2599
2026-11-09,ACC-POR-236,Malleshwaram,1,449
2026-11-09,AIR-BLU-173,Malleshwaram,1,55399
2026-11-09,AIR-DAI-172,Malleshwaram,1,58799
2026-11-09,AIR-LG-170,Malleshwaram,1,30779
2026-11-09,AIR-VOL-174,Malleshwaram,1,37299
2026-11-09,AIR-VOL-177,Malleshwaram,1,34099
2026-11-09,CAM-CAN-206,Malleshwaram,2,67199
2026-11-09,CAM-NIK-215,Malleshwaram,3,38519
2026-11-09,GAM-MIC-225,Malleshwaram,1,52399
2026-11-09,GAM-MIC-227,Malleshwaram,1,42654
2026-11-09,GAM-NIN-226,Malleshwaram,1,34099
2026-11-09,GAM-NIN-229,Malleshwaram,1,45179
2026-11-09,GAM-SON-219,Malleshwaram,1,46259
2026-11-09,HEA-BOA-183,Malleshwaram,1,4899
2026-11-09,HEA-BOA-189,Malleshwaram,1,19169
2026-11-09,HEA-JBL-180,Malleshwaram,1,18089
2026-11-09,HEA-JBL-182,Malleshwaram,1,23654
2026-11-09,HEA-JBL-187,Malleshwaram,1,23899
2026-11-09,HEA-SON-179,Malleshwaram,1,5939
2026-11-09,HP-ANC-700,Malleshwaram,2,18990
2026-11-09,LAP-ASU-120,Malleshwaram,1,82199
2026-11-09,LAP-DEL-123,Malleshwaram,1,99899
2026-11-09,REF-GOD-140,Malleshwaram,4,30099
2026-11-09,REF-GOD-142,Malleshwaram,2,40089
2026-11-09,REF-GOD-146,Malleshwaram,1,32679
2026-11-09,REF-WHI-145,Malleshwaram,1,56999
2026-11-09,SMA-APP-109,Malleshwaram,1,43399
2026-11-09,SMA-SAM-201,Malleshwaram,1,4844
2026-11-09,SMA-VIV-102,Malleshwaram,2,33629
2026-11-09,SMA-XIA-111,Malleshwaram,1,65599
2026-11-09,TEL-SAM-133,Malleshwaram,1,44009
2026-11-09,TEL-SON-135,Malleshwaram,2,46499
2026-11-09,WAS-BOS-165,Malleshwaram,1,42299
2026-11-09,WAS-LG-155,Malleshwaram,2,41799
2026-11-09,WAS-SAM-163,Malleshwaram,2,41899
2026-11-09,WAS-WHI-154,Malleshwaram,1,48399
2026-11-09,ACC-ANK-233,Whitefield,1,3399
2026-11-09,ACC-ANK-237,Whitefield,1,2899
2026-11-09,ACC-BEL-231,Whitefield,1,499
2026-11-09,ACC-BEL-234,Whitefield,1,1499
2026-11-09,ACC-BEL-238,Whitefield,1,3199
2026-11-09,ACC-POR-235,Whitefield,1,569
2026-11-09,ACC-POR-241,Whitefield,1,1599
2026-11-09,AIR-DAI-172,Whitefield,1,55859
2026-11-09,AIR-VOL-177,Whitefield,3,30689
2026-11-09,CAM-CAN-214,Whitefield,2,51569
2026-11-09,CAM-NIK-209,Whitefield,1,68599
2026-11-09,CAM-NIK-215,Whitefield,1,42799
2026-11-09,CAM-NIK-217,Whitefield,1,59199
2026-11-09,GAM-NIN-220,Whitefield,1,39239
2026-11-09,GAM-SON-219,Whitefield,1,51399
2026-11-09,HEA-BOA-191,Whitefield,1,22499
2026-11-09,HEA-BOS-181,Whitefield,1,9404
2026-11-09,HEA-JBL-180,Whitefield,2,20099
2026-11-09,HEA-JBL-185,Whitefield,1,12599
2026-11-09,HEA-JBL-187,Whitefield,2,23899
2026-11-09,LAP-ASU-120,Whitefield,1,82199
2026-11-09,LAP-DEL-124,Whitefield,1,78899
2026-11-09,LAP-I5-G13,Whitefield,1,59990
2026-11-09,LAP-LEN-116,Whitefield,1,81359
2026-11-09,LAP-LEN-125,Whitefield,2,71729
2026-11-09,LAP-LEN-126,Whitefield,1,99269
2026-11-09,REF-GOD-140,Whitefield,2,27089
2026-11-09,REF-LG-149,Whitefield,2,27699
2026-11-09,REF-LG-151,Whitefield,1,57499
2026-11-09,REF-WHI-145,Whitefield,1,56999
2026-11-09,SMA-APP-109,Whitefield,1,43399
2026-11-09,SMA-APP-199,Whitefield,1,38999
2026-11-09,SMA-APP-202,Whitefield,2,23579
2026-11-09,SMA-APP-204,Whitefield,1,42499
2026-11-09,SMA-NOI-195,Whitefield,1,27359
2026-11-09,SMA-NOI-197,Whitefield,1,8399
2026-11-09,SMA-ONE-103,Whitefield,1,28499
2026-11-09,SMA-SAM-101,Whitefield,1,41939
2026-11-09,SMA-SAM-112,Whitefield,2,55099
2026-11-09,TEL-LG-138,Whitefield,3,81629
2026-11-09,TEL-SAM-133,Whitefield,1,46454
2026-11-09,TEL-SON-139,Whitefield,1,69634
2026-11-09,TEL-XIA-132,Whitefield,1,107599
2026-11-09,TEL-XIA-136,Whitefield,1,54899
2026-11-09,TV-65U8,Whitefield,1,64990
2026-11-10,AIR-DAI-172,HSR Layout,2,58799
2026-11-10,AIR-LG-166,HSR Layout,1,47974
2026-11-10,AIR-LG-168,HSR Layout,1,29699
2026-11-10,AIR-VOL-174,HSR Layout,1,37299
2026-11-10,CAM-NIK-209,HSR Layout,1,61739
2026-11-10,CAM-NIK-212,HSR Layout,2,99499
2026-11-10,GAM-NIN-228,HSR Layout,1,49799
2026-11-10,HEA-BOA-183,HSR Layout,1,4899
2026-11-10,HEA-BOA-191,HSR Layout,3,24999
2026-11-10,HEA-JBL-182,HSR Layout,3,24899
2026-11-10,HEA-SON-179,HSR Layout,1,6599
2026-11-10,LAP-LEN-125,HSR Layout,1,79699
2026-11-10,REF-GOD-140,HSR Layout,1,30099
2026-11-10,REF-LG-150,HSR Layout,1,46929
2026-11-10,SMA-AMA-203,HSR Layout,1,12899
2026-11-10,SMA-APP-109,HSR Layout,1,43399
2026-11-10,SMA-APP-202,HSR Layout,2,23579
2026-11-10,SMA-NOI-195,HSR Layout,1,28799
2026-11-10,SMA-ONE-106,HSR Layout,1,84299
2026-11-10,SMA-SAM-101,HSR Layout,1,46599
2026-11-10,SMA-SAM-201,HSR Layout,1,4844
2026-11-10,SMA-VIV-102,HSR Layout,1,33629
2026-11-10,SMA-XIA-111,HSR Layout,3,65599
2026-11-10,SW-FIT-3,HSR Layout,1,8099
2026-11-10,TEL-TCL-137,HSR Layout,1,96699
2026-11-10,TEL-XIA-136,HSR Layout,1,52154
2026-11-10,TV-55Q7,HSR Layout,1,56040
2026-11-10,TV-65U8,HSR Layout,1,58491
2026-11-10,WAS-BOS-158,HSR Layout,1,33999
2026-11-10,WAS-BOS-165,HSR Layout,1,38069
2026-11-10,WAS-LG-155,HSR Layout,2,41799
2026-11-10,WAS-WHI-154,HSR Layout,3,48399
2026-11-10,WM-FL-8KG,HSR Layout,1,36990
2026-11-10,ACC-ANK-232,Indiranagar,1,2339
2026-11-10,ACC-ANK-237,Indiranagar,1,2899
2026-11-10,ACC-BEL-234,Indiranagar,3,1349
2026-11-10,ACC-MI-243,Indiranagar,3,2599
2026-11-10,ACC-POR-242,Indiranagar,1,1499
2026-11-10,AIR-BLU-173,Indiranagar,1,55399
2026-11-10,AIR-LG-166,Indiranagar,1,50499
2026-11-10,GAM-MIC-225,Indiranagar,1,52399
2026-11-10,GAM-MIC-227,Indiranagar,1,42654
2026-11-10,GAM-NIN-220,Indiranagar,1,39239
2026-11-10,GAM-NIN-226,Indiranagar,2,34099
2026-11-10,GAM-SON-219,Indiranagar,1,51399
2026-11-10,GAM-SON-222,Indiranagar,1,54699
2026-11-10,HEA-BOA-183,Indiranagar,1,4899
2026-11-10,HEA-BOA-189,Indiranagar,1,21299
2026-11-10,HEA-BOS-181,Indiranagar,1,9899
2026-11-10,HEA-JBL-185,Indiranagar,3,12599
2026-11-10,HEA-JBL-187,Indiranagar,1,23899
2026-11-10,HP-ANC-700,Indiranagar,3,18990
2026-11-10,LAP-ACE-118,Indiranagar,1,52199
2026-11-10,LAP-DEL-122,Indiranagar,1,84959
2026-11-10,LAP-LEN-126,Indiranagar,3,110299
2026-11-10,REF-GOD-146,Indiranagar,2,30959
2026-11-10,REF-LG-149,Indiranagar,2,27699
2026-11-10,SMA-AMA-203,Indiranagar,2,12899
2026-11-10,SMA-APP-198,Indiranagar,1,26099
2026-11-10,SMA-APP-199,Indiranagar,1,37049
2026-11-10,SMA-NOI-194,Indiranagar,2,3599
2026-11-10,SMA-ONE-107,Indiranagar,1,63174
2026-11-10,SMA-SAM-201,Indiranagar,1,4844
2026-11-10,TEL-SAM-128,Indiranagar,1,119499
2026-11-10,TEL-SAM-133,Indiranagar,1,48899
2026-11-10,TEL-SON-135,Indiranagar,1,46499
2026-11-10,TEL-TCL-137,Indiranagar,1,96699
2026-11-10,WAS-BOS-158,Indiranagar,1,32299
2026-11-10,WAS-IFB-153,Indiranagar,1,22499
2026-11-10,WAS-WHI-161,Indiranagar,1,17599
2026-11-10,ACC-MI-240,Jayanagar,2,3899
2026-11-10,ACC-POR-242,Jayanagar,1,1349
2026-11-10,AIR-LG-170,Jayanagar,2,32399
2026-11-10,CAM-NIK-209,Jayanagar,1,68599
2026-11-10,CAM-NIK-217,Jayanagar,3,53279
2026-11-10,GAM-MIC-225,Jayanagar,1,49779
2026-11-10,GAM-NIN-220,Jayanagar,1,39239
2026-11-10,GAM-NIN-228,Jayanagar,1,49799
2026-11-10,GAM-SON-219,Jayanagar,1,51399
2026-11-10,HEA-BOS-181,Jayanagar,2,9899
2026-11-10,HEA-BOS-186,Jayanagar,1,16099
2026-11-10,HEA-JBL-182,Jayanagar,1,24899
2026-11-10,LAP-DEL-123,Jayanagar,1,99899
2026-11-10,LAP-DEL-124,Jayanagar,1,78899
2026-11-10,REF-GOD-142,Jayanagar,1,42199
2026-11-10,REF-LG-151,Jayanagar,1,57499
2026-11-10,SMA-APP-199,Jayanagar,1,37049
2026-11-10,SMA-NOI-195,Jayanagar,1,28799
2026-11-10,SMA-ONE-107,Jayanagar,1,66499
2026-11-10,SMA-SAM-112,Jayanagar,3,49589
2026-11-10,SMA-SAM-193,Jayanagar,1,11499
2026-11-10,SMA-XIA-111,Jayanagar,1,65599
2026-11-10,TEL-LG-138,Jayanagar,1,81629
2026-11-10,TEL-SAM-133,Jayanagar,1,46454
2026-11-10,TEL-SON-139,Jayanagar,1,73299
2026-11-10,TEL-XIA-132,Jayanagar,1,107599
2026-11-10,WAS-IFB-162,Jayanagar,2,15864
2026-11-10,ACC-ANK-233,Koramangala,1,3229
2026-11-10,ACC-BEL-231,Koramangala,1,499
2026-11-10,ACC-BEL-238,Koramangala,1,3199
2026-11-10,ACC-POR-242,Koramangala,1,1424
2026-11-10,AIR-BLU-167,Koramangala,1,61599
2026-11-10,AIR-DAI-172,Koramangala,1,58799
2026-11-10,AIR-LG-168,Koramangala,1,32999
2026-11-10,CAM-SON-205,Koramangala,1,57599
2026-11-10,GAM-MIC-223,Koramangala,1,45979
2026-11-10,GAM-NIN-220,Koramangala,1,43599
2026-11-10,GAM-SON-219,Koramangala,1,51399
2026-11-10,HEA-BOA-189,Koramangala,1,21299
2026-11-10,HEA-JBL-185,Koramangala,1,12599
2026-11-10,HEA-JBL-187,Koramangala,1,23899
2026-11-10,LAP-ACE-118,Koramangala,2,49589
2026-11-10,LAP-I5-G12,Koramangala,1,54140
2026-11-10,LAP-LEN-117,Koramangala,1,53099
2026-11-10,REF-GOD-143,Koramangala,1,51299
2026-11-10,REF-GOD-146,Koramangala,1,34399
2026-11-10,REF-LG-144,Koramangala,1,29339
2026-11-10,REF-SAM-147,Koramangala,1,45199
2026-11-10,SMA-APP-199,Koramangala,1,37049
2026-11-10,SMA-NOI-194,Koramangala,1,3419
2026-11-10,SMA-NOI-195,Koramangala,1,28799
2026-11-10,SMA-ONE-106,Koramangala,1,84299
2026-11-10,SMA-SAM-101,Koramangala,1,46599
2026-11-10,SMA-SAM-108,Koramangala,1,55199
2026-11-10,SMA-SAM-112,Koramangala,1,55099
2026-11-10,SMA-SAM-193,Koramangala,1,11499
2026-11-10,SMA-XIA-111,Koramangala,1,62319
2026-11-10,TEL-LG-138,Koramangala,4,81629
2026-11-10,TEL-SON-135,Koramangala,2,41849
2026-11-10,TEL-TCL-129,Koramangala,1,111149
2026-11-10,TEL-TCL-131,Koramangala,1,38799
2026-11-10,TEL-TCL-137,Koramangala,1,87029
2026-11-10,TEL-XIA-127,Koramangala,3,18399
2026-11-10,TEL-XIA-132,Koramangala,2,102219
2026-11-10,TV-55Q7,Koramangala,2,53091
2026-11-10,WAS-BOS-165,Koramangala,2,42299
2026-11-10,ACC-ANK-239,Malleshwaram,1,1199
2026-11-10,ACC-BEL-238,Malleshwaram,1,2879
2026-11-10,ACC-MI-243,Malleshwaram,1,2339
2026-11-10,ACC-POR-242,Malleshwaram,1,1349
2026-11-10,AIR-BLU-178,Malleshwaram,1,39199
2026-11-10,AIR-LG-170,Malleshwaram,5,30779
2026-11-10,CAM-CAN-206,Malleshwaram,1,67199
2026-11-10,CAM-NIK-215,Malleshwaram,2,40659
2026-11-10,GAM-MIC-225,Malleshwaram,1,52399
2026-11-10,GAM-NIN-226,Malleshwaram,1,34099
2026-11-10,GAM-NIN-228,Malleshwaram,1,49799
2026-11-10,GAM-NIN-229,Malleshwaram,1,50199
2026-11-10,GAM-SON-219,Malleshwaram,1,51399
2026-11-10,GAM-SON-221,Malleshwaram,3,43599
2026-11-10,HEA-BOA-191,Malleshwaram,1,24999
2026-11-10,HEA-BOS-190,Malleshwaram,2,28799
2026-11-10,HP-ANC-700,Malleshwaram,2,18990
2026-11-10,LAP-ACE-118,Malleshwaram,2,49589
2026-11-10,LAP-ASU-120,Malleshwaram,1,82199
2026-11-10,LAP-DEL-123,Malleshwaram,1,94904
2026-11-10,REF-GOD-140,Malleshwaram,3,28594
2026-11-10,REF-LG-144,Malleshwaram,1,32599
2026-11-10,REF-LG-149,Malleshwaram,2,27699
2026-11-10,REF-LG-151,Malleshwaram,1,57499
2026-11-10,SMA-AMA-192,Malleshwaram,1,36269
2026-11-10,SMA-APP-198,Malleshwaram,1,26099
2026-11-10,SMA-APP-202,Malleshwaram,2,26199
2026-11-10,SMA-NOI-194,Malleshwaram,2,3599
2026-11-10,SMA-NOI-200,Malleshwaram,1,30299
2026-11-10,SMA-ONE-105,Malleshwaram,1,49799
2026-11-10,SMA-ONE-107,Malleshwaram,1,59849
2026-11-10,SMA-SAM-101,Malleshwaram,1,46599
2026-11-10,SMA-SAM-196,Malleshwaram,1,18999
2026-11-10,SMA-XIA-111,Malleshwaram,1,62319
2026-11-10,TEL-XIA-127,Malleshwaram,1,18399
2026-11-10,TEL-XIA-136,Malleshwaram,1,54899
2026-11-10,WAS-BOS-165,Malleshwaram,1,42299
2026-11-10,WAS-IFB-159,Malleshwaram,1,32964
2026-11-10,ACC-ANK-237,Whitefield,2,2754
2026-11-10,ACC-MI-243,Whitefield,1,2599
2026-11-10,AIR-LG-168,Whitefield,1,32999
2026-11-10,AIR-LG-171,Whitefield,2,57699
2026-11-10,AIR-VOL-177,Whitefield,3,34099
2026-11-10,CAM-CAN-206,Whitefield,1,67199
2026-11-10,CAM-NIK-217,Whitefield,1,56239
2026-11-10,GAM-MIC-227,Whitefield,1,44899
2026-11-10,GAM-SON-221,Whitefield,1,43599
2026-11-10,GAM-SON-222,Whitefield,1,54699
2026-11-10,HEA-BOA-183,Whitefield,1,4654
2026-11-10,HEA-BOA-191,Whitefield,1,24999
2026-11-10,HEA-JBL-180,Whitefield,1,20099
2026-11-10,HEA-JBL-182,Whitefield,1,23654
2026-11-10,HEA-JBL-187,Whitefield,1,23899
2026-11-10,HEA-SON-188,Whitefield,1,4139
2026-11-10,LAP-ASU-120,Whitefield,1,82199
2026-11-10,LAP-DEL-121,Whitefield,1,64299
2026-11-10,LAP-HP-119,Whitefield,1,70399
2026-11-10,LAP-LEN-116,Whitefield,2,90399
2026-11-10,REF-GOD-146,Whitefield,2,32679
2026-11-10,REF-LG-144,Whitefield,1,32599
2026-11-10,REF-LG-149,Whitefield,3,27699
2026-11-10,REF-WHI-145,Whitefield,1,56999
2026-11-10,SMA-APP-109,Whitefield,1,43399
2026-11-10,SMA-APP-198,Whitefield,2,24794
2026-11-10,SMA-APP-202,Whitefield,1,26199
2026-11-10,SMA-APP-204,Whitefield,1,42499
2026-11-10,SMA-NOI-195,Whitefield,2,27359
2026-11-10,SMA-NOI-200,Whitefield,1,28784
2026-11-10,SMA-ONE-103,Whitefield,1,28499
2026-11-10,SMA-SAM-101,Whitefield,1,46599
2026-11-10,SMA-XIA-104,Whitefield,1,72699
2026-11-10,TEL-LG-138,Whitefield,2,90699
2026-11-10,TEL-SAM-128,Whitefield,1,119499
2026-11-10,TEL-SON-130,Whitefield,1,53099
2026-11-10,TV-55Q7,Whitefield,1,58990
2026-11-10,WAS-IFB-153,Whitefield,1,22499
2026-11-10,WAS-WHI-154,Whitefield,1,48399
2026-11-11,ACC-MI-243,HSR Layout,1,2339
2026-11-11,ACC-POR-236,HSR Layout,1,499
2026-11-11,ACC-POR-242,HSR Layout,1,1349
2026-11-11,AIR-DAI-172,HSR Layout,1,55859
2026-11-11,AIR-LG-168,HSR Layout,1,29699
2026-11-11,AIR-VOL-177,HSR Layout,1,30689
2026-11-11,CAM-SON-205,HSR Layout,1,57599
2026-11-11,GAM-MIC-225,HSR Layout,1,49779
2026-11-11,GAM-MIC-227,HSR Layout,2,44899
2026-11-11,GAM-NIN-220,HSR Layout,1,43599
2026-11-11,GAM-NIN-229,HSR Layout,1,47689
2026-11-11,HEA-BOA-191,HSR Layout,1,24999
2026-11-11,HEA-BOS-190,HSR Layout,1,28799
2026-11-11,HEA-JBL-182,HSR Layout,1,24899
2026-11-11,HEA-SON-179,HSR Layout,1,6599
2026-11-11,HP-ANC-700,HSR Layout,3,18990
2026-11-11,LAP-HP-114,HSR Layout,1,45899
2026-11-11,LAP-I5-G13,HSR Layout,1,56990
2026-11-11,LAP-LEN-117,HSR Layout,1,58999
2026-11-11,REF-LG-141,HSR Layout,1,84899
2026-11-11,SMA-AMA-203,HSR Layout,1,12899
2026-11-11,SMA-SAM-196,HSR Layout,1,18999
2026-11-11,SW-FIT-3,HSR Layout,1,8999
2026-11-11,TEL-TCL-131,HSR Layout,2,36859
2026-11-11,TEL-XIA-127,HSR Layout,1,18399
2026-11-11,TEL-XIA-132,HSR Layout,1,107599
2026-11-11,TEL-XIA-134,HSR Layout,1,119999
2026-11-11,TEL-XIA-136,HSR Layout,3,54899
2026-11-11,TV-55Q7,HSR Layout,1,53091
2026-11-11,TV-65U8,HSR Layout,1,61740
2026-11-11,WAS-BOS-165,HSR Layout,2,42299
2026-11-11,WAS-IFB-153,HSR Layout,1,21374
2026-11-11,WAS-SAM-156,HSR Layout,1,27199
2026-11-11,WAS-WHI-154,HSR Layout,4,43559
2026-11-11,WAS-WHI-164,HSR Layout,2,16244
2026-11-11,ACC-ANK-233,Indiranagar,1,3059
2026-11-11,ACC-ANK-237,Indiranagar,1,2609
2026-11-11,ACC-BEL-238,Indiranagar,1,3199
2026-11-11,ACC-POR-241,Indiranagar,1,1599
2026-11-11,AIR-DAI-172,Indiranagar,2,58799
2026-11-11,AIR-LG-166,Indiranagar,1,50499
2026-11-11,AIR-LG-169,Indiranagar,1,32099
2026-11-11,CAM-CAN-207,Indiranagar,2,96199
2026-11-11,CAM-NIK-209,Indiranagar,1,65169
2026-11-11,GAM-MIC-227,Indiranagar,1,44899
2026-11-11,GAM-MIC-230,Indiranagar,1,28784
2026-11-11,GAM-NIN-224,Indiranagar,1,31199
2026-11-11,GAM-NIN-229,Indiranagar,2,50199
2026-11-11,HEA-BOA-183,Indiranagar,1,4409
2026-11-11,HEA-BOS-181,Indiranagar,1,9404
2026-11-11,HEA-JBL-180,Indiranagar,1,20099
2026-11-11,HEA-JBL-185,Indiranagar,2,12599
2026-11-11,HEA-SON-179,Indiranagar,1,5939
2026-11-11,HP-ANC-700,Indiranagar,5,19990
2026-11-11,SMA-AMA-203,Indiranagar,1,12899
2026-11-11,SMA-SAM-112,Indiranagar,1,55099
2026-11-11,SMA-SAM-113,Indiranagar,1,51199
2026-11-11,SMA-SAM-196,Indiranagar,1,18999
2026-11-11,SMA-VIV-102,Indiranagar,1,35399
2026-11-11,SMA-XIA-111,Indiranagar,1,59039
2026-11-11,TEL-LG-138,Indiranagar,1,90699
2026-11-11,WAS-BOS-158,Indiranagar,3,33999
2026-11-11,ACC-ANK-232,Jayanagar,1,2339
2026-11-11,ACC-MI-243,Jayanagar,2,2599
2026-11-11,ACC-POR-241,Jayanagar,1,1599
2026-11-11,AIR-DAI-176,Jayanagar,1,46999
2026-11-11,AIR-LG-166,Jayanagar,1,45449
2026-11-11,AIR-LG-175,Jayanagar,1,43509
2026-11-11,AIR-VOL-174,Jayanagar,1,37299
2026-11-11,GAM-SON-221,Jayanagar,1,41419
2026-11-11,GAM-SON-222,Jayanagar,1,54699
2026-11-11,HEA-BOA-183,Jayanagar,1,4899
2026-11-11,HEA-BOA-189,Jayanagar,1,21299
2026-11-11,HEA-BOS-190,Jayanagar,1,25919
2026-11-11,HEA-JBL-182,Jayanagar,1,23654
2026-11-11,HEA-JBL-187,Jayanagar,1,23899
2026-11-11,HP-ANC-700,Jayanagar,1,19990
2026-11-11,LAP-HP-114,Jayanagar,2,45899
2026-11-11,LAP-I5-G12,Jayanagar,1,51291
2026-11-11,LAP-LEN-126,Jayanagar,1,99269
2026-11-11,REF-GOD-143,Jayanagar,1,48734
2026-11-11,REF-GOD-146,Jayanagar,1,34399
2026-11-11,REF-LG-151,Jayanagar,1,57499
2026-11-11,REF-WHI-145,Jayanagar,1,56999
2026-11-11,SMA-AMA-192,Jayanagar,1,40299
2026-11-11,SMA-APP-198,Jayanagar,1,26099
2026-11-11,SMA-NOI-195,Jayanagar,1,25919
2026-11-11,SMA-ONE-107,Jayanagar,1,66499
2026-11-11,SMA-SAM-108,Jayanagar,3,55199
2026-11-11,SMA-SAM-112,Jayanagar,1,52344
2026-11-11,SMA-SAM-113,Jayanagar,1,51199
2026-11-11,SMA-SAM-193,Jayanagar,2,11499
2026-11-11,SMA-XIA-111,Jayanagar,1,62319
2026-11-11,TEL-LG-138,Jayanagar,1,90699
2026-11-11,TEL-SAM-133,Jayanagar,1,48899
2026-11-11,TEL-TCL-137,Jayanagar,1,91864
2026-11-11,WAS-IFB-153,Jayanagar,1,20249
2026-11-11,WAS-IFB-162,Jayanagar,2,15864
2026-11-11,ACC-BEL-231,Koramangala,1,499
2026-11-11,ACC-BEL-238,Koramangala,1,2879
2026-11-11,ACC-POR-236,Koramangala,2,449
2026-11-11,ACC-POR-242,Koramangala,1,1499
2026-11-11,AIR-BLU-167,Koramangala,2,55439
2026-11-11,AIR-DAI-172,Koramangala,1,58799
2026-11-11,AIR-LG-170,Koramangala,1,30779
2026-11-11,AIR-VOL-177,Koramangala,1,34099
2026-11-11,CAM-CAN-207,Koramangala,1,96199
2026-11-11,CAM-CAN-210,Koramangala,1,83899
2026-11-11,CAM-CAN-213,Koramangala,1,59599
2026-11-11,CAM-NIK-211,Koramangala,1,105599
2026-11-11,GAM-MIC-218,Koramangala,2,50999
2026-11-11,GAM-MIC-223,Koramangala,1,45979
2026-11-11,GAM-MIC-225,Koramangala,2,52399
2026-11-11,GAM-NIN-220,Koramangala,2,39239
2026-11-11,GAM-NIN-228,Koramangala,1,49799
2026-11-11,GAM-NIN-229,Koramangala,1,50199
2026-11-11,GAM-SON-219,Koramangala,1,46259
2026-11-11,HEA-BOA-183,Koramangala,1,4899
2026-11-11,HEA-JBL-184,Koramangala,1,23399
2026-11-11,LAP-ASU-120,Koramangala,1,82199
2026-11-11,LAP-DEL-121,Koramangala,1,64299
2026-11-11,LAP-DEL-122,Koramangala,2,84959
2026-11-11,LAP-DEL-123,Koramangala,2,99899
2026-11-11,LAP-HP-114,Koramangala,1,45899
2026-11-11,LAP-I5-G12,Koramangala,1,56990
2026-11-11,LAP-LEN-125,Koramangala,1,75714
2026-11-11,REF-GOD-140,Koramangala,1,27089
2026-11-11,REF-GOD-146,Koramangala,1,32679
2026-11-11,REF-LG-141,Koramangala,1,80654
2026-11-11,REF-LG-149,Koramangala,1,26314
2026-11-11,SMA-NOI-194,Koramangala,1,3599
2026-11-11,SMA-NOI-195,Koramangala,1,28799
2026-11-11,SMA-NOI-197,Koramangala,1,8399
2026-11-11,SMA-ONE-106,Koramangala,1,84299
2026-11-11,SMA-SAM-101,Koramangala,1,46599
2026-11-11,SMA-SAM-108,Koramangala,1,55199
2026-11-11,SMA-SAM-112,Koramangala,1,55099
2026-11-11,SMA-SAM-113,Koramangala,2,48639
2026-11-11,SMA-SAM-193,Koramangala,2,11499
2026-11-11,SW-FIT-3,Koramangala,1,8549
2026-11-11,TEL-SON-135,Koramangala,1,44174
2026-11-11,TEL-TCL-129,Koramangala,1,116999
2026-11-11,TEL-XIA-132,Koramangala,1,107599
2026-11-11,TEL-XIA-136,Koramangala,1,54899
2026-11-11,TV-55Q7,Koramangala,2,58990
2026-11-11,WAS-IFB-159,Koramangala,1,32964
2026-11-11,WAS-WHI-154,Koramangala,1,43559
2026-11-11,WAS-WHI-164,Koramangala,2,17099
2026-11-11,WM-FL-8KG,Koramangala,1,36990
2026-11-11,ACC-ANK-233,Malleshwaram,1,3399
2026-11-11,ACC-BEL-238,Malleshwaram,1,2879
2026-11-11,ACC-MI-243,Malleshwaram,3,2599
2026-11-11,ACC-POR-241,Malleshwaram,3,1439
2026-11-11,ACC-POR-242,Malleshwaram,1,1499
2026-11-11,AIR-BLU-167,Malleshwaram,1,58519
2026-11-11,AIR-DAI-176,Malleshwaram,2,46999
2026-11-11,AIR-LG-166,Malleshwaram,1,50499
2026-11-11,AIR-LG-168,Malleshwaram,1,31349
2026-11-11,AIR-LG-170,Malleshwaram,1,32399
2026-11-11,CAM-CAN-206,Malleshwaram,2,60479
2026-11-11,GAM-MIC-225,Malleshwaram,2,49779
2026-11-11,GAM-MIC-227,Malleshwaram,1,44899
2026-11-11,GAM-NIN-224,Malleshwaram,1,31199
2026-11-11,GAM-NIN-229,Malleshwaram,1,45179
2026-11-11,GAM-SON-221,Malleshwaram,2,43599
2026-11-11,HEA-BOA-191,Malleshwaram,1,24999
2026-11-11,HEA-BOS-190,Malleshwaram,3,27359
2026-11-11,HEA-JBL-184,Malleshwaram,1,21059
2026-11-11,HEA-JBL-187,Malleshwaram,3,23899
2026-11-11,HP-ANC-700,Malleshwaram,1,19990
2026-11-11,LAP-DEL-123,Malleshwaram,2,94904
2026-11-11,LAP-DEL-124,Malleshwaram,2,74954
2026-11-11,REF-GOD-140,Malleshwaram,2,30099
2026-11-11,REF-GOD-142,Malleshwaram,1,42199
2026-11-11,REF-LG-151,Malleshwaram,1,57499
2026-11-11,SMA-APP-202,Malleshwaram,2,26199
2026-11-11,SMA-ONE-107,Malleshwaram,1,59849
2026-11-11,SMA-SAM-112,Malleshwaram,1,49589
2026-11-11,SMA-SAM-196,Malleshwaram,1,18999
2026-11-11,SMA-XIA-111,Malleshwaram,1,62319
2026-11-11,TEL-SON-135,Malleshwaram,1,44174
2026-11-11,TEL-XIA-136,Malleshwaram,1,54899
2026-11-11,WAS-BOS-158,Malleshwaram,1,30599
2026-11-11,WAS-IFB-162,Malleshwaram,1,16699
2026-11-11,WAS-LG-155,Malleshwaram,1,43999
2026-11-11,WAS-LG-160,Malleshwaram,1,40199
2026-11-11,WAS-SAM-156,Malleshwaram,2,27199
2026-11-11,WAS-SAM-163,Malleshwaram,1,41899
2026-11-11,WAS-WHI-161,Malleshwaram,2,17599
2026-11-11,ACC-ANK-232,Whitefield,1,2599
2026-11-11,ACC-BEL-231,Whitefield,1,474
2026-11-11,ACC-POR-241,Whitefield,3,1599
2026-11-11,AIR-VOL-174,Whitefield,1,35434
2026-11-11,AIR-VOL-177,Whitefield,1,34099
2026-11-11,CAM-CAN-206,Whitefield,1,67199
2026-11-11,CAM-CAN-210,Whitefield,1,79704
2026-11-11,CAM-CAN-214,Whitefield,1,57299
2026-11-11,GAM-MIC-223,Whitefield,1,43559
2026-11-11,GAM-SON-219,Whitefield,1,51399
2026-11-11,HEA-BOA-183,Whitefield,1,4899
2026-11-11,HEA-BOA-189,Whitefield,1,21299
2026-11-11,HEA-BOS-190,Whitefield,1,28799
2026-11-11,HEA-JBL-187,Whitefield,3,21509
2026-11-11,HEA-SON-188,Whitefield,2,4599
2026-11-11,LAP-DEL-121,Whitefield,2,64299
2026-11-11,LAP-DEL-123,Whitefield,1,99899
2026-11-11,LAP-I5-G13,Whitefield,1,53991
2026-11-11,LAP-LEN-116,Whitefield,1,90399
2026-11-11,REF-GOD-142,Whitefield,1,42199
2026-11-11,REF-GOD-146,Whitefield,1,32679
2026-11-11,REF-LG-149,Whitefield,3,26314
2026-11-11,REF-SAM-147,Whitefield,1,42939
2026-11-11,SMA-APP-109,Whitefield,2,43399
2026-11-11,SMA-APP-199,Whitefield,1,38999
2026-11-11,SMA-APP-202,Whitefield,1,26199
2026-11-11,TEL-LG-138,Whitefield,2,90699
2026-11-11,TEL-SON-139,Whitefield,1,73299
2026-11-11,TEL-XIA-136,Whitefield,3,54899
2026-11-11,WAS-IFB-153,Whitefield,3,20249
2026-11-12,ACC-POR-242,HSR Layout,2,1499
2026-11-12,AIR-BLU-167,HSR Layout,1,61599
2026-11-12,AIR-BLU-178,HSR Layout,1,39199
2026-11-12,AIR-LG-168,HSR Layout,1,32999
2026-11-12,CAM-CAN-206,HSR Layout,1,67199
2026-11-12,CAM-CAN-213,HSR Layout,1,59599
2026-11-12,CAM-SON-205,HSR Layout,2,54719
2026-11-12,GAM-NIN-226,HSR Layout,2,34099
2026-11-12,GAM-NIN-228,HSR Layout,1,49799
2026-11-12,HEA-BOA-183,HSR Layout,1,4899
2026-11-12,HEA-BOA-191,HSR Layout,1,22499
2026-11-12,HEA-BOS-181,HSR Layout,1,9899
2026-11-12,LAP-DEL-122,HSR Layout,1,94399
2026-11-12,LAP-HP-119,HSR Layout,2,63359
2026-11-12,LAP-LEN-116,HSR Layout,1,90399
2026-11-12,LAP-LEN-125,HSR Layout,2,71729
2026-11-12,REF-GOD-140,HSR Layout,1,28594
2026-11-12,REF-GOD-146,HSR Layout,1,34399
2026-11-12,REF-LG-151,HSR Layout,1,54624
2026-11-12,SMA-APP-198,HSR Layout,1,26099
2026-11-12,SMA-NOI-195,HSR Layout,1,27359
2026-11-12,SMA-ONE-106,HSR Layout,2,80084
2026-11-12,SMA-SAM-101,HSR Layout,2,44269
2026-11-12,SMA-SAM-201,HSR Layout,1,4589
2026-11-12,SMA-XIA-111,HSR Layout,2,65599
2026-11-12,TEL-SON-130,HSR Layout,1,58999
2026-11-12,TEL-SON-135,HSR Layout,1,41849
2026-11-12,TEL-TCL-131,HSR Layout,1,38799
2026-11-12,TEL-XIA-127,HSR Layout,1,18399
2026-11-12,TEL-XIA-132,HSR Layout,1,107599
2026-11-12,TEL-XIA-136,HSR Layout,2,52154
2026-11-12,TV-55Q7,HSR Layout,1,58990
2026-11-12,WAS-BOS-165,HSR Layout,1,42299
2026-11-12,WAS-LG-155,HSR Layout,2,43999
2026-11-12,WAS-WHI-154,HSR Layout,1,48399
2026-11-12,ACC-ANK-237,Indiranagar,1,2609
2026-11-12,ACC-BEL-234,Indiranagar,1,1499
2026-11-12,ACC-POR-235,Indiranagar,1,599
2026-11-12,AIR-BLU-173,Indiranagar,1,55399
2026-11-12,AIR-VOL-177,Indiranagar,1,34099
2026-11-12,CAM-CAN-207,Indiranagar,2,96199
2026-11-12,CAM-NIK-216,Indiranagar,1,86199
2026-11-12,CAM-SON-208,Indiranagar,1,107499
2026-11-12,GAM-MIC-218,Indiranagar,1,45899
2026-11-12,GAM-NIN-226,Indiranagar,1,30689
2026-11-12,GAM-NIN-229,Indiranagar,2,50199
2026-11-12,GAM-SON-219,Indiranagar,1,46259
2026-11-12,HEA-BOA-189,Indiranagar,1,21299
2026-11-12,HEA-BOS-181,Indiranagar,2,9899
2026-11-12,HEA-JBL-180,Indiranagar,1,20099
2026-11-12,HEA-JBL-185,Indiranagar,3,11969
2026-11-12,HEA-JBL-187,Indiranagar,2,23899
2026-11-12,HEA-SON-179,Indiranagar,2,6269
2026-11-12,HP-ANC-700,Indiranagar,2,18990
2026-11-12,LAP-ACE-118,Indiranagar,2,49589
2026-11-12,LAP-DEL-122,Indiranagar,1,94399
2026-11-12,LAP-DEL-124,Indiranagar,1,78899
2026-11-12,REF-GOD-140,Indiranagar,1,30099
2026-11-12,REF-GOD-146,Indiranagar,1,34399
2026-11-12,REF-LG-152,Indiranagar,1,72009
2026-11-12,SMA-APP-199,Indiranagar,1,37049
2026-11-12,SMA-ONE-103,Indiranagar,2,25649
2026-11-12,SMA-SAM-201,Indiranagar,1,5099
2026-11-12,TEL-SAM-128,Indiranagar,1,107549
2026-11-12,TEL-SAM-133,Indiranagar,1,44009
2026-11-12,TEL-SON-130,Indiranagar,1,56049
2026-11-12,TEL-TCL-131,Indiranagar,1,38799
2026-11-12,TEL-TCL-137,Indiranagar,2,96699
2026-11-12,TEL-XIA-132,Indiranagar,1,102219
2026-11-12,WAS-SAM-156,Indiranagar,1,27199
2026-11-12,WAS-WHI-161,Indiranagar,2,17599
2026-11-12,ACC-ANK-232,Jayanagar,2,2469
2026-11-12,ACC-MI-240,Jayanagar,3,3899
2026-11-12,ACC-MI-243,Jayanagar,1,2469
2026-11-12,ACC-POR-235,Jayanagar,1,599
2026-11-12,ACC-POR-242,Jayanagar,1,1499
2026-11-12,AIR-DAI-176,Jayanagar,2,46999
2026-11-12,AIR-LG-170,Jayanagar,1,32399
2026-11-12,GAM-NIN-220,Jayanagar,1,39239
2026-11-12,GAM-NIN-226,Jayanagar,1,34099
2026-11-12,GAM-NIN-228,Jayanagar,1,47309
2026-11-12,GAM-SON-219,Jayanagar,1,48829
2026-11-12,HEA-BOA-189,Jayanagar,1,20234
2026-11-12,HEA-BOS-181,Jayanagar,3,9899
2026-11-12,HEA-BOS-186,Jayanagar,1,16099
2026-11-12,HEA-BOS-190,Jayanagar,1,28799
2026-11-12,HEA-JBL-187,Jayanagar,1,22704
2026-11-12,HEA-SON-188,Jayanagar,1,4599
2026-11-12,HP-ANC-700,Jayanagar,1,19990
2026-11-12,LAP-ACE-118,Jayanagar,1,52199
2026-11-12,LAP-DEL-124,Jayanagar,1,78899
2026-11-12,LAP-LEN-116,Jayanagar,1,90399
2026-11-12,LAP-LEN-125,Jayanagar,1,79699
2026-11-12,LAP-LEN-126,Jayanagar,1,110299
2026-11-12,REF-LG-152,Jayanagar,1,72009
2026-11-12,REF-WHI-145,Jayanagar,2,51299
2026-11-12,SMA-APP-204,Jayanagar,1,42499
2026-11-12,TEL-LG-138,Jayanagar,1,90699
2026-11-12,TEL-SAM-128,Jayanagar,1,119499
2026-11-12,TEL-SON-139,Jayanagar,1,73299
2026-11-12,TEL-XIA-127,Jayanagar,1,16559
2026-11-12,TEL-XIA-132,Jayanagar,1,107599
2026-11-12,WAS-IFB-153,Jayanagar,1,22499
2026-11-12,WAS-IFB-157,Jayanagar,1,30149
2026-11-12,WM-FL-8KG,Jayanagar,1,33291
2026-11-12,ACC-ANK-239,Koramangala,1,1199
2026-11-12,ACC-BEL-234,Koramangala,2,1499
2026-11-12,ACC-MI-240,Koramangala,1,3899
2026-11-12,ACC-POR-236,Koramangala,2,474
2026-11-12,AIR-BLU-167,Koramangala,1,61599
2026-11-12,AIR-LG-166,Koramangala,1,50499
2026-11-12,AIR-LG-170,Koramangala,1,32399
2026-11-12,CAM-CAN-207,Koramangala,1,91389
2026-11-12,CAM-CAN-213,Koramangala,1,59599
2026-11-12,CAM-NIK-217,Koramangala,1,59199
2026-11-12,CAM-SON-208,Koramangala,1,107499
2026-11-12,GAM-MIC-218,Koramangala,2,50999
2026-11-12,GAM-MIC-223,Koramangala,1,48399
2026-11-12,GAM-NIN-220,Koramangala,1,43599
2026-11-12,GAM-SON-219,Koramangala,2,51399
2026-11-12,GAM-SON-222,Koramangala,1,54699
2026-11-12,HEA-JBL-182,Koramangala,1,24899
2026-11-12,LAP-DEL-122,Koramangala,1,89679
2026-11-12,LAP-DEL-123,Koramangala,2,89909
2026-11-12,LAP-HP-114,Koramangala,1,43604
2026-11-12,LAP-I5-G12,Koramangala,1,56990
2026-11-12,REF-GOD-140,Koramangala,1,30099
2026-11-12,REF-GOD-142,Koramangala,1,40089
2026-11-12,REF-GOD-148,Koramangala,2,65799
2026-11-12,REF-LG-141,Koramangala,1,84899
2026-11-12,REF-LG-149,Koramangala,1,27699
2026-11-12,SMA-AMA-203,Koramangala,1,11609
2026-11-12,SMA-APP-204,Koramangala,1,42499
2026-11-12,SMA-NOI-195,Koramangala,1,25919
2026-11-12,SMA-SAM-113,Koramangala,1,51199
2026-11-12,SMA-SAM-193,Koramangala,1,11499
2026-11-12,SMA-SAM-196,Koramangala,2,18999
2026-11-12,TEL-XIA-127,Koramangala,1,17479
2026-11-12,TEL-XIA-132,Koramangala,3,107599
2026-11-12,TEL-XIA-136,Koramangala,1,54899
2026-11-12,TV-55Q7,Koramangala,2,58990
2026-11-12,WAS-IFB-162,Koramangala,1,16699
2026-11-12,WAS-WHI-161,Koramangala,1,17599
2026-11-12,WM-FL-8KG,Koramangala,1,36990
2026-11-12,ACC-MI-243,Malleshwaram,1,2339
2026-11-12,ACC-POR-236,Malleshwaram,1,499
2026-11-12,ACC-POR-241,Malleshwaram,1,1599
2026-11-12,AIR-DAI-172,Malleshwaram,1,58799
2026-11-12,AIR-DAI-176,Malleshwaram,1,46999
2026-11-12,AIR-LG-171,Malleshwaram,1,57699
2026-11-12,CAM-CAN-206,Malleshwaram,2,67199
2026-11-12,CAM-NIK-215,Malleshwaram,1,42799
2026-11-12,CAM-NIK-216,Malleshwaram,1,81889
2026-11-12,CAM-NIK-217,Malleshwaram,1,53279
2026-11-12,GAM-NIN-226,Malleshwaram,1,32394
2026-11-12,GAM-NIN-229,Malleshwaram,2,50199
2026-11-12,HEA-BOA-191,Malleshwaram,1,23749
2026-11-12,HEA-BOS-190,Malleshwaram,1,28799
2026-11-12,HEA-JBL-185,Malleshwaram,1,12599
2026-11-12,HEA-JBL-187,Malleshwaram,2,21509
2026-11-12,LAP-LEN-125,Malleshwaram,1,71729
2026-11-12,REF-GOD-140,Malleshwaram,1,30099
2026-11-12,REF-GOD-146,Malleshwaram,1,34399
2026-11-12,REF-LG-149,Malleshwaram,2,27699
2026-11-12,REF-WHI-145,Malleshwaram,2,54149
2026-11-12,SMA-APP-198,Malleshwaram,1,26099
2026-11-12,SMA-NOI-194,Malleshwaram,1,3419
2026-11-12,SMA-SAM-108,Malleshwaram,1,55199
2026-11-12,SMA-XIA-111,Malleshwaram,1,65599
2026-11-12,TV-65U8,Malleshwaram,1,64990
2026-11-12,WAS-BOS-165,Malleshwaram,1,42299
2026-11-12,WAS-SAM-156,Malleshwaram,1,27199
2026-11-12,WAS-WHI-161,Malleshwaram,1,15839
2026-11-12,ACC-ANK-233,Whitefield,1,3229
2026-11-12,ACC-ANK-237,Whitefield,1,2899
2026-11-12,ACC-POR-236,Whitefield,1,499
2026-11-12,AIR-LG-169,Whitefield,1,30494
2026-11-12,AIR-VOL-174,Whitefield,1,33569
2026-11-12,AIR-VOL-177,Whitefield,1,32394
2026-11-12,CAM-CAN-206,Whitefield,1,60479
2026-11-12,GAM-MIC-227,Whitefield,1,42654
2026-11-12,GAM-NIN-228,Whitefield,1,47309
2026-11-12,GAM-SON-219,Whitefield,1,51399
2026-11-12,HEA-BOA-183,Whitefield,1,4899
2026-11-12,HEA-JBL-185,Whitefield,2,11969
2026-11-12,HEA-JBL-187,Whitefield,1,21509
2026-11-12,HEA-SON-188,Whitefield,2,4369
2026-11-12,LAP-DEL-115,Whitefield,1,112999
2026-11-12,LAP-DEL-121,Whitefield,1,57869
2026-11-12,LAP-LEN-117,Whitefield,3,58999
2026-11-12,REF-GOD-146,Whitefield,1,34399
2026-11-12,REF-LG-149,Whitefield,2,27699
2026-11-12,REF-LG-151,Whitefield,1,57499
2026-11-12,REF-WHI-145,Whitefield,1,56999
2026-11-12,SMA-APP-109,Whitefield,2,41229
2026-11-12,SMA-NOI-195,Whitefield,1,28799
2026-11-12,SMA-ONE-106,Whitefield,1,75869
2026-11-12,SMA-SAM-101,Whitefield,1,46599
2026-11-12,SMA-XIA-104,Whitefield,2,65429
2026-11-12,TEL-LG-138,Whitefield,2,90699
2026-11-12,TEL-SAM-128,Whitefield,1,119499
2026-11-12,TEL-SON-139,Whitefield,1,69634
2026-11-12,TV-55Q7,Whitefield,1,56040
2026-11-12,WAS-BOS-165,Whitefield,1,42299
2026-11-12,WAS-IFB-153,Whitefield,2,22499
2026-11-12,WAS-LG-155,Whitefield,1,43999
2026-11-12,WAS-LG-160,Whitefield,1,38189
2026-11-12,WAS-WHI-154,Whitefield,1,48399
2026-11-13,ACC-ANK-239,HSR Layout,2,1199
2026-11-13,ACC-MI-243,HSR Layout,1,2339
2026-11-13,AIR-DAI-172,HSR Layout,2,52919
2026-11-13,AIR-LG-166,HSR Layout,1,50499
2026-11-13,AIR-LG-168,HSR Layout,2,32999
2026-11-13,AIR-LG-170,HSR Layout,1,29159
2026-11-13,CAM-CAN-213,HSR Layout,1,53639
2026-11-13,CAM-NIK-209,HSR Layout,2,68599
2026-11-13,CAM-NIK-215,HSR Layout,1,42799
2026-11-13,CAM-NIK-216,HSR Layout,1,81889
2026-11-13,GAM-MIC-218,HSR Layout,1,45899
2026-11-13,GAM-MIC-227,HSR Layout,1,44899
2026-11-13,GAM-NIN-228,HSR Layout,3,49799
2026-11-13,HEA-BOA-183,HSR Layout,1,4899
2026-11-13,HEA-BOA-191,HSR Layout,2,22499
2026-11-13,HEA-BOS-190,HSR Layout,1,27359
2026-11-13,LAP-I5-G13,HSR Layout,1,56990
2026-11-13,LAP-LEN-116,HSR Layout,2,90399
2026-11-13,LAP-LEN-125,HSR Layout,1,79699
2026-11-13,REF-GOD-140,HSR Layout,1,27089
2026-11-13,REF-LG-151,HSR Layout,1,51749
2026-11-13,SMA-APP-199,HSR Layout,1,38999
2026-11-13,SMA-APP-202,HSR Layout,1,23579
2026-11-13,SMA-NOI-195,HSR Layout,4,28799
2026-11-13,SMA-NOI-200,HSR Layout,1,28784
2026-11-13,SMA-XIA-104,HSR Layout,1,72699
2026-11-13,SMA-XIA-111,HSR Layout,1,59039
2026-11-13,TEL-TCL-129,HSR Layout,1,116999
2026-11-13,TEL-XIA-136,HSR Layout,1,54899
2026-11-13,WAS-IFB-157,HSR Layout,1,31824
2026-11-13,ACC-ANK-232,Indiranagar,1,2599
2026-11-13,ACC-BEL-231,Indiranagar,2,499
2026-11-13,ACC-BEL-234,Indiranagar,2,1424
2026-11-13,ACC-MI-243,Indiranagar,1,2599
2026-11-13,ACC-POR-236,Indiranagar,1,499
2026-11-13,ACC-POR-241,Indiranagar,2,1439
2026-11-13,AIR-BLU-178,Indiranagar,1,39199
2026-11-13,AIR-DAI-172,Indiranagar,1,58799
2026-11-13,CAM-CAN-207,Indiranagar,2,86579
2026-11-13,CAM-NIK-216,Indiranagar,1,86199
2026-11-13,CAM-SON-205,Indiranagar,1,51839
2026-11-13,GAM-NIN-226,Indiranagar,3,30689
2026-11-13,GAM-NIN-229,Indiranagar,1,47689
2026-11-13,HEA-BOA-189,Indiranagar,2,21299
2026-11-13,HEA-JBL-180,Indiranagar,1,18089
2026-11-13,HEA-JBL-185,Indiranagar,1,12599
2026-11-13,HEA-SON-179,Indiranagar,2,6599
2026-11-13,HP-ANC-700,Indiranagar,5,17991
2026-11-13,LAP-ACE-118,Indiranagar,1,52199
2026-11-13,LAP-DEL-122,Indiranagar,2,94399
2026-11-13,LAP-DEL-124,Indiranagar,1,78899
2026-11-13,REF-GOD-142,Indiranagar,1,42199
2026-11-13,REF-GOD-146,Indiranagar,1,34399
2026-11-13,REF-LG-152,Indiranagar,4,75799
2026-11-13,SMA-AMA-192,Indiranagar,1,40299
2026-11-13,SMA-AMA-203,Indiranagar,1,12254
2026-11-13,SMA-APP-199,Indiranagar,1,38999
2026-11-13,SMA-APP-202,Indiranagar,1,26199
2026-11-13,SMA-NOI-194,Indiranagar,1,3599
2026-11-13,SMA-NOI-200,Indiranagar,1,27269
2026-11-13,SMA-SAM-112,Indiranagar,2,55099
2026-11-13,SMA-SAM-201,Indiranagar,1,4844
2026-11-13,TEL-XIA-127,Indiranagar,1,18399
2026-11-13,TEL-XIA-132,Indiranagar,1,107599
2026-11-13,ACC-ANK-232,Jayanagar,3,2339
2026-11-13,ACC-BEL-234,Jayanagar,1,1424
2026-11-13,AIR-LG-166,Jayanagar,1,50499
2026-11-13,AIR-LG-170,Jayanagar,1,30779
2026-11-13,AIR-VOL-174,Jayanagar,1,37299
2026-11-13,CAM-NIK-215,Jayanagar,1,38519
2026-11-13,GAM-SON-222,Jayanagar,2,54699
2026-11-13,HEA-BOA-183,Jayanagar,1,4899
2026-11-13,HEA-BOA-189,Jayanagar,1,20234
2026-11-13,HEA-BOS-181,Jayanagar,1,9899
2026-11-13,HEA-JBL-182,Jayanagar,2,24899
2026-11-13,HEA-JBL-185,Jayanagar,1,11339
2026-11-13,LAP-DEL-123,Jayanagar,2,99899
2026-11-13,LAP-DEL-124,Jayanagar,1,78899
2026-11-13,REF-GOD-143,Jayanagar,2,51299
2026-11-13,REF-LG-141,Jayanagar,1,80654
2026-11-13,REF-LG-150,Jayanagar,1,49399
2026-11-13,REF-LG-151,Jayanagar,1,51749
2026-11-13,REF-WHI-145,Jayanagar,1,51299
2026-11-13,SMA-APP-204,Jayanagar,1,42499
2026-11-13,SMA-SAM-112,Jayanagar,2,55099
2026-11-13,SMA-SAM-193,Jayanagar,1,10349
2026-11-13,SW-FIT-3,Jayanagar,1,8999
2026-11-13,TEL-SAM-128,Jayanagar,1,113524
2026-11-13,TEL-SAM-133,Jayanagar,1,48899
2026-11-13,TEL-XIA-136,Jayanagar,1,49409
2026-11-13,WAS-IFB-153,Jayanagar,1,22499
2026-11-13,WAS-IFB-157,Jayanagar,1,33499
2026-11-13,WAS-IFB-162,Jayanagar,2,16699
2026-11-13,WAS-LG-160,Jayanagar,2,40199
2026-11-13,WAS-SAM-156,Jayanagar,2,27199
2026-11-13,WM-FL-8KG,Jayanagar,2,36990
2026-11-13,ACC-ANK-233,Koramangala,1,3399
2026-11-13,ACC-ANK-239,Koramangala,1,1079
2026-11-13,ACC-BEL-238,Koramangala,1,2879
2026-11-13,ACC-MI-243,Koramangala,1,2599
2026-11-13,ACC-POR-236,Koramangala,1,474
2026-11-13,ACC-POR-241,Koramangala,1,1599
2026-11-13,CAM-CAN-207,Koramangala,1,91389
2026-11-13,CAM-CAN-210,Koramangala,1,75509
2026-11-13,CAM-NIK-209,Koramangala,1,68599
2026-11-13,CAM-NIK-217,Koramangala,1,59199
2026-11-13,CAM-SON-208,Koramangala,1,102124
2026-11-13,GAM-MIC-218,Koramangala,1,45899
2026-11-13,GAM-MIC-223,Koramangala,2,48399
2026-11-13,GAM-NIN-228,Koramangala,2,44819
2026-11-13,GAM-SON-219,Koramangala,1,51399
2026-11-13,GAM-SON-222,Koramangala,1,54699
2026-11-13,HEA-BOA-189,Koramangala,1,21299
2026-11-13,HEA-BOA-191,Koramangala,1,24999
2026-11-13,HEA-BOS-181,Koramangala,2,9404
2026-11-13,LAP-ACE-118,Koramangala,2,52199
2026-11-13,REF-GOD-146,Koramangala,1,30959
2026-11-13,REF-GOD-148,Koramangala,1,62509
2026-11-13,REF-LG-141,Koramangala,1,84899
2026-11-13,REF-LG-144,Koramangala,1,32599
2026-11-13,REF-LG-149,Koramangala,2,27699
2026-11-13,REF-SAM-147,Koramangala,1,45199
2026-11-13,SMA-APP-199,Koramangala,2,37049
2026-11-13,SMA-NOI-194,Koramangala,1,3599
2026-11-13,SMA-NOI-197,Koramangala,1,8399
2026-11-13,SMA-ONE-106,Koramangala,1,84299
2026-11-13,SMA-SAM-112,Koramangala,1,55099
2026-11-13,SMA-SAM-193,Koramangala,1,10349
2026-11-13,SMA-SAM-196,Koramangala,1,18049
2026-11-13,TEL-SON-135,Koramangala,1,44174
2026-11-13,TEL-XIA-127,Koramangala,1,18399
2026-11-13,TEL-XIA-132,Koramangala,2,107599
2026-11-13,TV-55Q7,Koramangala,2,58990
2026-11-13,WAS-IFB-157,Koramangala,1,30149
2026-11-13,WAS-WHI-164,Koramangala,2,16244
2026-11-13,WM-FL-8KG,Koramangala,1,36990
2026-11-13,ACC-ANK-233,Malleshwaram,3,3399
2026-11-13,ACC-BEL-238,Malleshwaram,1,3039
2026-11-13,ACC-POR-241,Malleshwaram,1,1439
2026-11-13,ACC-POR-242,Malleshwaram,1,1349
2026-11-13,AIR-BLU-173,Malleshwaram,2,55399
2026-11-13,AIR-DAI-176,Malleshwaram,1,46999
2026-11-13,AIR-LG-170,Malleshwaram,2,32399
2026-11-13,CAM-CAN-206,Malleshwaram,1,67199
2026-11-13,CAM-NIK-212,Malleshwaram,1,94524
2026-11-13,CAM-NIK-215,Malleshwaram,1,42799
2026-11-13,GAM-MIC-223,Malleshwaram,2,48399
2026-11-13,GAM-MIC-225,Malleshwaram,1,52399
2026-11-13,GAM-SON-221,Malleshwaram,1,39239
2026-11-13,HEA-BOA-191,Malleshwaram,1,24999
2026-11-13,HEA-BOS-190,Malleshwaram,1,27359
2026-11-13,HEA-JBL-184,Malleshwaram,1,23399
2026-11-13,HEA-JBL-185,Malleshwaram,1,12599
2026-11-13,HEA-JBL-187,Malleshwaram,1,23899
2026-11-13,HP-ANC-700,Malleshwaram,1,19990
2026-11-13,LAP-ACE-118,Malleshwaram,1,49589
2026-11-13,LAP-ASU-120,Malleshwaram,1,78089
2026-11-13,LAP-HP-114,Malleshwaram,1,45899
2026-11-13,LAP-HP-119,Malleshwaram,1,63359
2026-11-13,LAP-LEN-125,Malleshwaram,1,79699
2026-11-13,REF-GOD-140,Malleshwaram,2,30099
2026-11-13,REF-GOD-143,Malleshwaram,2,48734
2026-11-13,REF-LG-149,Malleshwaram,1,26314
2026-11-13,REF-LG-151,Malleshwaram,1,57499
2026-11-13,REF-WHI-145,Malleshwaram,3,56999
2026-11-13,SMA-APP-198,Malleshwaram,1,26099
2026-11-13,SMA-NOI-197,Malleshwaram,2,7979
2026-11-13,SMA-SAM-108,Malleshwaram,1,55199
2026-11-13,SMA-SAM-196,Malleshwaram,1,17099
2026-11-13,SMA-VIV-102,Malleshwaram,1,35399
2026-11-13,SW-FIT-3,Malleshwaram,1,8549
2026-11-13,TEL-SAM-133,Malleshwaram,1,48899
2026-11-13,TEL-SON-130,Malleshwaram,1,53099
2026-11-13,TEL-TCL-131,Malleshwaram,2,36859
2026-11-13,TEL-XIA-127,Malleshwaram,1,18399
2026-11-13,TEL-XIA-132,Malleshwaram,1,107599
2026-11-13,TV-55Q7,Malleshwaram,2,58990
2026-11-13,WAS-BOS-165,Malleshwaram,1,42299
2026-11-13,WAS-SAM-156,Malleshwaram,1,24479
2026-11-13,WAS-WHI-154,Malleshwaram,1,45979
2026-11-13,WAS-WHI-161,Malleshwaram,2,17599
2026-11-13,ACC-ANK-237,Whitefield,1,2899
2026-11-13,ACC-ANK-239,Whitefield,1,1139
2026-11-13,ACC-POR-235,Whitefield,1,599
2026-11-13,ACC-POR-236,Whitefield,1,474
2026-11-13,AIR-LG-171,Whitefield,1,57699
2026-11-13,AIR-VOL-174,Whitefield,1,35434
2026-11-13,AIR-VOL-177,Whitefield,2,34099
2026-11-13,CAM-NIK-215,Whitefield,1,42799
2026-11-13,GAM-NIN-229,Whitefield,1,50199
2026-11-13,GAM-SON-222,Whitefield,1,51964
2026-11-13,HEA-BOA-183,Whitefield,1,4409
2026-11-13,HEA-JBL-180,Whitefield,2,18089
2026-11-13,HEA-JBL-185,Whitefield,1,12599
2026-11-13,HEA-JBL-187,Whitefield,1,21509
2026-11-13,HEA-SON-188,Whitefield,2,4599
2026-11-13,LAP-DEL-122,Whitefield,1,94399
2026-11-13,LAP-HP-114,Whitefield,1,43604
2026-11-13,LAP-LEN-117,Whitefield,2,56049
2026-11-13,LAP-LEN-125,Whitefield,1,75714
2026-11-13,REF-GOD-140,Whitefield,1,30099
2026-11-13,REF-GOD-142,Whitefield,1,42199
2026-11-13,REF-LG-149,Whitefield,3,27699
2026-11-13,REF-WHI-145,Whitefield,2,56999
2026-11-13,SMA-APP-109,Whitefield,1,41229
2026-11-13,SMA-APP-204,Whitefield,1,42499
2026-11-13,SMA-SAM-101,Whitefield,2,44269
2026-11-13,SMA-XIA-111,Whitefield,1,65599
2026-11-13,TEL-LG-138,Whitefield,2,81629
2026-11-13,TEL-SON-139,Whitefield,1,73299
2026-11-13,TEL-XIA-136,Whitefield,1,54899
2026-11-13,WAS-LG-155,Whitefield,1,43999
2026-11-13,WAS-LG-160,Whitefield,1,40199
2026-11-13,WAS-WHI-154,Whitefield,1,48399
2026-11-14,ACC-ANK-233,HSR Layout,1,3059
2026-11-14,ACC-ANK-239,HSR Layout,1,1199
2026-11-14,ACC-POR-242,HSR Layout,1,1499
2026-11-14,AIR-BLU-173,HSR Layout,1,55399
2026-11-14,AIR-LG-168,HSR Layout,2,32999
2026-11-14,CAM-NIK-211,HSR Layout,1,95039
2026-11-14,CAM-SON-205,HSR Layout,3,57599
2026-11-14,CAM-SON-208,HSR Layout,1,96749
2026-11-14,GAM-MIC-227,HSR Layout,1,44899
2026-11-14,GAM-MIC-230,HSR Layout,1,30299
2026-11-14,GAM-NIN-220,HSR Layout,2,43599
2026-11-14,GAM-NIN-228,HSR Layout,1,49799
2026-11-14,GAM-SON-219,HSR Layout,2,51399
2026-11-14,HEA-BOA-189,HSR Layout,1,20234
2026-11-14,HEA-BOS-181,HSR Layout,1,9404
2026-11-14,HEA-BOS-190,HSR Layout,2,28799
2026-11-14,HEA-SON-179,HSR Layout,1,6599
2026-11-14,LAP-HP-114,HSR Layout,1,45899
2026-11-14,LAP-HP-119,HSR Layout,2,70399
2026-11-14,LAP-I5-G13,HSR Layout,1,56990
2026-11-14,LAP-LEN-117,HSR Layout,2,58999
2026-11-14,LAP-LEN-125,HSR Layout,2,79699
2026-11-14,REF-LG-144,HSR Layout,1,32599
2026-11-14,REF-LG-151,HSR Layout,2,57499
2026-11-14,SMA-APP-199,HSR Layout,1,37049
2026-11-14,SMA-APP-202,HSR Layout,1,26199
2026-11-14,SMA-NOI-194,HSR Layout,2,3599
2026-11-14,SMA-NOI-195,HSR Layout,4,25919
2026-11-14,SMA-ONE-107,HSR Layout,1,66499
2026-11-14,SMA-SAM-101,HSR Layout,2,46599
2026-11-14,SMA-SAM-201,HSR Layout,1,5099
2026-11-14,SW-FIT-3,HSR Layout,3,8099
2026-11-14,TEL-SON-135,HSR Layout,1,44174
2026-11-14,TEL-TCL-137,HSR Layout,1,96699
2026-11-14,TEL-XIA-132,HSR Layout,1,107599
2026-11-14,TEL-XIA-136,HSR Layout,1,52154
2026-11-14,TV-55Q7,HSR Layout,4,56040
2026-11-14,WAS-IFB-157,HSR Layout,1,30149
2026-11-14,WAS-WHI-154,HSR Layout,2,48399
2026-11-14,WM-FL-8KG,HSR Layout,2,35140
2026-11-14,ACC-ANK-237,Indiranagar,5,2899
2026-11-14,ACC-MI-243,Indiranagar,2,2469
2026-11-14,ACC-POR-236,Indiranagar,1,499
2026-11-14,AIR-DAI-172,Indiranagar,1,58799
2026-11-14,CAM-CAN-207,Indiranagar,2,91389
2026-11-14,CAM-CAN-213,Indiranagar,1,59599
2026-11-14,CAM-NIK-209,Indiranagar,1,68599
2026-11-14,CAM-NIK-211,Indiranagar,2,105599
2026-11-14,GAM-MIC-218,Indiranagar,3,48449
2026-11-14,GAM-NIN-229,Indiranagar,2,50199
2026-11-14,GAM-SON-219,Indiranagar,1,46259
2026-11-14,GAM-SON-222,Indiranagar,2,54699
2026-11-14,HEA-BOA-183,Indiranagar,1,4654
2026-11-14,HEA-BOA-189,Indiranagar,4,19169
2026-11-14,HEA-BOS-190,Indiranagar,1,25919
2026-11-14,HEA-JBL-180,Indiranagar,2,20099
2026-11-14,HEA-JBL-185,Indiranagar,3,12599
2026-11-14,HEA-JBL-187,Indiranagar,2,22704
2026-11-14,HEA-SON-179,Indiranagar,1,6269
2026-11-14,HP-ANC-700,Indiranagar,2,18990
2026-11-14,LAP-ACE-118,Indiranagar,4,52199
2026-11-14,LAP-HP-114,Indiranagar,1,45899
2026-11-14,LAP-I5-G13,Indiranagar,1,59990
2026-11-14,REF-GOD-143,Indiranagar,1,46169
2026-11-14,REF-WHI-145,Indiranagar,1,51299
2026-11-14,SMA-APP-110,Indiranagar,1,22859
2026-11-14,SMA-APP-199,Indiranagar,1,38999
2026-11-14,SMA-APP-202,Indiranagar,1,26199
2026-11-14,SMA-NOI-197,Indiranagar,1,8399
2026-11-14,SMA-ONE-103,Indiranagar,1,28499
2026-11-14,SMA-ONE-107,Indiranagar,1,66499
2026-11-14,SMA-SAM-112,Indiranagar,2,55099
2026-11-14,TEL-SAM-128,Indiranagar,1,119499
2026-11-14,TEL-XIA-132,Indiranagar,2,96839
2026-11-14,WAS-IFB-159,Indiranagar,1,34699
2026-11-14,WAS-LG-160,Indiranagar,3,36179
2026-11-14,WAS-WHI-161,Indiranagar,1,15839
2026-11-14,WAS-WHI-164,Indiranagar,1,16244
2026-11-14,ACC-ANK-232,Jayanagar,3,2599
2026-11-14,ACC-BEL-234,Jayanagar,1,1424
2026-11-14,ACC-BEL-238,Jayanagar,1,3039
2026-11-14,ACC-MI-240,Jayanagar,3,3704
2026-11-14,ACC-POR-235,Jayanagar,1,599
2026-11-14,ACC-POR-241,Jayanagar,1,1599
2026-11-14,AIR-DAI-172,Jayanagar,1,58799
2026-11-14,AIR-LG-170,Jayanagar,1,32399
2026-11-14,CAM-CAN-213,Jayanagar,1,59599
2026-11-14,CAM-NIK-217,Jayanagar,1,53279
2026-11-14,CAM-SON-205,Jayanagar,1,57599
2026-11-14,GAM-NIN-226,Jayanagar,2,34099
2026-11-14,GAM-SON-221,Jayanagar,1,39239
2026-11-14,GAM-SON-222,Jayanagar,2,54699
2026-11-14,HEA-BOA-191,Jayanagar,1,24999
2026-11-14,HEA-BOS-181,Jayanagar,2,9899
2026-11-14,HEA-JBL-182,Jayanagar,1,24899
2026-11-14,HEA-SON-188,Jayanagar,1,4599
2026-11-14,LAP-ACE-118,Jayanagar,1,52199
2026-11-14,LAP-ASU-120,Jayanagar,1,78089
2026-11-14,LAP-LEN-125,Jayanagar,1,75714
2026-11-14,REF-GOD-143,Jayanagar,2,46169
2026-11-14,REF-LG-141,Jayanagar,1,84899
2026-11-14,REF-LG-150,Jayanagar,1,46929
2026-11-14,REF-LG-152,Jayanagar,2,75799
2026-11-14,SMA-NOI-195,Jayanagar,1,28799
2026-11-14,SMA-ONE-103,Jayanagar,2,25649
2026-11-14,SMA-SAM-112,Jayanagar,1,49589
2026-11-14,SMA-SAM-193,Jayanagar,1,10349
2026-11-14,TEL-LG-138,Jayanagar,1,86164
2026-11-14,TEL-SAM-128,Jayanagar,1,119499
2026-11-14,TEL-SAM-133,Jayanagar,1,48899
2026-11-14,TEL-TCL-129,Jayanagar,1,105299
2026-11-14,TV-55Q7,Jayanagar,1,58990
2026-11-14,WAS-BOS-165,Jayanagar,2,40184
2026-11-14,WAS-IFB-153,Jayanagar,3,22499
2026-11-14,WAS-IFB-157,Jayanagar,1,31824
2026-11-14,WAS-LG-155,Jayanagar,1,39599
2026-11-14,WAS-WHI-161,Jayanagar,2,17599
2026-11-14,WM-FL-8KG,Jayanagar,1,35140
2026-11-14,ACC-ANK-232,Koramangala,1,2469
2026-11-14,ACC-ANK-233,Koramangala,1,3399
2026-11-14,ACC-BEL-234,Koramangala,1,1349
2026-11-14,ACC-POR-236,Koramangala,3,499
2026-11-14,AIR-BLU-167,Koramangala,1,61599
2026-11-14,CAM-CAN-206,Koramangala,2,67199
2026-11-14,CAM-CAN-210,Koramangala,3,75509
2026-11-14,CAM-NIK-217,Koramangala,1,59199
2026-11-14,GAM-MIC-225,Koramangala,2,52399
2026-11-14,HEA-BOA-191,Koramangala,1,24999
2026-11-14,HEA-BOS-181,Koramangala,1,9899
2026-11-14,HEA-JBL-184,Koramangala,1,23399
2026-11-14,HEA-SON-188,Koramangala,2,4599
2026-11-14,LAP-ACE-118,Koramangala,2,52199
2026-11-14,LAP-DEL-115,Koramangala,1,107349
2026-11-14,LAP-DEL-122,Koramangala,1,94399
2026-11-14,LAP-DEL-123,Koramangala,2,99899
2026-11-14,LAP-I5-G12,Koramangala,1,51291
2026-11-14,LAP-LEN-116,Koramangala,1,81359
2026-11-14,REF-GOD-142,Koramangala,2,37979
2026-11-14,REF-GOD-143,Koramangala,2,46169
2026-11-14,REF-LG-144,Koramangala,1,30969
2026-11-14,REF-LG-149,Koramangala,1,24929
2026-11-14,REF-LG-150,Koramangala,1,44459
2026-11-14,REF-WHI-145,Koramangala,1,56999
2026-11-14,SMA-APP-199,Koramangala,4,37049
2026-11-14,SMA-NOI-195,Koramangala,1,28799
2026-11-14,SMA-NOI-197,Koramangala,1,8399
2026-11-14,SMA-ONE-105,Koramangala,1,44819
2026-11-14,SMA-ONE-106,Koramangala,1,80084
2026-11-14,SMA-SAM-113,Koramangala,2,51199
2026-11-14,SMA-SAM-193,Koramangala,4,11499
2026-11-14,TEL-LG-138,Koramangala,2,90699
2026-11-14,TEL-SON-139,Koramangala,1,69634
2026-11-14,TEL-TCL-129,Koramangala,1,111149
2026-11-14,TEL-XIA-127,Koramangala,1,18399
2026-11-14,TEL-XIA-132,Koramangala,1,107599
2026-11-14,TEL-XIA-134,Koramangala,1,107999
2026-11-14,TV-55Q7,Koramangala,2,53091
2026-11-14,TV-65U8,Koramangala,1,61740
2026-11-14,WAS-BOS-165,Koramangala,1,42299
2026-11-14,WAS-IFB-159,Koramangala,1,34699
2026-11-14,WAS-SAM-156,Koramangala,1,27199
2026-11-14,ACC-ANK-239,Malleshwaram,1,1199
2026-11-14,ACC-POR-241,Malleshwaram,1,1599
2026-11-14,AIR-BLU-173,Malleshwaram,1,55399
2026-11-14,AIR-LG-168,Malleshwaram,1,29699
2026-11-14,AIR-LG-170,Malleshwaram,1,29159
2026-11-14,AIR-VOL-174,Malleshwaram,1,37299
2026-11-14,CAM-NIK-215,Malleshwaram,1,40659
2026-11-14,CAM-SON-205,Malleshwaram,1,51839
2026-11-14,GAM-NIN-226,Malleshwaram,1,32394
2026-11-14,GAM-NIN-229,Malleshwaram,1,45179
2026-11-14,GAM-SON-221,Malleshwaram,1,43599
2026-11-14,HEA-BOA-191,Malleshwaram,1,24999
2026-11-14,HEA-BOS-181,Malleshwaram,1,9899
2026-11-14,HEA-BOS-190,Malleshwaram,5,28799
2026-11-14,HEA-JBL-180,Malleshwaram,1,20099
2026-11-14,HEA-JBL-187,Malleshwaram,1,23899
2026-11-14,LAP-ACE-118,Malleshwaram,2,46979
2026-11-14,LAP-ASU-120,Malleshwaram,2,82199
2026-11-14,LAP-DEL-121,Malleshwaram,2,57869
2026-11-14,LAP-DEL-123,Malleshwaram,1,94904
2026-11-14,LAP-HP-114,Malleshwaram,2,41309
2026-11-14,LAP-HP-119,Malleshwaram,2,63359
2026-11-14,REF-GOD-140,Malleshwaram,3,27089
2026-11-14,REF-GOD-142,Malleshwaram,2,42199
2026-11-14,REF-GOD-143,Malleshwaram,2,51299
2026-11-14,REF-LG-149,Malleshwaram,2,27699
2026-11-14,REF-LG-150,Malleshwaram,1,44459
2026-11-14,REF-LG-151,Malleshwaram,1,57499
2026-11-14,SMA-APP-110,Malleshwaram,1,22859
2026-11-14,SMA-APP-199,Malleshwaram,1,38999
2026-11-14,SMA-APP-202,Malleshwaram,1,26199
2026-11-14,SMA-NOI-197,Malleshwaram,1,8399
2026-11-14,SMA-ONE-106,Malleshwaram,1,80084
2026-11-14,SMA-SAM-112,Malleshwaram,1,55099
2026-11-14,SMA-SAM-201,Malleshwaram,1,5099
2026-11-14,TEL-SON-130,Malleshwaram,2,56049
2026-11-14,TEL-XIA-127,Malleshwaram,3,18399
2026-11-14,TV-55Q7,Malleshwaram,2,56040
2026-11-14,WAS-BOS-165,Malleshwaram,1,42299
2026-11-14,WAS-WHI-154,Malleshwaram,1,48399
2026-11-14,WM-FL-8KG,Malleshwaram,1,36990
2026-11-14,ACC-ANK-232,Whitefield,1,2599
2026-11-14,ACC-ANK-237,Whitefield,1,2754
2026-11-14,ACC-POR-241,Whitefield,3,1519
2026-11-14,AIR-LG-169,Whitefield,2,32099
2026-11-14,AIR-LG-170,Whitefield,1,32399
2026-11-14,AIR-LG-171,Whitefield,1,57699
2026-11-14,AIR-VOL-177,Whitefield,2,30689
2026-11-14,CAM-CAN-213,Whitefield,1,59599
2026-11-14,CAM-CAN-214,Whitefield,1,57299
2026-11-14,CAM-NIK-217,Whitefield,1,56239
2026-11-14,CAM-SON-205,Whitefield,2,57599
2026-11-14,GAM-MIC-227,Whitefield,1,44899
2026-11-14,GAM-NIN-220,Whitefield,2,43599
2026-11-14,GAM-NIN-229,Whitefield,1,45179
2026-11-14,GAM-SON-219,Whitefield,1,46259
2026-11-14,HEA-BOA-189,Whitefield,1,19169
2026-11-14,HEA-BOS-181,Whitefield,2,9404
2026-11-14,HEA-JBL-180,Whitefield,2,20099
2026-11-14,HEA-JBL-182,Whitefield,1,22409
2026-11-14,HEA-JBL-184,Whitefield,3,21059
2026-11-14,HEA-JBL-187,Whitefield,1,23899
2026-11-14,HEA-SON-179,Whitefield,1,6599
2026-11-14,HEA-SON-188,Whitefield,1,4599
2026-11-14,LAP-ASU-120,Whitefield,1,78089
2026-11-14,LAP-DEL-123,Whitefield,1,99899
2026-11-14,LAP-LEN-125,Whitefield,2,79699
2026-11-14,REF-GOD-140,Whitefield,1,30099
2026-11-14,REF-GOD-146,Whitefield,4,32679
2026-11-14,REF-LG-144,Whitefield,2,30969
2026-11-14,REF-LG-149,Whitefield,1,27699
2026-11-14,REF-WHI-145,Whitefield,2,56999
2026-11-14,SMA-APP-198,Whitefield,1,26099
2026-11-14,SMA-APP-202,Whitefield,1,26199
2026-11-14,SMA-NOI-195,Whitefield,1,25919
2026-11-14,SMA-ONE-105,Whitefield,1,47309
2026-11-14,SMA-SAM-101,Whitefield,3,46599
2026-11-14,SMA-SAM-112,Whitefield,2,55099
2026-11-14,SMA-XIA-104,Whitefield,1,72699
2026-11-14,TEL-LG-138,Whitefield,2,86164
2026-11-14,TEL-SAM-128,Whitefield,1,119499
2026-11-14,TEL-SON-130,Whitefield,3,56049
2026-11-14,TEL-SON-135,Whitefield,1,46499
2026-11-14,TEL-SON-139,Whitefield,1,69634
2026-11-14,TEL-XIA-127,Whitefield,1,17479
2026-11-14,TV-55Q7,Whitefield,1,58990
2026-11-14,WAS-BOS-158,Whitefield,1,33999
2026-11-14,WAS-IFB-153,Whitefield,1,21374
2026-11-14,WAS-LG-160,Whitefield,1,40199
2026-11-14,WAS-SAM-163,Whitefield,1,39804
2026-11-14,WAS-WHI-154,Whitefield,1,45979
2026-11-14,WAS-WHI-161,Whitefield,1,16719
2026-11-15,ACC-ANK-239,HSR Layout,1,1079
2026-11-15,ACC-MI-240,HSR Layout,1,3704
2026-11-15,ACC-POR-242,HSR Layout,1,1499
2026-11-15,AIR-LG-166,HSR Layout,3,50499
2026-11-15,AIR-LG-170,HSR Layout,4,30779
2026-11-15,AIR-LG-175,HSR Layout,2,43509
2026-11-15,AIR-VOL-177,HSR Layout,2,34099
2026-11-15,CAM-CAN-210,HSR Layout,1,79704
2026-11-15,CAM-SON-208,HSR Layout,1,107499
2026-11-15,GAM-NIN-228,HSR Layout,2,44819
2026-11-15,GAM-SON-219,HSR Layout,2,51399
2026-11-15,HEA-BOA-191,HSR Layout,2,22499
2026-11-15,HEA-BOS-186,HSR Layout,1,16099
2026-11-15,HEA-JBL-184,HSR Layout,1,23399
2026-11-15,HEA-SON-179,HSR Layout,1,6599
2026-11-15,HEA-SON-188,HSR Layout,1,4599
2026-11-15,LAP-HP-119,HSR Layout,1,66879
2026-11-15,REF-GOD-142,HSR Layout,1,42199
2026-11-15,REF-LG-141,HSR Layout,4,80654
2026-11-15,REF-LG-144,HSR Layout,4,29339
2026-11-15,SMA-APP-109,HSR Layout,2,39059
2026-11-15,SMA-APP-199,HSR Layout,2,37049
2026-11-15,SMA-APP-202,HSR Layout,2,26199
2026-11-15,SMA-NOI-194,HSR Layout,1,3419
2026-11-15,SMA-NOI-195,HSR Layout,1,27359
2026-11-15,SMA-ONE-106,HSR Layout,1,84299
2026-11-15,SMA-SAM-101,HSR Layout,1,41939
2026-11-15,SMA-SAM-113,HSR Layout,1,51199
2026-11-15,SMA-XIA-104,HSR Layout,2,65429
2026-11-15,SMA-XIA-111,HSR Layout,1,65599
2026-11-15,SW-FIT-3,HSR Layout,3,8549
2026-11-15,TEL-SON-130,HSR Layout,1,58999
2026-11-15,TEL-SON-135,HSR Layout,2,41849
2026-11-15,TEL-XIA-132,HSR Layout,1,107599
2026-11-15,TEL-XIA-136,HSR Layout,1,54899
2026-11-15,TV-55Q7,HSR Layout,1,58990
2026-11-15,WAS-BOS-165,HSR Layout,2,40184
2026-11-15,WAS-WHI-154,HSR Layout,2,48399
2026-11-15,WAS-WHI-164,HSR Layout,1,17099
2026-11-15,ACC-ANK-237,Indiranagar,1,2899
2026-11-15,ACC-BEL-231,Indiranagar,1,499
2026-11-15,ACC-MI-243,Indiranagar,1,2599
2026-11-15,ACC-POR-235,Indiranagar,1,599
2026-11-15,ACC-POR-236,Indiranagar,1,499
2026-11-15,ACC-POR-241,Indiranagar,2,1599
2026-11-15,ACC-POR-242,Indiranagar,1,1499
2026-11-15,AIR-DAI-172,Indiranagar,1,58799
2026-11-15,AIR-LG-166,Indiranagar,2,50499
2026-11-15,AIR-LG-168,Indiranagar,1,32999
2026-11-15,CAM-CAN-206,Indiranagar,1,60479
2026-11-15,CAM-CAN-207,Indiranagar,4,96199
2026-11-15,CAM-NIK-211,Indiranagar,1,95039
2026-11-15,CAM-SON-205,Indiranagar,3,51839
2026-11-15,CAM-SON-208,Indiranagar,1,107499
2026-11-15,GAM-MIC-218,Indiranagar,1,50999
2026-11-15,GAM-NIN-226,Indiranagar,1,32394
2026-11-15,GAM-SON-222,Indiranagar,1,54699
2026-11-15,HEA-BOS-181,Indiranagar,2,9899
2026-11-15,HEA-JBL-185,Indiranagar,3,11339
2026-11-15,HEA-JBL-187,Indiranagar,1,23899
2026-11-15,HEA-SON-179,Indiranagar,2,6599
2026-11-15,HP-ANC-700,Indiranagar,8,19990
2026-11-15,LAP-ACE-118,Indiranagar,2,46979
2026-11-15,LAP-DEL-124,Indiranagar,1,78899
2026-11-15,LAP-LEN-126,Indiranagar,2,110299
2026-11-15,REF-GOD-140,Indiranagar,1,27089
2026-11-15,REF-GOD-142,Indiranagar,1,42199
2026-11-15,REF-LG-152,Indiranagar,1,75799
2026-11-15,SMA-APP-199,Indiranagar,1,38999
2026-11-15,SMA-APP-204,Indiranagar,1,42499
2026-11-15,SMA-NOI-197,Indiranagar,1,8399
2026-11-15,SMA-NOI-200,Indiranagar,1,30299
2026-11-15,SMA-ONE-103,Indiranagar,2,28499
2026-11-15,SMA-SAM-112,Indiranagar,1,52344
2026-11-15,SMA-XIA-111,Indiranagar,1,65599
2026-11-15,TEL-SAM-128,Indiranagar,1,119499
2026-11-15,WAS-IFB-159,Indiranagar,2,34699
2026-11-15,WAS-IFB-162,Indiranagar,1,15029
2026-11-15,WAS-WHI-161,Indiranagar,2,16719
2026-11-15,WAS-WHI-164,Indiranagar,1,17099
2026-11-15,ACC-ANK-232,Jayanagar,2,2599
2026-11-15,ACC-MI-240,Jayanagar,1,3899
2026-11-15,ACC-POR-242,Jayanagar,1,1499
2026-11-15,AIR-DAI-176,Jayanagar,2,44649
2026-11-15,AIR-LG-175,Jayanagar,2,45799
2026-11-15,AIR-VOL-177,Jayanagar,3,30689
2026-11-15,CAM-SON-208,Jayanagar,1,107499
2026-11-15,GAM-MIC-230,Jayanagar,1,28784
2026-11-15,GAM-NIN-220,Jayanagar,1,43599
2026-11-15,GAM-NIN-224,Jayanagar,1,28079
2026-11-15,GAM-NIN-226,Jayanagar,1,34099
2026-11-15,HEA-BOA-189,Jayanagar,1,21299
2026-11-15,HEA-JBL-185,Jayanagar,1,12599
2026-11-15,LAP-ASU-120,Jayanagar,1,82199
2026-11-15,LAP-DEL-124,Jayanagar,2,71009
2026-11-15,LAP-LEN-126,Jayanagar,1,110299
2026-11-15,REF-LG-141,Jayanagar,1,76409
2026-11-15,REF-LG-150,Jayanagar,2,49399
2026-11-15,REF-LG-152,Jayanagar,1,72009
2026-11-15,SMA-APP-204,Jayanagar,1,42499
2026-11-15,SMA-NOI-195,Jayanagar,1,25919
2026-11-15,SMA-ONE-107,Jayanagar,1,66499
2026-11-15,SMA-SAM-112,Jayanagar,1,55099
2026-11-15,SMA-SAM-113,Jayanagar,2,46079
2026-11-15,SMA-XIA-111,Jayanagar,2,65599
2026-11-15,TEL-SAM-133,Jayanagar,1,48899
2026-11-15,TEL-SON-139,Jayanagar,2,65969
2026-11-15,TEL-XIA-132,Jayanagar,2,102219
2026-11-15,TV-65U8,Jayanagar,1,61740
2026-11-15,WAS-IFB-153,Jayanagar,2,22499
2026-11-15,WAS-IFB-157,Jayanagar,1,33499
2026-11-15,WAS-IFB-162,Jayanagar,1,15029
2026-11-15,WAS-WHI-161,Jayanagar,2,16719
2026-11-15,WM-FL-8KG,Jayanagar,3,36990
2026-11-15,ACC-ANK-233,Koramangala,1,3059
2026-11-15,ACC-BEL-238,Koramangala,1,3199
2026-11-15,ACC-POR-235,Koramangala,1,599
2026-11-15,AIR-DAI-172,Koramangala,1,58799
2026-11-15,AIR-LG-168,Koramangala,1,31349
2026-11-15,CAM-CAN-207,Koramangala,2,96199
2026-11-15,CAM-NIK-212,Koramangala,1,99499
2026-11-15,CAM-NIK-215,Koramangala,1,38519
2026-11-15,GAM-MIC-218,Koramangala,1,50999
2026-11-15,GAM-MIC-225,Koramangala,1,52399
2026-11-15,GAM-SON-221,Koramangala,2,41419
2026-11-15,HEA-BOA-191,Koramangala,1,23749
2026-11-15,HEA-JBL-182,Koramangala,1,24899
2026-11-15,HEA-JBL-184,Koramangala,1,23399
2026-11-15,HEA-SON-179,Koramangala,3,6599
2026-11-15,HEA-SON-188,Koramangala,1,4599
2026-11-15,LAP-ACE-118,Koramangala,1,52199
2026-11-15,LAP-DEL-122,Koramangala,2,94399
2026-11-15,LAP-DEL-123,Koramangala,1,89909
2026-11-15,LAP-HP-114,Koramangala,1,45899
2026-11-15,LAP-LEN-116,Koramangala,2,90399
2026-11-15,LAP-LEN-125,Koramangala,1,79699
2026-11-15,REF-LG-149,Koramangala,1,26314
2026-11-15,SMA-NOI-194,Koramangala,3,3419
2026-11-15,SMA-ONE-106,Koramangala,1,84299
2026-11-15,SMA-SAM-108,Koramangala,1,55199
2026-11-15,SMA-SAM-113,Koramangala,1,48639
2026-11-15,SMA-SAM-193,Koramangala,6,11499
2026-11-15,SMA-XIA-111,Koramangala,1,59039
2026-11-15,TEL-LG-138,Koramangala,2,81629
2026-11-15,TEL-TCL-131,Koramangala,1,36859
2026-11-15,TEL-XIA-127,Koramangala,1,18399
2026-11-15,TEL-XIA-132,Koramangala,2,107599
2026-11-15,TV-55Q7,Koramangala,2,58990
2026-11-15,WAS-BOS-165,Koramangala,2,42299
2026-11-15,WAS-WHI-154,Koramangala,1,43559
2026-11-15,WM-FL-8KG,Koramangala,2,36990
2026-11-15,ACC-ANK-233,Malleshwaram,1,3399
2026-11-15,ACC-POR-241,Malleshwaram,1,1599
2026-11-15,AIR-BLU-167,Malleshwaram,2,55439
2026-11-15,AIR-LG-169,Malleshwaram,1,32099
2026-11-15,CAM-CAN-206,Malleshwaram,3,67199
2026-11-15,CAM-NIK-212,Malleshwaram,1,89549
2026-11-15,CAM-SON-208,Malleshwaram,1,96749
2026-11-15,GAM-MIC-227,Malleshwaram,1,44899
2026-11-15,GAM-NIN-228,Malleshwaram,1,49799
2026-11-15,GAM-NIN-229,Malleshwaram,2,50199
2026-11-15,GAM-SON-219,Malleshwaram,1,51399
2026-11-15,GAM-SON-221,Malleshwaram,2,43599
2026-11-15,GAM-SON-222,Malleshwaram,1,54699
2026-11-15,HEA-BOA-183,Malleshwaram,1,4899
2026-11-15,HEA-BOS-190,Malleshwaram,3,28799
2026-11-15,HEA-JBL-180,Malleshwaram,2,20099
2026-11-15,HP-ANC-700,Malleshwaram,2,19990
2026-11-15,LAP-ACE-118,Malleshwaram,2,52199
2026-11-15,LAP-DEL-123,Malleshwaram,1,99899
2026-11-15,LAP-DEL-124,Malleshwaram,1,71009
2026-11-15,REF-GOD-140,Malleshwaram,2,30099
2026-11-15,REF-GOD-142,Malleshwaram,1,40089
2026-11-15,REF-GOD-143,Malleshwaram,1,51299
2026-11-15,REF-LG-151,Malleshwaram,3,51749
2026-11-15,REF-WHI-145,Malleshwaram,1,56999
2026-11-15,SMA-APP-109,Malleshwaram,1,41229
2026-11-15,SMA-APP-110,Malleshwaram,1,25399
2026-11-15,SMA-NOI-194,Malleshwaram,1,3599
2026-11-15,SMA-ONE-103,Malleshwaram,1,28499
2026-11-15,SMA-ONE-106,Malleshwaram,2,84299
2026-11-15,SMA-ONE-107,Malleshwaram,1,59849
2026-11-15,SMA-XIA-104,Malleshwaram,1,65429
2026-11-15,TEL-SAM-128,Malleshwaram,1,113524
2026-11-15,TEL-SAM-133,Malleshwaram,1,46454
2026-11-15,TEL-SON-135,Malleshwaram,1,46499
2026-11-15,TEL-SON-139,Malleshwaram,1,73299
2026-11-15,TEL-XIA-132,Malleshwaram,1,107599
2026-11-15,TV-65U8,Malleshwaram,1,61740
2026-11-15,WAS-BOS-165,Malleshwaram,1,42299
2026-11-15,WAS-IFB-159,Malleshwaram,1,34699
2026-11-15,WAS-SAM-156,Malleshwaram,1,27199
2026-11-15,WAS-SAM-163,Malleshwaram,1,41899
2026-11-15,WAS-WHI-154,Malleshwaram,1,48399
2026-11-15,ACC-ANK-233,Whitefield,1,3229
2026-11-15,ACC-ANK-237,Whitefield,1,2754
2026-11-15,ACC-ANK-239,Whitefield,1,1199
2026-11-15,ACC-POR-235,Whitefield,1,539
2026-11-15,ACC-POR-241,Whitefield,1,1599
2026-11-15,AIR-LG-169,Whitefield,1,32099
2026-11-15,AIR-LG-171,Whitefield,1,57699
2026-11-15,AIR-VOL-177,Whitefield,3,34099
2026-11-15,CAM-CAN-206,Whitefield,2,67199
2026-11-15,CAM-CAN-213,Whitefield,1,53639
2026-11-15,CAM-NIK-211,Whitefield,1,95039
2026-11-15,CAM-NIK-215,Whitefield,3,42799
2026-11-15,GAM-MIC-227,Whitefield,2,42654
2026-11-15,GAM-SON-219,Whitefield,1,51399
2026-11-15,GAM-SON-222,Whitefield,1,49229
2026-11-15,HEA-BOA-183,Whitefield,1,4899
2026-11-15,HEA-BOA-189,Whitefield,1,21299
2026-11-15,HEA-JBL-187,Whitefield,1,22704
2026-11-15,HEA-SON-188,Whitefield,1,4599
2026-11-15,LAP-ACE-118,Whitefield,1,52199
2026-11-15,LAP-ASU-120,Whitefield,1,73979
2026-11-15,LAP-DEL-115,Whitefield,1,101699
2026-11-15,LAP-DEL-124,Whitefield,1,78899
2026-11-15,LAP-LEN-116,Whitefield,1,90399
2026-11-15,LAP-LEN-117,Whitefield,2,53099
2026-11-15,REF-GOD-146,Whitefield,2,32679
2026-11-15,REF-LG-144,Whitefield,1,32599
2026-11-15,REF-LG-149,Whitefield,3,26314
2026-11-15,SMA-AMA-192,Whitefield,2,40299
2026-11-15,SMA-APP-109,Whitefield,3,43399
2026-11-15,SMA-APP-202,Whitefield,1,26199
2026-11-15,SMA-NOI-195,Whitefield,1,28799
2026-11-15,SMA-SAM-112,Whitefield,2,49589
2026-11-15,SMA-XIA-104,Whitefield,2,65429
2026-11-15,TEL-SAM-128,Whitefield,3,119499
2026-11-15,TEL-SON-130,Whitefield,1,56049
2026-11-15,TEL-TCL-129,Whitefield,1,116999
2026-11-15,TEL-XIA-132,Whitefield,1,107599
2026-11-15,TEL-XIA-136,Whitefield,1,54899
2026-11-15,WAS-BOS-158,Whitefield,1,30599
2026-11-15,WAS-IFB-153,Whitefield,3,22499
2026-11-15,WAS-WHI-161,Whitefield,1,17599
2026-11-15,WAS-WHI-164,Whitefield,1,16244
